page,page_url,type,label,url
National Parks Webcams,https://www.nationalparkcam.com/national-park-webcam-home,link,National Parks Webcams,https://www.nationalparkcam.com/national-park-webcam-home
National Parks Webcams,https://www.nationalparkcam.com/national-park-webcam-home,link,Acadia Webcam,https://www.nationalparkcam.com/acadia-webcam
National Parks Webcams,https://www.nationalparkcam.com/national-park-webcam-home,link,Arches Webcam,https://www.nationalparkcam.com/arches-webcam
National Parks Webcams,https://www.nationalparkcam.com/national-park-webcam-home,link,Big Bend Webcam,https://www.nationalparkcam.com/big-bend-webcam
National Parks Webcams,https://www.nationalparkcam.com/national-park-webcam-home,link,Black Canyon of the Gunnison Webcam,https://www.nationalparkcam.com/black-canyon-of-the-gunnison-webcam
National Parks Webcams,https://www.nationalparkcam.com/national-park-webcam-home,link,Bryce Canyon Webcam,https://www.nationalparkcam.com/bryce-canyon-webcam
National Parks Webcams,https://www.nationalparkcam.com/national-park-webcam-home,link,Channel Islands Webcam,https://www.nationalparkcam.com/channel-islands-webcam
National Parks Webcams,https://www.nationalparkcam.com/national-park-webcam-home,link,Crater Lake Webcam,https://www.nationalparkcam.com/crater-lake-webcam
National Parks Webcams,https://www.nationalparkcam.com/national-park-webcam-home,link,Denali Webcam,https://www.nationalparkcam.com/denali-webcam
National Parks Webcams,https://www.nationalparkcam.com/national-park-webcam-home,link,Everglades Webcam,https://www.nationalparkcam.com/everglades-webcam
National Parks Webcams,https://www.nationalparkcam.com/national-park-webcam-home,link,Glacier Bay Webcam,https://www.nationalparkcam.com/glacier-bay-webcam
National Parks Webcams,https://www.nationalparkcam.com/national-park-webcam-home,link,Glacier Webcam,https://www.nationalparkcam.com/glacier-webcam
National Parks Webcams,https://www.nationalparkcam.com/national-park-webcam-home,link,Grand Canyon Webcam,https://www.nationalparkcam.com/grand-canyon-webcam
National Parks Webcams,https://www.nationalparkcam.com/national-park-webcam-home,link,Grand Tetons Webcam,https://www.nationalparkcam.com/grand-tetons-webcam
National Parks Webcams,https://www.nationalparkcam.com/national-park-webcam-home,link,Great Smoky Mountains Webcam,https://www.nationalparkcam.com/great-smoky-mountains-webcam
National Parks Webcams,https://www.nationalparkcam.com/national-park-webcam-home,link,Guadalupe Mountains Webcam,https://www.nationalparkcam.com/guadalupe-mountains-webcam
National Parks Webcams,https://www.nationalparkcam.com/national-park-webcam-home,link,Haleakala Webcam,https://www.nationalparkcam.com/haleakala-webcam
National Parks Webcams,https://www.nationalparkcam.com/national-park-webcam-home,link,Hawaii Volcanoes Webcam,https://www.nationalparkcam.com/hawaii-volcanoes-webcam
National Parks Webcams,https://www.nationalparkcam.com/national-park-webcam-home,link,Isle Royale National Park Webcam,https://www.nationalparkcam.com/isle-royale-national-park-webcam
National Parks Webcams,https://www.nationalparkcam.com/national-park-webcam-home,link,Joshua Tree Webcam,https://www.nationalparkcam.com/joshua-tree-webcam
National Parks Webcams,https://www.nationalparkcam.com/national-park-webcam-home,link,Katmai Webcam,https://www.nationalparkcam.com/katmai-webcam
National Parks Webcams,https://www.nationalparkcam.com/national-park-webcam-home,link,Kings Canyon Webcam,https://www.nationalparkcam.com/kings-canyon-webcam
National Parks Webcams,https://www.nationalparkcam.com/national-park-webcam-home,link,Lassen Volcano Webcam,https://www.nationalparkcam.com/lassen-volcano-webcam
National Parks Webcams,https://www.nationalparkcam.com/national-park-webcam-home,link,Mammoth Cave Webcam,https://www.nationalparkcam.com/mammoth-cave-webcam
National Parks Webcams,https://www.nationalparkcam.com/national-park-webcam-home,link,Mount Rainier Webcam,https://www.nationalparkcam.com/mount-rainier-webcam
National Parks Webcams,https://www.nationalparkcam.com/national-park-webcam-home,link,New River Gorge Webcam,https://www.nationalparkcam.com/new-river-gorge-webcam
National Parks Webcams,https://www.nationalparkcam.com/national-park-webcam-home,link,North Cascades Webcam,https://www.nationalparkcam.com/north-cascades-webcam
National Parks Webcams,https://www.nationalparkcam.com/national-park-webcam-home,link,Olympic Webcam,https://www.nationalparkcam.com/olympic-webcam
National Parks Webcams,https://www.nationalparkcam.com/national-park-webcam-home,link,Petrified Forest Webcam,https://www.nationalparkcam.com/petrified-forest-webcam
National Parks Webcams,https://www.nationalparkcam.com/national-park-webcam-home,link,Redwood National Park,https://www.nationalparkcam.com/redwood-national-park
National Parks Webcams,https://www.nationalparkcam.com/national-park-webcam-home,link,Rocky Mountain Webcam,https://www.nationalparkcam.com/rocky-mountain-webcam
National Parks Webcams,https://www.nationalparkcam.com/national-park-webcam-home,link,Shenandoah Webcam,https://www.nationalparkcam.com/shenandoah-webcam
National Parks Webcams,https://www.nationalparkcam.com/national-park-webcam-home,link,Theodore Roosevelt Webcam,https://www.nationalparkcam.com/theodore-roosevelt-webcam
National Parks Webcams,https://www.nationalparkcam.com/national-park-webcam-home,link,Virgin Islands Webcam,https://www.nationalparkcam.com/virgin-islands-webcam
National Parks Webcams,https://www.nationalparkcam.com/national-park-webcam-home,link,Wrangell-St. Elias Webcam,https://www.nationalparkcam.com/wrangell-st-elias-webcam
National Parks Webcams,https://www.nationalparkcam.com/national-park-webcam-home,link,Yellowstone Webcam,https://www.nationalparkcam.com/yellowstone-webcam
National Parks Webcams,https://www.nationalparkcam.com/national-park-webcam-home,link,Yosemite Webcam,https://www.nationalparkcam.com/yosemite-webcam
National Parks Webcams,https://www.nationalparkcam.com/national-park-webcam-home,link,Zion Webcam,https://www.nationalparkcam.com/zion-webcam
National Parks Webcams,https://www.nationalparkcam.com/national-park-webcam-home,link,US National Parks (national-parks.us),https://www.national-parks.us/
National Parks Webcams,https://www.nationalparkcam.com/national-park-webcam-home,link,Isle Royale National Park,https://en.unesco.org/biosphere/eu-na/isle-royale
National Parks Webcams,https://www.nationalparkcam.com/national-park-webcam-home,link,Rocky Mountain National Park,https://en.unesco.org/biosphere/eu-na/rocky-mountain
National Parks Webcams,https://www.nationalparkcam.com/national-park-webcam-home,link,mailto:npcam012@gmail.com,mailto:npcam012@gmail.com
National Parks Webcams,https://www.nationalparkcam.com/national-park-webcam-home,link,NPS.gov Homepage The National Park Service cares for special places saved by the American people so that all may experience our heritage.,https://www.google.com/url?q=https%3A%2F%2Fwww.nps.gov%2Findex.htm&sa=D&sntz=1&usg=AOvVaw1vKyjvDXLWByNUzNE4vqLK
National Parks Webcams,https://www.nationalparkcam.com/national-park-webcam-home,link,"Recreation.gov - Camping, Cabins, RVs, Permits, Passes & More We ' re here to help you dream up your next trip, figure out the details, and reserve experiences at over 3,600 facilities and 103,000 individual sites across the country.",https://www.google.com/url?q=https%3A%2F%2Fwww.recreation.gov%2F&sa=D&sntz=1&usg=AOvVaw3RT-Esypr1mxyjPz11_2r0
National Parks Webcams,https://www.nationalparkcam.com/national-park-webcam-home,link,List of national parks of the United States - Wikipedia,https://www.google.com/url?q=https%3A%2F%2Fen.wikipedia.org%2Fwiki%2FList_of_national_parks_of_the_United_States&sa=D&sntz=1&usg=AOvVaw1dd2Viw9yNH8q7MBbybBOq
National Parks Webcams,https://www.nationalparkcam.com/national-park-webcam-home,link,List of national monuments of the United States - Wikipedia,https://www.google.com/url?q=https%3A%2F%2Fen.wikipedia.org%2Fwiki%2FList_of_national_monuments_of_the_United_States&sa=D&sntz=1&usg=AOvVaw267oEtuWYFbQktRyAa0KQL
National Parks Webcams,https://www.nationalparkcam.com/national-park-webcam-home,link,The NPS App - Digital,https://www.google.com/url?q=https%3A%2F%2Fwww.nps.gov%2Fsubjects%2Fdigital%2Fnps-apps.htm&sa=D&sntz=1&usg=AOvVaw3oqaL-VVrkoWiiJ4nupx0E
National Parks Webcams,https://www.nationalparkcam.com/national-park-webcam-home,link,"The Official Charitable Partner of the National Park Service As the official charitable partner of the National Park Service, we provide resources for the national parks. Support this uniquely American idea.",https://www.google.com/url?q=https%3A%2F%2Fwww.nationalparks.org%2F&sa=D&sntz=1&usg=AOvVaw1ekYZwY5jhVtoJzyLKrDAc
National Parks Webcams,https://www.nationalparkcam.com/national-park-webcam-home,image,Email,https://ssl.gstatic.com/atari/images/sociallinks/email_white_28dp.png
National Parks Webcams,https://www.nationalparkcam.com/national-park-webcam-home,image,Image,https://lh3.googleusercontent.com/docsubipk/AP9E6xUuekWJ5kn6dIB_Qjg9Yw4ki2PRSsi4LmynSoiKDE4D9pxS_QVqTM0Tl0Y7CSr6p-Dn7_UL9s0es7PwB4_vzNzbX_uLnBKYxZXxZDXFzIsTw6z2c9jkyl1SzkRmvlpSfA-nm2CYsguq8QTcrdcS9BQOizC60Ihi6w
National Parks Webcams,https://www.nationalparkcam.com/national-park-webcam-home,image,Image,https://lh3.googleusercontent.com/docsubipk/AP9E6xWoEHgmsrOw2GETaTWnuitR9syuxDA1qbYpUil4I8qeVRnrc57wBzKlbaraXI8jvF_XAhBwpr_H_OcXKwGlxhuTyvqMBuRwe0xea38
National Parks Webcams,https://www.nationalparkcam.com/national-park-webcam-home,image,Image,https://lh3.googleusercontent.com/docsubipk/AP9E6xUhd7JDdgiU8agZOwlk5ng--C8-WWYPFria0TCcZZO4Q83aW4CFRpLyt0sG9X6hqFpxkBmCphBOP1tyxUNIBgIDoo678wCZCUFR0-OS1uEO3LIy6QPv9bX8fQE1nFa5yJ0wCu-NGVYZvAJE5S4XNpo0JnKe3pK3PsufhLppJiJM9FlwCdMBe-V2MkxS0E3ngevCEWahmcj78g
National Parks Webcams,https://www.nationalparkcam.com/national-park-webcam-home,image,Image,https://lh3.googleusercontent.com/docsubipk/AP9E6xVwVbMwS4FlG0gOwpGlPKb89yAmtPHKxA1tlWqsSPmo9XLNKMvrtoLo0VeUijmT9vyMG830jRoEWKQgRUlZiDwimWzaa9GzagdHfPwoyyxpr2kdGg_ovZ16cLWMLOgZmePk33RauVseTNfxdNJIUpbcNGWhQza9MNmuQQuYGAqI8y4vG-pmyrfAEta9saKuFKQH11NCFJR0iZ6bmd0M1c6qqJoXrfkmqcBQA22jA95StKrG4WcfRdoyXgSKThqD9vmMMORnYbguqjJwoGF4mW8xwzD9VMmlJISmox3G4ngaIK_BCVJQ9XbawMgjIpkV8gZtEH9KM3IbbRjnJug
National Parks Webcams,https://www.nationalparkcam.com/national-park-webcam-home,image,Image,https://lh3.googleusercontent.com/docsubipk/AP9E6xUKz8zO9Bb3zla6NOKguRvaHER7uH5vB8-v3JoIvHW0REFoXzxl6-TgJs8u6z64EKf6K9bkVn3QpmInREKjo_J7JbVXNvS_7eIlxjlrBIpF3_HMh960ZUP8kAGEOoWxQ3DMdQ
National Parks Webcams,https://www.nationalparkcam.com/national-park-webcam-home,image,Image,https://lh3.googleusercontent.com/docsubipk/AP9E6xXpv6cq7YNCwNwn2hKVgxVhSm4oV0esmOlJvHXKLB2xa-9COqvRFd1Jhy4eoIO1txqJz-_OOhiaAUtS7HdfhhBkcNP6dTUqOO0vYlR6ZE6V3FBhuT9jcsmqLLPGlfczUA9u3bhSSBtHIXCvJT8PLrWwrziHpBLisuIqIkY91_eo_MyR7Aaa9QHlVk9ov5IEgCI6z-tGtfkL3TU7X936SS97kj7-MQ
National Parks Webcams,https://www.nationalparkcam.com/national-park-webcam-home,embed,Custom embed,google-sites-frame:28cace2c9c31c546_5
National Parks Webcams,https://www.nationalparkcam.com/national-park-webcam-home,embed,Custom embed,google-sites-frame:28cace2c9c31c546_9
Acadia National Park Live Webcams,https://www.nationalparkcam.com/acadia-webcam,link,National Parks Webcams,https://www.nationalparkcam.com/national-park-webcam-home
Acadia National Park Live Webcams,https://www.nationalparkcam.com/acadia-webcam,link,Acadia Webcam,https://www.nationalparkcam.com/acadia-webcam
Acadia National Park Live Webcams,https://www.nationalparkcam.com/acadia-webcam,link,Arches Webcam,https://www.nationalparkcam.com/arches-webcam
Acadia National Park Live Webcams,https://www.nationalparkcam.com/acadia-webcam,link,Big Bend Webcam,https://www.nationalparkcam.com/big-bend-webcam
Acadia National Park Live Webcams,https://www.nationalparkcam.com/acadia-webcam,link,Black Canyon of the Gunnison Webcam,https://www.nationalparkcam.com/black-canyon-of-the-gunnison-webcam
Acadia National Park Live Webcams,https://www.nationalparkcam.com/acadia-webcam,link,Bryce Canyon Webcam,https://www.nationalparkcam.com/bryce-canyon-webcam
Acadia National Park Live Webcams,https://www.nationalparkcam.com/acadia-webcam,link,Channel Islands Webcam,https://www.nationalparkcam.com/channel-islands-webcam
Acadia National Park Live Webcams,https://www.nationalparkcam.com/acadia-webcam,link,Crater Lake Webcam,https://www.nationalparkcam.com/crater-lake-webcam
Acadia National Park Live Webcams,https://www.nationalparkcam.com/acadia-webcam,link,Denali Webcam,https://www.nationalparkcam.com/denali-webcam
Acadia National Park Live Webcams,https://www.nationalparkcam.com/acadia-webcam,link,Everglades Webcam,https://www.nationalparkcam.com/everglades-webcam
Acadia National Park Live Webcams,https://www.nationalparkcam.com/acadia-webcam,link,Glacier Bay Webcam,https://www.nationalparkcam.com/glacier-bay-webcam
Acadia National Park Live Webcams,https://www.nationalparkcam.com/acadia-webcam,link,Glacier Webcam,https://www.nationalparkcam.com/glacier-webcam
Acadia National Park Live Webcams,https://www.nationalparkcam.com/acadia-webcam,link,Grand Canyon Webcam,https://www.nationalparkcam.com/grand-canyon-webcam
Acadia National Park Live Webcams,https://www.nationalparkcam.com/acadia-webcam,link,Grand Tetons Webcam,https://www.nationalparkcam.com/grand-tetons-webcam
Acadia National Park Live Webcams,https://www.nationalparkcam.com/acadia-webcam,link,Great Smoky Mountains Webcam,https://www.nationalparkcam.com/great-smoky-mountains-webcam
Acadia National Park Live Webcams,https://www.nationalparkcam.com/acadia-webcam,link,Guadalupe Mountains Webcam,https://www.nationalparkcam.com/guadalupe-mountains-webcam
Acadia National Park Live Webcams,https://www.nationalparkcam.com/acadia-webcam,link,Haleakala Webcam,https://www.nationalparkcam.com/haleakala-webcam
Acadia National Park Live Webcams,https://www.nationalparkcam.com/acadia-webcam,link,Hawaii Volcanoes Webcam,https://www.nationalparkcam.com/hawaii-volcanoes-webcam
Acadia National Park Live Webcams,https://www.nationalparkcam.com/acadia-webcam,link,Isle Royale National Park Webcam,https://www.nationalparkcam.com/isle-royale-national-park-webcam
Acadia National Park Live Webcams,https://www.nationalparkcam.com/acadia-webcam,link,Joshua Tree Webcam,https://www.nationalparkcam.com/joshua-tree-webcam
Acadia National Park Live Webcams,https://www.nationalparkcam.com/acadia-webcam,link,Katmai Webcam,https://www.nationalparkcam.com/katmai-webcam
Acadia National Park Live Webcams,https://www.nationalparkcam.com/acadia-webcam,link,Kings Canyon Webcam,https://www.nationalparkcam.com/kings-canyon-webcam
Acadia National Park Live Webcams,https://www.nationalparkcam.com/acadia-webcam,link,Lassen Volcano Webcam,https://www.nationalparkcam.com/lassen-volcano-webcam
Acadia National Park Live Webcams,https://www.nationalparkcam.com/acadia-webcam,link,Mammoth Cave Webcam,https://www.nationalparkcam.com/mammoth-cave-webcam
Acadia National Park Live Webcams,https://www.nationalparkcam.com/acadia-webcam,link,Mount Rainier Webcam,https://www.nationalparkcam.com/mount-rainier-webcam
Acadia National Park Live Webcams,https://www.nationalparkcam.com/acadia-webcam,link,New River Gorge Webcam,https://www.nationalparkcam.com/new-river-gorge-webcam
Acadia National Park Live Webcams,https://www.nationalparkcam.com/acadia-webcam,link,North Cascades Webcam,https://www.nationalparkcam.com/north-cascades-webcam
Acadia National Park Live Webcams,https://www.nationalparkcam.com/acadia-webcam,link,Olympic Webcam,https://www.nationalparkcam.com/olympic-webcam
Acadia National Park Live Webcams,https://www.nationalparkcam.com/acadia-webcam,link,Petrified Forest Webcam,https://www.nationalparkcam.com/petrified-forest-webcam
Acadia National Park Live Webcams,https://www.nationalparkcam.com/acadia-webcam,link,Redwood National Park,https://www.nationalparkcam.com/redwood-national-park
Acadia National Park Live Webcams,https://www.nationalparkcam.com/acadia-webcam,link,Rocky Mountain Webcam,https://www.nationalparkcam.com/rocky-mountain-webcam
Acadia National Park Live Webcams,https://www.nationalparkcam.com/acadia-webcam,link,Shenandoah Webcam,https://www.nationalparkcam.com/shenandoah-webcam
Acadia National Park Live Webcams,https://www.nationalparkcam.com/acadia-webcam,link,Theodore Roosevelt Webcam,https://www.nationalparkcam.com/theodore-roosevelt-webcam
Acadia National Park Live Webcams,https://www.nationalparkcam.com/acadia-webcam,link,Virgin Islands Webcam,https://www.nationalparkcam.com/virgin-islands-webcam
Acadia National Park Live Webcams,https://www.nationalparkcam.com/acadia-webcam,link,Wrangell-St. Elias Webcam,https://www.nationalparkcam.com/wrangell-st-elias-webcam
Acadia National Park Live Webcams,https://www.nationalparkcam.com/acadia-webcam,link,Yellowstone Webcam,https://www.nationalparkcam.com/yellowstone-webcam
Acadia National Park Live Webcams,https://www.nationalparkcam.com/acadia-webcam,link,Yosemite Webcam,https://www.nationalparkcam.com/yosemite-webcam
Acadia National Park Live Webcams,https://www.nationalparkcam.com/acadia-webcam,link,Zion Webcam,https://www.nationalparkcam.com/zion-webcam
Acadia National Park Live Webcams,https://www.nationalparkcam.com/acadia-webcam,link,"Acadia National Park Acadia National Park protects the natural beauty of the highest rocky headlands along the Atlantic coastline of the United States, an abundance of habitats, and a rich cultural heritage. At 4 million visits a year, it ' s one of the top 10 most-visited national parks in the United States. Visitors enjoy 27 miles of historic motor roads, 158 miles of hiking trails, and 45 miles of carriage roads.",https://www.google.com/url?q=https%3A%2F%2Fwww.nps.gov%2Facad%2Findex.htm&sa=D&sntz=1&usg=AOvVaw1bXR50kVUOO1mIqIItbx2b
Acadia National Park Live Webcams,https://www.nationalparkcam.com/acadia-webcam,link,website,https://en.wikipedia.org/wiki/Acadia_National_Park
Acadia National Park Live Webcams,https://www.nationalparkcam.com/acadia-webcam,link,NPS website,https://www.nps.gov/acad/planyourvisit/hiking.htm
Acadia National Park Live Webcams,https://www.nationalparkcam.com/acadia-webcam,link,areas,https://www.nps.gov/acad/planyourvisit/groupclimbing.htm
Acadia National Park Live Webcams,https://www.nationalparkcam.com/acadia-webcam,link,recreation.gov.,https://www.recreation.gov/permits/4251902
Acadia National Park Live Webcams,https://www.nationalparkcam.com/acadia-webcam,link,NPS website,https://www.nps.gov/acad/planyourvisit/climbing.htm
Acadia National Park Live Webcams,https://www.nationalparkcam.com/acadia-webcam,link,Bike,https://www.nps.gov/acad/planyourvisit/bicycling.htm
Acadia National Park Live Webcams,https://www.nationalparkcam.com/acadia-webcam,link,Island Explorer,https://www.nps.gov/acad/planyourvisit/island-explorer.htm
Acadia National Park Live Webcams,https://www.nationalparkcam.com/acadia-webcam,link,recreation.gov,https://www.recreation.gov/timed-entry/400000
Acadia National Park Live Webcams,https://www.nationalparkcam.com/acadia-webcam,link,recreation.gov,https://www.recreation.gov/camping/gateways/2554
Acadia National Park Live Webcams,https://www.nationalparkcam.com/acadia-webcam,link,Blackwoods Campground,https://www.nps.gov/acad/planyourvisit/blackwoods-campground.htm
Acadia National Park Live Webcams,https://www.nationalparkcam.com/acadia-webcam,link,Seawall Campground,https://www.nps.gov/acad/planyourvisit/seawall-campground.htm
Acadia National Park Live Webcams,https://www.nationalparkcam.com/acadia-webcam,link,Schoodic Woods Campground,https://www.nps.gov/acad/planyourvisit/schoodic-woods-campground.htm
Acadia National Park Live Webcams,https://www.nationalparkcam.com/acadia-webcam,link,Duck Harbor Campground,https://www.nps.gov/acad/planyourvisit/duckharbor.htm
Acadia National Park Live Webcams,https://www.nationalparkcam.com/acadia-webcam,link,mailto:npcam012@gmail.com,mailto:npcam012@gmail.com
Acadia National Park Live Webcams,https://www.nationalparkcam.com/acadia-webcam,image,Image,https://lh3.googleusercontent.com/docsubipk/AP9E6xX8LQErFq8ni5iS5qWl_np7cKXOGXwKe6Djm1st7gSxpBYEiPoP4wwJV4PLMLAzbT6SFom8hqxdYd7P1RUrSXj6I3FrlyAQIuyOL0v6e2k6cC7gNZJv9s9-p26cy8VIQ2NqmSaRePVaTCOrkPkuTq_q0d4vat-0p8sRVPn-3q0qfx1dwpiEng
Acadia National Park Live Webcams,https://www.nationalparkcam.com/acadia-webcam,image,Email,https://ssl.gstatic.com/atari/images/sociallinks/email_white_28dp.png
Acadia National Park Live Webcams,https://www.nationalparkcam.com/acadia-webcam,embed,Custom embed,google-sites-frame:28cace2c9c31c546_14
Acadia National Park Live Webcams,https://www.nationalparkcam.com/acadia-webcam,embed,Custom embed,google-sites-frame:7260b5227e848ec3_15
Acadia National Park Live Webcams,https://www.nationalparkcam.com/acadia-webcam,embed,"Map, Untitled Location","https://maps-api-ssl.google.com/maps?hl=en-US&ll=44.356471,-68.277005&output=embed&q=44.338583,-68.273849+(Untitled+Location)&z=11"
Acadia National Park Live Webcams,https://www.nationalparkcam.com/acadia-webcam,embed,Custom embed,google-sites-frame:182cac456d9ed5ae_77
Acadia National Park Live Webcams,https://www.nationalparkcam.com/acadia-webcam,embed,Custom embed,google-sites-frame:182cac456d9ed5ae_81
Acadia National Park Live Webcams,https://www.nationalparkcam.com/acadia-webcam,embed,Custom embed,google-sites-frame:422e67ce52bfc7b5_3
Acadia National Park Live Webcams,https://www.nationalparkcam.com/acadia-webcam,embed,"YouTube Video, Bar Harbor, Maine - West View - Bar Harbor Inn",https://www.youtube.com/embed/OteVW3af3BU?embed_config=%7B%22enc%22:%22AXH1ezlj0__h3baXujX9lRNIqoag-F4axw3fE1VZhrndlsiAcXnzqZfBigjGUEYUbW6ZwBaeX9aTIYdba58Dqy9x3Ati4x5Tkd8z4Oj2DVsRuBiJDsUGauk0cKyj0Fad5YeIqv7-HOBXNn9Gepl16j_n8o_Yf07AOr6lBgVj28-c_gwc%22%7D&errorlinks=1
Acadia National Park Live Webcams,https://www.nationalparkcam.com/acadia-webcam,embed,"YouTube Video, Bar Harbor, Maine - Acadia National Park - east cam",https://www.youtube.com/embed/XOPvDfrSt18?embed_config=%7B%22enc%22:%22AXH1eznE4vvghqIwlvPHwdabcf56hiohM3w_BVl0KCxVDXIVOQAH-E5T9tBlCnOZea2Nk1lmP5Bql9eoyHJLDmqd_c-TTtb_k8PBrdLANLRnvPkegLmnzTaW_rqtr-9wGSwRu63zsm09LP-ERC-HJBnS68bDrgQiZiKpMUAT451f-EmN%22%7D&errorlinks=1
Acadia National Park Live Webcams,https://www.nationalparkcam.com/acadia-webcam,embed,"YouTube Video, Southwest Harbor, Maine - Acadia National Park LIVE",https://www.youtube.com/embed/T-wjhfE4Q6Q?embed_config=%7B%22enc%22:%22AXH1ezlHXucKgkU9dYIUZ5aZg9_9eFZoThME_Ej-LYI-hEyFEwi8xPeAmkgEzYiBTzj1LRzhVzDcmI9WiMtxsGjQazsA8ERhpD1XFH8MW7D27dXrrBMqntbLeaWaFeCYFQYy9ZHOTXFzmwdKeqOpqv2cD-dhWxBLKQR_GRGpYVg-A2_q%22%7D&errorlinks=1
Arches Entrance Station.,https://www.nationalparkcam.com/arches-webcam,link,National Parks Webcams,https://www.nationalparkcam.com/national-park-webcam-home
Arches Entrance Station.,https://www.nationalparkcam.com/arches-webcam,link,Acadia Webcam,https://www.nationalparkcam.com/acadia-webcam
Arches Entrance Station.,https://www.nationalparkcam.com/arches-webcam,link,Arches Webcam,https://www.nationalparkcam.com/arches-webcam
Arches Entrance Station.,https://www.nationalparkcam.com/arches-webcam,link,Big Bend Webcam,https://www.nationalparkcam.com/big-bend-webcam
Arches Entrance Station.,https://www.nationalparkcam.com/arches-webcam,link,Black Canyon of the Gunnison Webcam,https://www.nationalparkcam.com/black-canyon-of-the-gunnison-webcam
Arches Entrance Station.,https://www.nationalparkcam.com/arches-webcam,link,Bryce Canyon Webcam,https://www.nationalparkcam.com/bryce-canyon-webcam
Arches Entrance Station.,https://www.nationalparkcam.com/arches-webcam,link,Channel Islands Webcam,https://www.nationalparkcam.com/channel-islands-webcam
Arches Entrance Station.,https://www.nationalparkcam.com/arches-webcam,link,Crater Lake Webcam,https://www.nationalparkcam.com/crater-lake-webcam
Arches Entrance Station.,https://www.nationalparkcam.com/arches-webcam,link,Denali Webcam,https://www.nationalparkcam.com/denali-webcam
Arches Entrance Station.,https://www.nationalparkcam.com/arches-webcam,link,Everglades Webcam,https://www.nationalparkcam.com/everglades-webcam
Arches Entrance Station.,https://www.nationalparkcam.com/arches-webcam,link,Glacier Bay Webcam,https://www.nationalparkcam.com/glacier-bay-webcam
Arches Entrance Station.,https://www.nationalparkcam.com/arches-webcam,link,Glacier Webcam,https://www.nationalparkcam.com/glacier-webcam
Arches Entrance Station.,https://www.nationalparkcam.com/arches-webcam,link,Grand Canyon Webcam,https://www.nationalparkcam.com/grand-canyon-webcam
Arches Entrance Station.,https://www.nationalparkcam.com/arches-webcam,link,Grand Tetons Webcam,https://www.nationalparkcam.com/grand-tetons-webcam
Arches Entrance Station.,https://www.nationalparkcam.com/arches-webcam,link,Great Smoky Mountains Webcam,https://www.nationalparkcam.com/great-smoky-mountains-webcam
Arches Entrance Station.,https://www.nationalparkcam.com/arches-webcam,link,Guadalupe Mountains Webcam,https://www.nationalparkcam.com/guadalupe-mountains-webcam
Arches Entrance Station.,https://www.nationalparkcam.com/arches-webcam,link,Haleakala Webcam,https://www.nationalparkcam.com/haleakala-webcam
Arches Entrance Station.,https://www.nationalparkcam.com/arches-webcam,link,Hawaii Volcanoes Webcam,https://www.nationalparkcam.com/hawaii-volcanoes-webcam
Arches Entrance Station.,https://www.nationalparkcam.com/arches-webcam,link,Isle Royale National Park Webcam,https://www.nationalparkcam.com/isle-royale-national-park-webcam
Arches Entrance Station.,https://www.nationalparkcam.com/arches-webcam,link,Joshua Tree Webcam,https://www.nationalparkcam.com/joshua-tree-webcam
Arches Entrance Station.,https://www.nationalparkcam.com/arches-webcam,link,Katmai Webcam,https://www.nationalparkcam.com/katmai-webcam
Arches Entrance Station.,https://www.nationalparkcam.com/arches-webcam,link,Kings Canyon Webcam,https://www.nationalparkcam.com/kings-canyon-webcam
Arches Entrance Station.,https://www.nationalparkcam.com/arches-webcam,link,Lassen Volcano Webcam,https://www.nationalparkcam.com/lassen-volcano-webcam
Arches Entrance Station.,https://www.nationalparkcam.com/arches-webcam,link,Mammoth Cave Webcam,https://www.nationalparkcam.com/mammoth-cave-webcam
Arches Entrance Station.,https://www.nationalparkcam.com/arches-webcam,link,Mount Rainier Webcam,https://www.nationalparkcam.com/mount-rainier-webcam
Arches Entrance Station.,https://www.nationalparkcam.com/arches-webcam,link,New River Gorge Webcam,https://www.nationalparkcam.com/new-river-gorge-webcam
Arches Entrance Station.,https://www.nationalparkcam.com/arches-webcam,link,North Cascades Webcam,https://www.nationalparkcam.com/north-cascades-webcam
Arches Entrance Station.,https://www.nationalparkcam.com/arches-webcam,link,Olympic Webcam,https://www.nationalparkcam.com/olympic-webcam
Arches Entrance Station.,https://www.nationalparkcam.com/arches-webcam,link,Petrified Forest Webcam,https://www.nationalparkcam.com/petrified-forest-webcam
Arches Entrance Station.,https://www.nationalparkcam.com/arches-webcam,link,Redwood National Park,https://www.nationalparkcam.com/redwood-national-park
Arches Entrance Station.,https://www.nationalparkcam.com/arches-webcam,link,Rocky Mountain Webcam,https://www.nationalparkcam.com/rocky-mountain-webcam
Arches Entrance Station.,https://www.nationalparkcam.com/arches-webcam,link,Shenandoah Webcam,https://www.nationalparkcam.com/shenandoah-webcam
Arches Entrance Station.,https://www.nationalparkcam.com/arches-webcam,link,Theodore Roosevelt Webcam,https://www.nationalparkcam.com/theodore-roosevelt-webcam
Arches Entrance Station.,https://www.nationalparkcam.com/arches-webcam,link,Virgin Islands Webcam,https://www.nationalparkcam.com/virgin-islands-webcam
Arches Entrance Station.,https://www.nationalparkcam.com/arches-webcam,link,Wrangell-St. Elias Webcam,https://www.nationalparkcam.com/wrangell-st-elias-webcam
Arches Entrance Station.,https://www.nationalparkcam.com/arches-webcam,link,Yellowstone Webcam,https://www.nationalparkcam.com/yellowstone-webcam
Arches Entrance Station.,https://www.nationalparkcam.com/arches-webcam,link,Yosemite Webcam,https://www.nationalparkcam.com/yosemite-webcam
Arches Entrance Station.,https://www.nationalparkcam.com/arches-webcam,link,Zion Webcam,https://www.nationalparkcam.com/zion-webcam
Arches Entrance Station.,https://www.nationalparkcam.com/arches-webcam,link,"Arches National Park Discover a landscape of contrasting colors, land forms, and textures unlike any other. The park has over 2,000 natural stone arches, hundreds of soaring pinnacles, massive rock fins, and giant balanced rocks. This red-rock wonderland will amaze you with its formations, refresh you with its trails, and inspire you with its sunsets.",https://www.google.com/url?q=https%3A%2F%2Fwww.nps.gov%2Farch%2Findex.htm&sa=D&sntz=1&usg=AOvVaw18H8WQR3LJI_ReF1CGEo9z
Arches Entrance Station.,https://www.nationalparkcam.com/arches-webcam,link,wikipedia page,https://en.wikipedia.org/wiki/Arches_National_Park
Arches Entrance Station.,https://www.nationalparkcam.com/arches-webcam,link,recreation.gov,https://www.recreation.gov/timed-entry/10088426
Arches Entrance Station.,https://www.nationalparkcam.com/arches-webcam,link,NPS website,https://home.nps.gov/arch/planyourvisit/hiking.htm
Arches Entrance Station.,https://www.nationalparkcam.com/arches-webcam,link,Backcountry Permit Office.,https://www.nps.gov/cany/planyourvisit/backcountry.htm
Arches Entrance Station.,https://www.nationalparkcam.com/arches-webcam,link,National Park website,https://home.nps.gov/arch/planyourvisit/backpacking.htm
Arches Entrance Station.,https://www.nationalparkcam.com/arches-webcam,link,NPS website,https://www.nps.gov/arch/planyourvisit/biking.htm
Arches Entrance Station.,https://www.nationalparkcam.com/arches-webcam,link,Moab Cyclery,https://moabcyclery.com/
Arches Entrance Station.,https://www.nationalparkcam.com/arches-webcam,link,Rim Mountain Bike Tours,https://rimtours.com/
Arches Entrance Station.,https://www.nationalparkcam.com/arches-webcam,link,Recreation.com,https://www.recreation.gov/camping/campgrounds/234059
Arches Entrance Station.,https://www.nationalparkcam.com/arches-webcam,link,Moab,https://www.discovermoab.com/hotels-and-motels/
Arches Entrance Station.,https://www.nationalparkcam.com/arches-webcam,link,mailto:npcam012@gmail.com,mailto:npcam012@gmail.com
Arches Entrance Station.,https://www.nationalparkcam.com/arches-webcam,image,Image,https://lh3.googleusercontent.com/docsubipk/AP9E6xVQLekb3s4nQYN1iIbhhDa2dpFbtuABN5gx8-kEzyufCZx-Xno3I4MZtGBknfKA2ivlSqmGnAtJRmXYasR68k-ayLjXKhl1vrpyPdY2iQss6Aq9W2ShVDkwAoNyxeXy_DMjLo2w-MJlAKQYDK9ZAuegT_JYMrSx5bNasgxw3G4DT5XzkhqmLD0
Arches Entrance Station.,https://www.nationalparkcam.com/arches-webcam,image,Email,https://ssl.gstatic.com/atari/images/sociallinks/email_white_28dp.png
Arches Entrance Station.,https://www.nationalparkcam.com/arches-webcam,embed,Custom embed,google-sites-frame:3622a0bff6a88345_5
Arches Entrance Station.,https://www.nationalparkcam.com/arches-webcam,embed,Custom embed,google-sites-frame:1781c08347d40e2b_28
Arches Entrance Station.,https://www.nationalparkcam.com/arches-webcam,embed,"Map, Untitled Location","https://maps-api-ssl.google.com/maps?hl=en-US&ll=38.674897,-109.604386&output=embed&q=38.697944,-109.582413+(Untitled+Location)&z=10"
Arches Entrance Station.,https://www.nationalparkcam.com/arches-webcam,embed,Custom embed,google-sites-frame:1781c08347d40e2b_51
Arches Entrance Station.,https://www.nationalparkcam.com/arches-webcam,embed,Custom embed,google-sites-frame:1781c08347d40e2b_60
Arches Entrance Station.,https://www.nationalparkcam.com/arches-webcam,embed,Custom embed,google-sites-frame:320a94e6eca9371d_3
Arches Entrance Station.,https://www.nationalparkcam.com/arches-webcam,embed,Custom embed,google-sites-frame:320a94e6eca9371d_8
View from Panther Juntion,https://www.nationalparkcam.com/big-bend-webcam,link,National Parks Webcams,https://www.nationalparkcam.com/national-park-webcam-home
View from Panther Juntion,https://www.nationalparkcam.com/big-bend-webcam,link,Acadia Webcam,https://www.nationalparkcam.com/acadia-webcam
View from Panther Juntion,https://www.nationalparkcam.com/big-bend-webcam,link,Arches Webcam,https://www.nationalparkcam.com/arches-webcam
View from Panther Juntion,https://www.nationalparkcam.com/big-bend-webcam,link,Big Bend Webcam,https://www.nationalparkcam.com/big-bend-webcam
View from Panther Juntion,https://www.nationalparkcam.com/big-bend-webcam,link,Black Canyon of the Gunnison Webcam,https://www.nationalparkcam.com/black-canyon-of-the-gunnison-webcam
View from Panther Juntion,https://www.nationalparkcam.com/big-bend-webcam,link,Bryce Canyon Webcam,https://www.nationalparkcam.com/bryce-canyon-webcam
View from Panther Juntion,https://www.nationalparkcam.com/big-bend-webcam,link,Channel Islands Webcam,https://www.nationalparkcam.com/channel-islands-webcam
View from Panther Juntion,https://www.nationalparkcam.com/big-bend-webcam,link,Crater Lake Webcam,https://www.nationalparkcam.com/crater-lake-webcam
View from Panther Juntion,https://www.nationalparkcam.com/big-bend-webcam,link,Denali Webcam,https://www.nationalparkcam.com/denali-webcam
View from Panther Juntion,https://www.nationalparkcam.com/big-bend-webcam,link,Everglades Webcam,https://www.nationalparkcam.com/everglades-webcam
View from Panther Juntion,https://www.nationalparkcam.com/big-bend-webcam,link,Glacier Bay Webcam,https://www.nationalparkcam.com/glacier-bay-webcam
View from Panther Juntion,https://www.nationalparkcam.com/big-bend-webcam,link,Glacier Webcam,https://www.nationalparkcam.com/glacier-webcam
View from Panther Juntion,https://www.nationalparkcam.com/big-bend-webcam,link,Grand Canyon Webcam,https://www.nationalparkcam.com/grand-canyon-webcam
View from Panther Juntion,https://www.nationalparkcam.com/big-bend-webcam,link,Grand Tetons Webcam,https://www.nationalparkcam.com/grand-tetons-webcam
View from Panther Juntion,https://www.nationalparkcam.com/big-bend-webcam,link,Great Smoky Mountains Webcam,https://www.nationalparkcam.com/great-smoky-mountains-webcam
View from Panther Juntion,https://www.nationalparkcam.com/big-bend-webcam,link,Guadalupe Mountains Webcam,https://www.nationalparkcam.com/guadalupe-mountains-webcam
View from Panther Juntion,https://www.nationalparkcam.com/big-bend-webcam,link,Haleakala Webcam,https://www.nationalparkcam.com/haleakala-webcam
View from Panther Juntion,https://www.nationalparkcam.com/big-bend-webcam,link,Hawaii Volcanoes Webcam,https://www.nationalparkcam.com/hawaii-volcanoes-webcam
View from Panther Juntion,https://www.nationalparkcam.com/big-bend-webcam,link,Isle Royale National Park Webcam,https://www.nationalparkcam.com/isle-royale-national-park-webcam
View from Panther Juntion,https://www.nationalparkcam.com/big-bend-webcam,link,Joshua Tree Webcam,https://www.nationalparkcam.com/joshua-tree-webcam
View from Panther Juntion,https://www.nationalparkcam.com/big-bend-webcam,link,Katmai Webcam,https://www.nationalparkcam.com/katmai-webcam
View from Panther Juntion,https://www.nationalparkcam.com/big-bend-webcam,link,Kings Canyon Webcam,https://www.nationalparkcam.com/kings-canyon-webcam
View from Panther Juntion,https://www.nationalparkcam.com/big-bend-webcam,link,Lassen Volcano Webcam,https://www.nationalparkcam.com/lassen-volcano-webcam
View from Panther Juntion,https://www.nationalparkcam.com/big-bend-webcam,link,Mammoth Cave Webcam,https://www.nationalparkcam.com/mammoth-cave-webcam
View from Panther Juntion,https://www.nationalparkcam.com/big-bend-webcam,link,Mount Rainier Webcam,https://www.nationalparkcam.com/mount-rainier-webcam
View from Panther Juntion,https://www.nationalparkcam.com/big-bend-webcam,link,New River Gorge Webcam,https://www.nationalparkcam.com/new-river-gorge-webcam
View from Panther Juntion,https://www.nationalparkcam.com/big-bend-webcam,link,North Cascades Webcam,https://www.nationalparkcam.com/north-cascades-webcam
View from Panther Juntion,https://www.nationalparkcam.com/big-bend-webcam,link,Olympic Webcam,https://www.nationalparkcam.com/olympic-webcam
View from Panther Juntion,https://www.nationalparkcam.com/big-bend-webcam,link,Petrified Forest Webcam,https://www.nationalparkcam.com/petrified-forest-webcam
View from Panther Juntion,https://www.nationalparkcam.com/big-bend-webcam,link,Redwood National Park,https://www.nationalparkcam.com/redwood-national-park
View from Panther Juntion,https://www.nationalparkcam.com/big-bend-webcam,link,Rocky Mountain Webcam,https://www.nationalparkcam.com/rocky-mountain-webcam
View from Panther Juntion,https://www.nationalparkcam.com/big-bend-webcam,link,Shenandoah Webcam,https://www.nationalparkcam.com/shenandoah-webcam
View from Panther Juntion,https://www.nationalparkcam.com/big-bend-webcam,link,Theodore Roosevelt Webcam,https://www.nationalparkcam.com/theodore-roosevelt-webcam
View from Panther Juntion,https://www.nationalparkcam.com/big-bend-webcam,link,Virgin Islands Webcam,https://www.nationalparkcam.com/virgin-islands-webcam
View from Panther Juntion,https://www.nationalparkcam.com/big-bend-webcam,link,Wrangell-St. Elias Webcam,https://www.nationalparkcam.com/wrangell-st-elias-webcam
View from Panther Juntion,https://www.nationalparkcam.com/big-bend-webcam,link,Yellowstone Webcam,https://www.nationalparkcam.com/yellowstone-webcam
View from Panther Juntion,https://www.nationalparkcam.com/big-bend-webcam,link,Yosemite Webcam,https://www.nationalparkcam.com/yosemite-webcam
View from Panther Juntion,https://www.nationalparkcam.com/big-bend-webcam,link,Zion Webcam,https://www.nationalparkcam.com/zion-webcam
View from Panther Juntion,https://www.nationalparkcam.com/big-bend-webcam,link,"Big Bend National Park There is a place in Far West Texas where night skies are dark as coal and rivers carve temple-like canyons in ancient limestone. Here, at the end of the road, hundreds of bird species take refuge in a solitary mountain range surrounded by weather-beaten desert. Tenacious cactus bloom in sublime southwestern sun, and species diversity is the best in the country. This magical place is Big Bend...",https://www.google.com/url?q=https%3A%2F%2Fwww.nps.gov%2Fbibe%2Findex.htm&sa=D&sntz=1&usg=AOvVaw2Z7rzCH00emQN7oNvsZC49
View from Panther Juntion,https://www.nationalparkcam.com/big-bend-webcam,link,wikipedia page,https://en.wikipedia.org/wiki/Big_Bend_National_Park
View from Panther Juntion,https://www.nationalparkcam.com/big-bend-webcam,link,NPS website,https://www.nps.gov/bibe/planyourvisit/day_hikes.htm
View from Panther Juntion,https://www.nationalparkcam.com/big-bend-webcam,link,recreation.gov,https://www.recreation.gov/camping/campgrounds/10028875
View from Panther Juntion,https://www.nationalparkcam.com/big-bend-webcam,link,Maverick,https://www.nps.gov/bibe/planyourvisit/campsites_oldmaverickroad.htm
View from Panther Juntion,https://www.nationalparkcam.com/big-bend-webcam,link,River Road,https://www.nps.gov/bibe/planyourvisit/campsites_riverroad.htm
View from Panther Juntion,https://www.nationalparkcam.com/big-bend-webcam,link,NPS site,https://home.nps.gov/bibe/planyourvisit/bc_usepermits.htm
View from Panther Juntion,https://www.nationalparkcam.com/big-bend-webcam,link,Marufo Vega Trail,https://home.nps.gov/bibe/planyourvisit/bc_marufovega.htm
View from Panther Juntion,https://www.nationalparkcam.com/big-bend-webcam,link,Desert,https://www.nps.gov/bibe/planyourvisit/desert_hikes.htm
View from Panther Juntion,https://www.nationalparkcam.com/big-bend-webcam,link,Mountain,https://www.nps.gov/bibe/planyourvisit/mountain_hikes.htm
View from Panther Juntion,https://www.nationalparkcam.com/big-bend-webcam,link,River,https://www.nps.gov/bibe/planyourvisit/river_hikes.htm
View from Panther Juntion,https://www.nationalparkcam.com/big-bend-webcam,link,NPS website,https://www.nps.gov/bibe/planyourvisit/river-trips.htm
View from Panther Juntion,https://www.nationalparkcam.com/big-bend-webcam,link,NPS website,https://www.nps.gov/bibe/planyourvisit/biking.htm
View from Panther Juntion,https://www.nationalparkcam.com/big-bend-webcam,link,recreation.gov,https://www.recreation.gov/camping/gateways/2584
View from Panther Juntion,https://www.nationalparkcam.com/big-bend-webcam,link,Rio Grande Village RV,https://www.chisosmountainslodge.com/lodging/rio-grande-village-rv-park/
View from Panther Juntion,https://www.nationalparkcam.com/big-bend-webcam,link,Chisos Mountains Lodge,https://www.nps.gov/bibe/planyourvisit/lodging.htm
View from Panther Juntion,https://www.nationalparkcam.com/big-bend-webcam,link,Restaurants,https://www.nps.gov/bibe/planyourvisit/dininginthepark.htm
View from Panther Juntion,https://www.nationalparkcam.com/big-bend-webcam,link,Grocery Stores,https://www.nps.gov/bibe/planyourvisit/goodsandservices.htm
View from Panther Juntion,https://www.nationalparkcam.com/big-bend-webcam,link,mailto:npcam012@gmail.com,mailto:npcam012@gmail.com
View from Panther Juntion,https://www.nationalparkcam.com/big-bend-webcam,image,Image,https://lh3.googleusercontent.com/docsubipk/AP9E6xWdEoS36EeNFa_pJowhBL2bVb29gOLJQklNuFN-HbDhxoy2yLfiLfBn0mj3P5SnPAZxokulexDop4zQn5tAY-FXQnmndwe-fKTi6EW53W8EK-G2MmsBqfcufJtGof1_kv-usgJ8hi3flFJb-S_b27W3wwUDl8YwPA3eMcEHoNbxK3yTtez-Q9E
View from Panther Juntion,https://www.nationalparkcam.com/big-bend-webcam,image,Email,https://ssl.gstatic.com/atari/images/sociallinks/email_white_28dp.png
View from Panther Juntion,https://www.nationalparkcam.com/big-bend-webcam,embed,Custom embed,google-sites-frame:3622a0bff6a88345_9
View from Panther Juntion,https://www.nationalparkcam.com/big-bend-webcam,embed,Custom embed,google-sites-frame:28adbe52d3bd826d_9
View from Panther Juntion,https://www.nationalparkcam.com/big-bend-webcam,embed,"Map, Untitled Location","https://maps-api-ssl.google.com/maps?hl=en-US&ll=29.259187,-103.287243&output=embed&q=29.258738,-103.292049+(Untitled+Location)&z=12"
View from Panther Juntion,https://www.nationalparkcam.com/big-bend-webcam,embed,Custom embed,google-sites-frame:28adbe52d3bd826d_33
Black Canyon of the Gunnison National Park Live Webcams,https://www.nationalparkcam.com/black-canyon-of-the-gunnison-webcam,link,National Parks Webcams,https://www.nationalparkcam.com/national-park-webcam-home
Black Canyon of the Gunnison National Park Live Webcams,https://www.nationalparkcam.com/black-canyon-of-the-gunnison-webcam,link,Acadia Webcam,https://www.nationalparkcam.com/acadia-webcam
Black Canyon of the Gunnison National Park Live Webcams,https://www.nationalparkcam.com/black-canyon-of-the-gunnison-webcam,link,Arches Webcam,https://www.nationalparkcam.com/arches-webcam
Black Canyon of the Gunnison National Park Live Webcams,https://www.nationalparkcam.com/black-canyon-of-the-gunnison-webcam,link,Big Bend Webcam,https://www.nationalparkcam.com/big-bend-webcam
Black Canyon of the Gunnison National Park Live Webcams,https://www.nationalparkcam.com/black-canyon-of-the-gunnison-webcam,link,Black Canyon of the Gunnison Webcam,https://www.nationalparkcam.com/black-canyon-of-the-gunnison-webcam
Black Canyon of the Gunnison National Park Live Webcams,https://www.nationalparkcam.com/black-canyon-of-the-gunnison-webcam,link,Bryce Canyon Webcam,https://www.nationalparkcam.com/bryce-canyon-webcam
Black Canyon of the Gunnison National Park Live Webcams,https://www.nationalparkcam.com/black-canyon-of-the-gunnison-webcam,link,Channel Islands Webcam,https://www.nationalparkcam.com/channel-islands-webcam
Black Canyon of the Gunnison National Park Live Webcams,https://www.nationalparkcam.com/black-canyon-of-the-gunnison-webcam,link,Crater Lake Webcam,https://www.nationalparkcam.com/crater-lake-webcam
Black Canyon of the Gunnison National Park Live Webcams,https://www.nationalparkcam.com/black-canyon-of-the-gunnison-webcam,link,Denali Webcam,https://www.nationalparkcam.com/denali-webcam
Black Canyon of the Gunnison National Park Live Webcams,https://www.nationalparkcam.com/black-canyon-of-the-gunnison-webcam,link,Everglades Webcam,https://www.nationalparkcam.com/everglades-webcam
Black Canyon of the Gunnison National Park Live Webcams,https://www.nationalparkcam.com/black-canyon-of-the-gunnison-webcam,link,Glacier Bay Webcam,https://www.nationalparkcam.com/glacier-bay-webcam
Black Canyon of the Gunnison National Park Live Webcams,https://www.nationalparkcam.com/black-canyon-of-the-gunnison-webcam,link,Glacier Webcam,https://www.nationalparkcam.com/glacier-webcam
Black Canyon of the Gunnison National Park Live Webcams,https://www.nationalparkcam.com/black-canyon-of-the-gunnison-webcam,link,Grand Canyon Webcam,https://www.nationalparkcam.com/grand-canyon-webcam
Black Canyon of the Gunnison National Park Live Webcams,https://www.nationalparkcam.com/black-canyon-of-the-gunnison-webcam,link,Grand Tetons Webcam,https://www.nationalparkcam.com/grand-tetons-webcam
Black Canyon of the Gunnison National Park Live Webcams,https://www.nationalparkcam.com/black-canyon-of-the-gunnison-webcam,link,Great Smoky Mountains Webcam,https://www.nationalparkcam.com/great-smoky-mountains-webcam
Black Canyon of the Gunnison National Park Live Webcams,https://www.nationalparkcam.com/black-canyon-of-the-gunnison-webcam,link,Guadalupe Mountains Webcam,https://www.nationalparkcam.com/guadalupe-mountains-webcam
Black Canyon of the Gunnison National Park Live Webcams,https://www.nationalparkcam.com/black-canyon-of-the-gunnison-webcam,link,Haleakala Webcam,https://www.nationalparkcam.com/haleakala-webcam
Black Canyon of the Gunnison National Park Live Webcams,https://www.nationalparkcam.com/black-canyon-of-the-gunnison-webcam,link,Hawaii Volcanoes Webcam,https://www.nationalparkcam.com/hawaii-volcanoes-webcam
Black Canyon of the Gunnison National Park Live Webcams,https://www.nationalparkcam.com/black-canyon-of-the-gunnison-webcam,link,Isle Royale National Park Webcam,https://www.nationalparkcam.com/isle-royale-national-park-webcam
Black Canyon of the Gunnison National Park Live Webcams,https://www.nationalparkcam.com/black-canyon-of-the-gunnison-webcam,link,Joshua Tree Webcam,https://www.nationalparkcam.com/joshua-tree-webcam
Black Canyon of the Gunnison National Park Live Webcams,https://www.nationalparkcam.com/black-canyon-of-the-gunnison-webcam,link,Katmai Webcam,https://www.nationalparkcam.com/katmai-webcam
Black Canyon of the Gunnison National Park Live Webcams,https://www.nationalparkcam.com/black-canyon-of-the-gunnison-webcam,link,Kings Canyon Webcam,https://www.nationalparkcam.com/kings-canyon-webcam
Black Canyon of the Gunnison National Park Live Webcams,https://www.nationalparkcam.com/black-canyon-of-the-gunnison-webcam,link,Lassen Volcano Webcam,https://www.nationalparkcam.com/lassen-volcano-webcam
Black Canyon of the Gunnison National Park Live Webcams,https://www.nationalparkcam.com/black-canyon-of-the-gunnison-webcam,link,Mammoth Cave Webcam,https://www.nationalparkcam.com/mammoth-cave-webcam
Black Canyon of the Gunnison National Park Live Webcams,https://www.nationalparkcam.com/black-canyon-of-the-gunnison-webcam,link,Mount Rainier Webcam,https://www.nationalparkcam.com/mount-rainier-webcam
Black Canyon of the Gunnison National Park Live Webcams,https://www.nationalparkcam.com/black-canyon-of-the-gunnison-webcam,link,New River Gorge Webcam,https://www.nationalparkcam.com/new-river-gorge-webcam
Black Canyon of the Gunnison National Park Live Webcams,https://www.nationalparkcam.com/black-canyon-of-the-gunnison-webcam,link,North Cascades Webcam,https://www.nationalparkcam.com/north-cascades-webcam
Black Canyon of the Gunnison National Park Live Webcams,https://www.nationalparkcam.com/black-canyon-of-the-gunnison-webcam,link,Olympic Webcam,https://www.nationalparkcam.com/olympic-webcam
Black Canyon of the Gunnison National Park Live Webcams,https://www.nationalparkcam.com/black-canyon-of-the-gunnison-webcam,link,Petrified Forest Webcam,https://www.nationalparkcam.com/petrified-forest-webcam
Black Canyon of the Gunnison National Park Live Webcams,https://www.nationalparkcam.com/black-canyon-of-the-gunnison-webcam,link,Redwood National Park,https://www.nationalparkcam.com/redwood-national-park
Black Canyon of the Gunnison National Park Live Webcams,https://www.nationalparkcam.com/black-canyon-of-the-gunnison-webcam,link,Rocky Mountain Webcam,https://www.nationalparkcam.com/rocky-mountain-webcam
Black Canyon of the Gunnison National Park Live Webcams,https://www.nationalparkcam.com/black-canyon-of-the-gunnison-webcam,link,Shenandoah Webcam,https://www.nationalparkcam.com/shenandoah-webcam
Black Canyon of the Gunnison National Park Live Webcams,https://www.nationalparkcam.com/black-canyon-of-the-gunnison-webcam,link,Theodore Roosevelt Webcam,https://www.nationalparkcam.com/theodore-roosevelt-webcam
Black Canyon of the Gunnison National Park Live Webcams,https://www.nationalparkcam.com/black-canyon-of-the-gunnison-webcam,link,Virgin Islands Webcam,https://www.nationalparkcam.com/virgin-islands-webcam
Black Canyon of the Gunnison National Park Live Webcams,https://www.nationalparkcam.com/black-canyon-of-the-gunnison-webcam,link,Wrangell-St. Elias Webcam,https://www.nationalparkcam.com/wrangell-st-elias-webcam
Black Canyon of the Gunnison National Park Live Webcams,https://www.nationalparkcam.com/black-canyon-of-the-gunnison-webcam,link,Yellowstone Webcam,https://www.nationalparkcam.com/yellowstone-webcam
Black Canyon of the Gunnison National Park Live Webcams,https://www.nationalparkcam.com/black-canyon-of-the-gunnison-webcam,link,Yosemite Webcam,https://www.nationalparkcam.com/yosemite-webcam
Black Canyon of the Gunnison National Park Live Webcams,https://www.nationalparkcam.com/black-canyon-of-the-gunnison-webcam,link,Zion Webcam,https://www.nationalparkcam.com/zion-webcam
Black Canyon of the Gunnison National Park Live Webcams,https://www.nationalparkcam.com/black-canyon-of-the-gunnison-webcam,link,"Black Canyon Of The Gunnison National Park Big enough to be overwhelming, still intimate enough to feel the pulse of time, Black Canyon of the Gunnison National Park exposes you to some of the steepest cliffs, oldest rock, and craggiest spires in North America. With two million years to work, the Gunnison River, along with the forces of weathering, has sculpted this vertical wilderness of rock, water, and sky.",https://www.google.com/url?q=https%3A%2F%2Fwww.nps.gov%2Fblca%2Findex.htm&sa=D&sntz=1&usg=AOvVaw0-KNG8gfLCaeCJe_Xhgq-I
Black Canyon of the Gunnison National Park Live Webcams,https://www.nationalparkcam.com/black-canyon-of-the-gunnison-webcam,link,Wikipedia site,https://en.wikipedia.org/wiki/Black_Canyon_of_the_Gunnison_National_Park
Black Canyon of the Gunnison National Park Live Webcams,https://www.nationalparkcam.com/black-canyon-of-the-gunnison-webcam,link,NPS website,https://www.nps.gov/blca/planyourvisit/hikingtrails.htm
Black Canyon of the Gunnison National Park Live Webcams,https://www.nationalparkcam.com/black-canyon-of-the-gunnison-webcam,link,NPS website,https://www.nps.gov/blca/planyourvisit/fishing.htm
Black Canyon of the Gunnison National Park Live Webcams,https://www.nationalparkcam.com/black-canyon-of-the-gunnison-webcam,link,recreation.gov,https://www.recreation.gov/search?q=Black%20Canyon%20of%20the%20Gunnison%20National%20Park&entity_id=2592&entity_type=recarea
Black Canyon of the Gunnison National Park Live Webcams,https://www.nationalparkcam.com/black-canyon-of-the-gunnison-webcam,link,NPS website,https://www.nps.gov/blca/planyourvisit/camping.htm
Black Canyon of the Gunnison National Park Live Webcams,https://www.nationalparkcam.com/black-canyon-of-the-gunnison-webcam,link,South Rim Campground,https://www.nps.gov/blca/planyourvisit/camp_southrim.htm
Black Canyon of the Gunnison National Park Live Webcams,https://www.nationalparkcam.com/black-canyon-of-the-gunnison-webcam,link,North Rim Campground,https://www.nps.gov/blca/planyourvisit/camp_northrim.htm
Black Canyon of the Gunnison National Park Live Webcams,https://www.nationalparkcam.com/black-canyon-of-the-gunnison-webcam,link,East Portal Campground,https://www.nps.gov/blca/planyourvisit/camp_east_portal.htm
Black Canyon of the Gunnison National Park Live Webcams,https://www.nationalparkcam.com/black-canyon-of-the-gunnison-webcam,link,mailto:npcam012@gmail.com,mailto:npcam012@gmail.com
Black Canyon of the Gunnison National Park Live Webcams,https://www.nationalparkcam.com/black-canyon-of-the-gunnison-webcam,image,Image,https://lh3.googleusercontent.com/docsubipk/AP9E6xVAJGHvna5lm3m6GfqWBMPIeD_JcuBYxzlpvT9v_kJhl3bPEnu9K6BX4W5wFHu0xnNQTtx_pqiTxGg_nLBd3ieymM7Kf8cLWkqDtCN6bKe7AFdxaFoLeIENSWaWW9XlMk5erzjoyeyZpzywngFRfdISwAOMeN5IGCr78TdIwvkZ3mhRbhXHpOA
Black Canyon of the Gunnison National Park Live Webcams,https://www.nationalparkcam.com/black-canyon-of-the-gunnison-webcam,image,Email,https://ssl.gstatic.com/atari/images/sociallinks/email_white_28dp.png
Black Canyon of the Gunnison National Park Live Webcams,https://www.nationalparkcam.com/black-canyon-of-the-gunnison-webcam,embed,Custom embed,google-sites-frame:3622a0bff6a88345_13
Black Canyon of the Gunnison National Park Live Webcams,https://www.nationalparkcam.com/black-canyon-of-the-gunnison-webcam,embed,Custom embed,google-sites-frame:28adbe52d3bd826d_85
Black Canyon of the Gunnison National Park Live Webcams,https://www.nationalparkcam.com/black-canyon-of-the-gunnison-webcam,embed,"Map, Untitled Location","https://maps-api-ssl.google.com/maps?hl=en-US&ll=38.570931,-107.69709&output=embed&q=38.576085,-107.74292+(Untitled+Location)&z=10"
Black Canyon of the Gunnison National Park Live Webcams,https://www.nationalparkcam.com/black-canyon-of-the-gunnison-webcam,embed,Custom embed,google-sites-frame:28adbe52d3bd826d_133
Black Canyon of the Gunnison National Park Live Webcams,https://www.nationalparkcam.com/black-canyon-of-the-gunnison-webcam,embed,Custom embed,google-sites-frame:28adbe52d3bd826d_137
Bryce Canyon National Park Live Webcams,https://www.nationalparkcam.com/bryce-canyon-webcam,link,National Parks Webcams,https://www.nationalparkcam.com/national-park-webcam-home
Bryce Canyon National Park Live Webcams,https://www.nationalparkcam.com/bryce-canyon-webcam,link,Acadia Webcam,https://www.nationalparkcam.com/acadia-webcam
Bryce Canyon National Park Live Webcams,https://www.nationalparkcam.com/bryce-canyon-webcam,link,Arches Webcam,https://www.nationalparkcam.com/arches-webcam
Bryce Canyon National Park Live Webcams,https://www.nationalparkcam.com/bryce-canyon-webcam,link,Big Bend Webcam,https://www.nationalparkcam.com/big-bend-webcam
Bryce Canyon National Park Live Webcams,https://www.nationalparkcam.com/bryce-canyon-webcam,link,Black Canyon of the Gunnison Webcam,https://www.nationalparkcam.com/black-canyon-of-the-gunnison-webcam
Bryce Canyon National Park Live Webcams,https://www.nationalparkcam.com/bryce-canyon-webcam,link,Bryce Canyon Webcam,https://www.nationalparkcam.com/bryce-canyon-webcam
Bryce Canyon National Park Live Webcams,https://www.nationalparkcam.com/bryce-canyon-webcam,link,Channel Islands Webcam,https://www.nationalparkcam.com/channel-islands-webcam
Bryce Canyon National Park Live Webcams,https://www.nationalparkcam.com/bryce-canyon-webcam,link,Crater Lake Webcam,https://www.nationalparkcam.com/crater-lake-webcam
Bryce Canyon National Park Live Webcams,https://www.nationalparkcam.com/bryce-canyon-webcam,link,Denali Webcam,https://www.nationalparkcam.com/denali-webcam
Bryce Canyon National Park Live Webcams,https://www.nationalparkcam.com/bryce-canyon-webcam,link,Everglades Webcam,https://www.nationalparkcam.com/everglades-webcam
Bryce Canyon National Park Live Webcams,https://www.nationalparkcam.com/bryce-canyon-webcam,link,Glacier Bay Webcam,https://www.nationalparkcam.com/glacier-bay-webcam
Bryce Canyon National Park Live Webcams,https://www.nationalparkcam.com/bryce-canyon-webcam,link,Glacier Webcam,https://www.nationalparkcam.com/glacier-webcam
Bryce Canyon National Park Live Webcams,https://www.nationalparkcam.com/bryce-canyon-webcam,link,Grand Canyon Webcam,https://www.nationalparkcam.com/grand-canyon-webcam
Bryce Canyon National Park Live Webcams,https://www.nationalparkcam.com/bryce-canyon-webcam,link,Grand Tetons Webcam,https://www.nationalparkcam.com/grand-tetons-webcam
Bryce Canyon National Park Live Webcams,https://www.nationalparkcam.com/bryce-canyon-webcam,link,Great Smoky Mountains Webcam,https://www.nationalparkcam.com/great-smoky-mountains-webcam
Bryce Canyon National Park Live Webcams,https://www.nationalparkcam.com/bryce-canyon-webcam,link,Guadalupe Mountains Webcam,https://www.nationalparkcam.com/guadalupe-mountains-webcam
Bryce Canyon National Park Live Webcams,https://www.nationalparkcam.com/bryce-canyon-webcam,link,Haleakala Webcam,https://www.nationalparkcam.com/haleakala-webcam
Bryce Canyon National Park Live Webcams,https://www.nationalparkcam.com/bryce-canyon-webcam,link,Hawaii Volcanoes Webcam,https://www.nationalparkcam.com/hawaii-volcanoes-webcam
Bryce Canyon National Park Live Webcams,https://www.nationalparkcam.com/bryce-canyon-webcam,link,Isle Royale National Park Webcam,https://www.nationalparkcam.com/isle-royale-national-park-webcam
Bryce Canyon National Park Live Webcams,https://www.nationalparkcam.com/bryce-canyon-webcam,link,Joshua Tree Webcam,https://www.nationalparkcam.com/joshua-tree-webcam
Bryce Canyon National Park Live Webcams,https://www.nationalparkcam.com/bryce-canyon-webcam,link,Katmai Webcam,https://www.nationalparkcam.com/katmai-webcam
Bryce Canyon National Park Live Webcams,https://www.nationalparkcam.com/bryce-canyon-webcam,link,Kings Canyon Webcam,https://www.nationalparkcam.com/kings-canyon-webcam
Bryce Canyon National Park Live Webcams,https://www.nationalparkcam.com/bryce-canyon-webcam,link,Lassen Volcano Webcam,https://www.nationalparkcam.com/lassen-volcano-webcam
Bryce Canyon National Park Live Webcams,https://www.nationalparkcam.com/bryce-canyon-webcam,link,Mammoth Cave Webcam,https://www.nationalparkcam.com/mammoth-cave-webcam
Bryce Canyon National Park Live Webcams,https://www.nationalparkcam.com/bryce-canyon-webcam,link,Mount Rainier Webcam,https://www.nationalparkcam.com/mount-rainier-webcam
Bryce Canyon National Park Live Webcams,https://www.nationalparkcam.com/bryce-canyon-webcam,link,New River Gorge Webcam,https://www.nationalparkcam.com/new-river-gorge-webcam
Bryce Canyon National Park Live Webcams,https://www.nationalparkcam.com/bryce-canyon-webcam,link,North Cascades Webcam,https://www.nationalparkcam.com/north-cascades-webcam
Bryce Canyon National Park Live Webcams,https://www.nationalparkcam.com/bryce-canyon-webcam,link,Olympic Webcam,https://www.nationalparkcam.com/olympic-webcam
Bryce Canyon National Park Live Webcams,https://www.nationalparkcam.com/bryce-canyon-webcam,link,Petrified Forest Webcam,https://www.nationalparkcam.com/petrified-forest-webcam
Bryce Canyon National Park Live Webcams,https://www.nationalparkcam.com/bryce-canyon-webcam,link,Redwood National Park,https://www.nationalparkcam.com/redwood-national-park
Bryce Canyon National Park Live Webcams,https://www.nationalparkcam.com/bryce-canyon-webcam,link,Rocky Mountain Webcam,https://www.nationalparkcam.com/rocky-mountain-webcam
Bryce Canyon National Park Live Webcams,https://www.nationalparkcam.com/bryce-canyon-webcam,link,Shenandoah Webcam,https://www.nationalparkcam.com/shenandoah-webcam
Bryce Canyon National Park Live Webcams,https://www.nationalparkcam.com/bryce-canyon-webcam,link,Theodore Roosevelt Webcam,https://www.nationalparkcam.com/theodore-roosevelt-webcam
Bryce Canyon National Park Live Webcams,https://www.nationalparkcam.com/bryce-canyon-webcam,link,Virgin Islands Webcam,https://www.nationalparkcam.com/virgin-islands-webcam
Bryce Canyon National Park Live Webcams,https://www.nationalparkcam.com/bryce-canyon-webcam,link,Wrangell-St. Elias Webcam,https://www.nationalparkcam.com/wrangell-st-elias-webcam
Bryce Canyon National Park Live Webcams,https://www.nationalparkcam.com/bryce-canyon-webcam,link,Yellowstone Webcam,https://www.nationalparkcam.com/yellowstone-webcam
Bryce Canyon National Park Live Webcams,https://www.nationalparkcam.com/bryce-canyon-webcam,link,Yosemite Webcam,https://www.nationalparkcam.com/yosemite-webcam
Bryce Canyon National Park Live Webcams,https://www.nationalparkcam.com/bryce-canyon-webcam,link,Zion Webcam,https://www.nationalparkcam.com/zion-webcam
Bryce Canyon National Park Live Webcams,https://www.nationalparkcam.com/bryce-canyon-webcam,link,"Bryce Canyon National Park Hoodoos (irregular columns of rock) exist on every continent, but here is the largest concentration found anywhere on Earth. Situated along a high plateau at the top of the Grand Staircase, the park ' s high elevations include numerous life communities, fantastic dark skies, and geological wonders that defy description.",https://www.google.com/url?q=https%3A%2F%2Fwww.nps.gov%2Fbrca%2Findex.htm&sa=D&sntz=1&usg=AOvVaw2SKlZU6Jh7RhaJia0yaaxE
Bryce Canyon National Park Live Webcams,https://www.nationalparkcam.com/bryce-canyon-webcam,link,Wikipedia site,https://en.wikipedia.org/wiki/Bryce_Canyon_National_Park
Bryce Canyon National Park Live Webcams,https://www.nationalparkcam.com/bryce-canyon-webcam,link,Easy,https://www.nps.gov/tripideas/easy-hikes-in-bryce-canyon.htm
Bryce Canyon National Park Live Webcams,https://www.nationalparkcam.com/bryce-canyon-webcam,link,Moderate,https://www.nps.gov/tripideas/moderate-hikes-in-bryce-canyon.htm
Bryce Canyon National Park Live Webcams,https://www.nationalparkcam.com/bryce-canyon-webcam,link,Strenuous,https://www.nps.gov/tripideas/strenuous-hikes-in-bryce-canyon.htm
Bryce Canyon National Park Live Webcams,https://www.nationalparkcam.com/bryce-canyon-webcam,link,Mossy Cave Trail,https://www.nps.gov/brca/planyourvisit/mossycavetr.htm
Bryce Canyon National Park Live Webcams,https://www.nationalparkcam.com/bryce-canyon-webcam,link,Rim Trail,https://www.nps.gov/thingstodo/the-rim-trail.htm
Bryce Canyon National Park Live Webcams,https://www.nationalparkcam.com/bryce-canyon-webcam,link,Bristlecone Loop,https://www.nps.gov/brca/planyourvisit/bristleconeloop.htm
Bryce Canyon National Park Live Webcams,https://www.nationalparkcam.com/bryce-canyon-webcam,link,Queens Garden Trail,https://www.nps.gov/brca/planyourvisit/queensgarden.htm
Bryce Canyon National Park Live Webcams,https://www.nationalparkcam.com/bryce-canyon-webcam,link,Navajo Loop Trail,https://www.nps.gov/brca/planyourvisit/navajotrail.htm
Bryce Canyon National Park Live Webcams,https://www.nationalparkcam.com/bryce-canyon-webcam,link,Queen ' s Navajo Loop,https://www.nps.gov/thingstodo/queen-s-navajo-combination-loop.htm
Bryce Canyon National Park Live Webcams,https://www.nationalparkcam.com/bryce-canyon-webcam,link,Tower Bridge,https://www.nps.gov/thingstodo/tower-bridge.htm
Bryce Canyon National Park Live Webcams,https://www.nationalparkcam.com/bryce-canyon-webcam,link,Hat Shop,https://www.nps.gov/thingstodo/hat-shop.htm
Bryce Canyon National Park Live Webcams,https://www.nationalparkcam.com/bryce-canyon-webcam,link,Fairyland Loop,https://www.nps.gov/thingstodo/fairyland-loop.htm
Bryce Canyon National Park Live Webcams,https://www.nationalparkcam.com/bryce-canyon-webcam,link,Peekaboo Loop,https://www.nps.gov/thingstodo/peekaboo-loop.htm
Bryce Canyon National Park Live Webcams,https://www.nationalparkcam.com/bryce-canyon-webcam,link,Figure-8 Loop,https://www.nps.gov/thingstodo/figure-8-combination.htm
Bryce Canyon National Park Live Webcams,https://www.nationalparkcam.com/bryce-canyon-webcam,link,Backpacking,https://www.nps.gov/brca/planyourvisit/backcountryinfo.htm
Bryce Canyon National Park Live Webcams,https://www.nationalparkcam.com/bryce-canyon-webcam,link,recreation.gov,https://www.recreation.gov/permits/4675330
Bryce Canyon National Park Live Webcams,https://www.nationalparkcam.com/bryce-canyon-webcam,link,The Under-the-Rim Trail,https://www.nps.gov/thingstodo/under-the-rim-trail.htm
Bryce Canyon National Park Live Webcams,https://www.nationalparkcam.com/bryce-canyon-webcam,link,recreation.gov,https://www.recreation.gov/camping/gateways/2599
Bryce Canyon National Park Live Webcams,https://www.nationalparkcam.com/bryce-canyon-webcam,link,North Campground,https://www.nps.gov/brca/planyourvisit/northcampground.htm
Bryce Canyon National Park Live Webcams,https://www.nationalparkcam.com/bryce-canyon-webcam,link,Sunset Campground,https://www.nps.gov/brca/planyourvisit/sunsetcampground.htm
Bryce Canyon National Park Live Webcams,https://www.nationalparkcam.com/bryce-canyon-webcam,link,The Lodge at Bryce Canyon,https://www.nps.gov/brca/planyourvisit/lodging.htm
Bryce Canyon National Park Live Webcams,https://www.nationalparkcam.com/bryce-canyon-webcam,link,reservations,https://www.visitbrycecanyon.com/lodging/the-lodge-at-bryce-canyon/
Bryce Canyon National Park Live Webcams,https://www.nationalparkcam.com/bryce-canyon-webcam,link,The Lodge at Bryce Canyon,https://www.visitbrycecanyon.com/dining/bryce-canyon-dining-experience/
Bryce Canyon National Park Live Webcams,https://www.nationalparkcam.com/bryce-canyon-webcam,link,Valhalla Pizzeria & Coffee Shop,https://www.visitbrycecanyon.com/dining/valhalla-pizzeria-and-coffee-shop/
Bryce Canyon National Park Live Webcams,https://www.nationalparkcam.com/bryce-canyon-webcam,link,The General Store,https://www.visitbrycecanyon.com/dining/the-general-store/
Bryce Canyon National Park Live Webcams,https://www.nationalparkcam.com/bryce-canyon-webcam,link,mailto:npcam012@gmail.com,mailto:npcam012@gmail.com
Bryce Canyon National Park Live Webcams,https://www.nationalparkcam.com/bryce-canyon-webcam,image,Image,https://lh3.googleusercontent.com/docsubipk/AP9E6xXnyY4cMzn8N-UHRAI110uHy91mDAQeMT1H1gnzZFjDP2NURRzFxsYf-zqijFHmm8QYTbyThakA7PLUIe9sEUQgb3sS9wIPjsqfcuUcZLa7Kih6lt38-hFZh8idP9F5Gb6rQ7-ofXxL5jIxVezzuvlsv6TL6foFpyJf9W-S7A2B5qjInIqZlg
Bryce Canyon National Park Live Webcams,https://www.nationalparkcam.com/bryce-canyon-webcam,image,Email,https://ssl.gstatic.com/atari/images/sociallinks/email_white_28dp.png
Bryce Canyon National Park Live Webcams,https://www.nationalparkcam.com/bryce-canyon-webcam,embed,Custom embed,google-sites-frame:3622a0bff6a88345_17
Bryce Canyon National Park Live Webcams,https://www.nationalparkcam.com/bryce-canyon-webcam,embed,Custom embed,google-sites-frame:28adbe52d3bd826d_228
Bryce Canyon National Park Live Webcams,https://www.nationalparkcam.com/bryce-canyon-webcam,embed,"Map, Untitled Location","https://maps-api-ssl.google.com/maps?hl=en-US&ll=37.624259,-112.174858&output=embed&q=37.59356,-112.187576+(Untitled+Location)&z=11"
Bryce Canyon National Park Live Webcams,https://www.nationalparkcam.com/bryce-canyon-webcam,embed,28adbe52d3bd826d_239,https://www.gstatic.com/atari/embeds/83a60601c213b72fb19c1855fb0c5f26/intermediate-frame-minified.html
Bryce Canyon National Park Live Webcams,https://www.nationalparkcam.com/bryce-canyon-webcam,embed,Custom embed,google-sites-frame:af234fe68a91dcb_22
Channel Islands National Park Live Webcams,https://www.nationalparkcam.com/channel-islands-webcam,link,National Parks Webcams,https://www.nationalparkcam.com/national-park-webcam-home
Channel Islands National Park Live Webcams,https://www.nationalparkcam.com/channel-islands-webcam,link,Acadia Webcam,https://www.nationalparkcam.com/acadia-webcam
Channel Islands National Park Live Webcams,https://www.nationalparkcam.com/channel-islands-webcam,link,Arches Webcam,https://www.nationalparkcam.com/arches-webcam
Channel Islands National Park Live Webcams,https://www.nationalparkcam.com/channel-islands-webcam,link,Big Bend Webcam,https://www.nationalparkcam.com/big-bend-webcam
Channel Islands National Park Live Webcams,https://www.nationalparkcam.com/channel-islands-webcam,link,Black Canyon of the Gunnison Webcam,https://www.nationalparkcam.com/black-canyon-of-the-gunnison-webcam
Channel Islands National Park Live Webcams,https://www.nationalparkcam.com/channel-islands-webcam,link,Bryce Canyon Webcam,https://www.nationalparkcam.com/bryce-canyon-webcam
Channel Islands National Park Live Webcams,https://www.nationalparkcam.com/channel-islands-webcam,link,Channel Islands Webcam,https://www.nationalparkcam.com/channel-islands-webcam
Channel Islands National Park Live Webcams,https://www.nationalparkcam.com/channel-islands-webcam,link,Crater Lake Webcam,https://www.nationalparkcam.com/crater-lake-webcam
Channel Islands National Park Live Webcams,https://www.nationalparkcam.com/channel-islands-webcam,link,Denali Webcam,https://www.nationalparkcam.com/denali-webcam
Channel Islands National Park Live Webcams,https://www.nationalparkcam.com/channel-islands-webcam,link,Everglades Webcam,https://www.nationalparkcam.com/everglades-webcam
Channel Islands National Park Live Webcams,https://www.nationalparkcam.com/channel-islands-webcam,link,Glacier Bay Webcam,https://www.nationalparkcam.com/glacier-bay-webcam
Channel Islands National Park Live Webcams,https://www.nationalparkcam.com/channel-islands-webcam,link,Glacier Webcam,https://www.nationalparkcam.com/glacier-webcam
Channel Islands National Park Live Webcams,https://www.nationalparkcam.com/channel-islands-webcam,link,Grand Canyon Webcam,https://www.nationalparkcam.com/grand-canyon-webcam
Channel Islands National Park Live Webcams,https://www.nationalparkcam.com/channel-islands-webcam,link,Grand Tetons Webcam,https://www.nationalparkcam.com/grand-tetons-webcam
Channel Islands National Park Live Webcams,https://www.nationalparkcam.com/channel-islands-webcam,link,Great Smoky Mountains Webcam,https://www.nationalparkcam.com/great-smoky-mountains-webcam
Channel Islands National Park Live Webcams,https://www.nationalparkcam.com/channel-islands-webcam,link,Guadalupe Mountains Webcam,https://www.nationalparkcam.com/guadalupe-mountains-webcam
Channel Islands National Park Live Webcams,https://www.nationalparkcam.com/channel-islands-webcam,link,Haleakala Webcam,https://www.nationalparkcam.com/haleakala-webcam
Channel Islands National Park Live Webcams,https://www.nationalparkcam.com/channel-islands-webcam,link,Hawaii Volcanoes Webcam,https://www.nationalparkcam.com/hawaii-volcanoes-webcam
Channel Islands National Park Live Webcams,https://www.nationalparkcam.com/channel-islands-webcam,link,Isle Royale National Park Webcam,https://www.nationalparkcam.com/isle-royale-national-park-webcam
Channel Islands National Park Live Webcams,https://www.nationalparkcam.com/channel-islands-webcam,link,Joshua Tree Webcam,https://www.nationalparkcam.com/joshua-tree-webcam
Channel Islands National Park Live Webcams,https://www.nationalparkcam.com/channel-islands-webcam,link,Katmai Webcam,https://www.nationalparkcam.com/katmai-webcam
Channel Islands National Park Live Webcams,https://www.nationalparkcam.com/channel-islands-webcam,link,Kings Canyon Webcam,https://www.nationalparkcam.com/kings-canyon-webcam
Channel Islands National Park Live Webcams,https://www.nationalparkcam.com/channel-islands-webcam,link,Lassen Volcano Webcam,https://www.nationalparkcam.com/lassen-volcano-webcam
Channel Islands National Park Live Webcams,https://www.nationalparkcam.com/channel-islands-webcam,link,Mammoth Cave Webcam,https://www.nationalparkcam.com/mammoth-cave-webcam
Channel Islands National Park Live Webcams,https://www.nationalparkcam.com/channel-islands-webcam,link,Mount Rainier Webcam,https://www.nationalparkcam.com/mount-rainier-webcam
Channel Islands National Park Live Webcams,https://www.nationalparkcam.com/channel-islands-webcam,link,New River Gorge Webcam,https://www.nationalparkcam.com/new-river-gorge-webcam
Channel Islands National Park Live Webcams,https://www.nationalparkcam.com/channel-islands-webcam,link,North Cascades Webcam,https://www.nationalparkcam.com/north-cascades-webcam
Channel Islands National Park Live Webcams,https://www.nationalparkcam.com/channel-islands-webcam,link,Olympic Webcam,https://www.nationalparkcam.com/olympic-webcam
Channel Islands National Park Live Webcams,https://www.nationalparkcam.com/channel-islands-webcam,link,Petrified Forest Webcam,https://www.nationalparkcam.com/petrified-forest-webcam
Channel Islands National Park Live Webcams,https://www.nationalparkcam.com/channel-islands-webcam,link,Redwood National Park,https://www.nationalparkcam.com/redwood-national-park
Channel Islands National Park Live Webcams,https://www.nationalparkcam.com/channel-islands-webcam,link,Rocky Mountain Webcam,https://www.nationalparkcam.com/rocky-mountain-webcam
Channel Islands National Park Live Webcams,https://www.nationalparkcam.com/channel-islands-webcam,link,Shenandoah Webcam,https://www.nationalparkcam.com/shenandoah-webcam
Channel Islands National Park Live Webcams,https://www.nationalparkcam.com/channel-islands-webcam,link,Theodore Roosevelt Webcam,https://www.nationalparkcam.com/theodore-roosevelt-webcam
Channel Islands National Park Live Webcams,https://www.nationalparkcam.com/channel-islands-webcam,link,Virgin Islands Webcam,https://www.nationalparkcam.com/virgin-islands-webcam
Channel Islands National Park Live Webcams,https://www.nationalparkcam.com/channel-islands-webcam,link,Wrangell-St. Elias Webcam,https://www.nationalparkcam.com/wrangell-st-elias-webcam
Channel Islands National Park Live Webcams,https://www.nationalparkcam.com/channel-islands-webcam,link,Yellowstone Webcam,https://www.nationalparkcam.com/yellowstone-webcam
Channel Islands National Park Live Webcams,https://www.nationalparkcam.com/channel-islands-webcam,link,Yosemite Webcam,https://www.nationalparkcam.com/yosemite-webcam
Channel Islands National Park Live Webcams,https://www.nationalparkcam.com/channel-islands-webcam,link,Zion Webcam,https://www.nationalparkcam.com/zion-webcam
Channel Islands National Park Live Webcams,https://www.nationalparkcam.com/channel-islands-webcam,link,"Channel Islands National Park Channel Islands National Park encompasses five remarkable islands and their ocean environment, preserving and protecting a wealth of natural and cultural resources. Isolation over thousands of years has created unique animals, plants, and archeological resources found nowhere else on Earth and helped preserve a place where visitors can experience coastal southern California as it once was.",https://www.google.com/url?q=https%3A%2F%2Fwww.nps.gov%2Fchis%2Findex.htm&sa=D&sntz=1&usg=AOvVaw1Lm0ewTrExleOfBrYMVD5K
Channel Islands National Park Live Webcams,https://www.nationalparkcam.com/channel-islands-webcam,link,Wikipedia site,https://en.wikipedia.org/wiki/Channel_Islands_National_Park
Channel Islands National Park Live Webcams,https://www.nationalparkcam.com/channel-islands-webcam,link,NPS website,https://www.nps.gov/chis/planyourvisit/hiking.htm
Channel Islands National Park Live Webcams,https://www.nationalparkcam.com/channel-islands-webcam,link,Island Packers Concessionaire,https://islandpackers.com/
Channel Islands National Park Live Webcams,https://www.nationalparkcam.com/channel-islands-webcam,link,recreation.gov,https://www.recreation.gov/camping/gateways/2631
Channel Islands National Park Live Webcams,https://www.nationalparkcam.com/channel-islands-webcam,link,NPS website,https://www.nps.gov/chis/planyourvisit/eatingsleeping.htm
Channel Islands National Park Live Webcams,https://www.nationalparkcam.com/channel-islands-webcam,link,mailto:npcam012@gmail.com,mailto:npcam012@gmail.com
Channel Islands National Park Live Webcams,https://www.nationalparkcam.com/channel-islands-webcam,image,Image,https://lh3.googleusercontent.com/docsubipk/AP9E6xWeQQEsB-yi6l08W0nFgbO4oSN-ZGoANIEW1ZxefRgGi3xMRLhsVKZL4tJWo5gOysUoGlaJLOQg3sL61r6QlcxS6LM7vYPa2sIg9rRQaAPyn234IMRBy96WcG5cUAVV6BeCQLIRUiyl7bDqFG5ahsdttI5WBeeRftK_MEHtfud2mGdS4fGjDQk
Channel Islands National Park Live Webcams,https://www.nationalparkcam.com/channel-islands-webcam,image,Image,https://lh3.googleusercontent.com/sitesv/AA5AbUCaqSLfYAzCfHKB8KTeXlssK2vhs9f6GYlLIhE0683ERf4hzd19S9yVk1ICREH4X_wi5pYp19Ud-2ui9wE6jM0uwVm1NACx6nT3QuSubTWfouNZJnnYk2TnFm9Bw33KrTW5nXFkp8KVT3rwSpQxl2RenTFRjtYN-kpZAsUsFp334p1Fdte1GCkmw1s_Tyublf943hZcE05pujgLaUYaMoP03-TSKcn8C9FkQxk=w1280
Channel Islands National Park Live Webcams,https://www.nationalparkcam.com/channel-islands-webcam,image,Email,https://ssl.gstatic.com/atari/images/sociallinks/email_white_28dp.png
Channel Islands National Park Live Webcams,https://www.nationalparkcam.com/channel-islands-webcam,embed,Custom embed,google-sites-frame:3622a0bff6a88345_21
Channel Islands National Park Live Webcams,https://www.nationalparkcam.com/channel-islands-webcam,embed,Custom embed,google-sites-frame:33e55107a7a561fb_29
Channel Islands National Park Live Webcams,https://www.nationalparkcam.com/channel-islands-webcam,embed,"Map, Untitled Location","https://maps-api-ssl.google.com/maps?hl=en-US&ll=34.129931,-119.490044&output=embed&q=34.015104,-119.75235+(Untitled+Location)&z=10"
Channel Islands National Park Live Webcams,https://www.nationalparkcam.com/channel-islands-webcam,embed,"YouTube Video, Anacapa Island Cove - Channel Islands National Park Cams powered by EXPLORE.org",https://www.youtube.com/embed/aaUERtNMn7o?embed_config=%7B%22enc%22:%22AXH1ezn2J2xuLTPJ5maq6CHtIZiEgPLETj7hXgGuV8vvJ12mFQDE09CpK5Kc1g91FJ_Lab8k59fAqTk0pXYuAXLGQaZnCM1d1znRCRW7eZGDebxLkxJPFPdTT983i89LWDX2y6gI7a0IN_rRwBI8J7qBXIpHyqS3Z3nOoJD9SYx1oCb8%22%7D&errorlinks=1
Channel Islands National Park Live Webcams,https://www.nationalparkcam.com/channel-islands-webcam,embed,"YouTube Video, Anacapa Ocean - Channel Islands National Park Cams powered by EXPLORE.org",https://www.youtube.com/embed/OAJF1Ie1m_Q?embed_config=%7B%22enc%22:%22AXH1ezni5moYkqAZ83xk1sWKhjGUG70kXvdTwuPFg0W2UCqnEUu4YjeSxYhG_EosH3rd9CgjJSc7e9j6s1ljV8FZO2gEghr855Z4PHlbxO-V__iQEgGsWwGURvyGaX_-lmf2FiLK1oPLfFK-9aHEpjeHt3yVDE1SNo6XXEhRknSYwrzk%22%7D&errorlinks=1
Channel Islands National Park Live Webcams,https://www.nationalparkcam.com/channel-islands-webcam,embed,"YouTube Video, Anacapa Peregrine Falcon Cam powered by Explore.org",https://www.youtube.com/embed/YmZv8Pfwum4?embed_config=%7B%22enc%22:%22AXH1ezkMQu4xMmPychnz_Dynmi8noIuXj2Y0xdDd_xChF8YBKpBsVgUMFEhH9fvuEgTvWv3TGuq8KbXITuxZs7XZgutORwU6pT1oRX-cDK870U-lFjrkp-rLHRwB5kFupOoZYSpRQ0SbUdNVakhzlX4DPJofPsanN9tPu_c0i1WJ1ZlN%22%7D&errorlinks=1
Channel Islands National Park Live Webcams,https://www.nationalparkcam.com/channel-islands-webcam,embed,"YouTube Video, Mount Diablo Cam powered by EXPLORE.org",https://www.youtube.com/embed/f5Rjm5tiEkU?embed_config=%7B%22enc%22:%22AXH1ezmSH0ABtviX1Bcutz0JK0TuQQPfVOamwLgLbohl9PziKmLFqO8-Acdntjc6ElzzgeUoavfZh9Rrm4nF9gV0fcmoasSjBxD2XkgVRcC1PBMh904vXg1uKEchr9RFNXkL_YQ6huSGRzJSuv8U7ROm5bS2w_ggd3FmEHpSChkVdDU2%22%7D&errorlinks=1
Channel Islands National Park Live Webcams,https://www.nationalparkcam.com/channel-islands-webcam,embed,"YouTube Video, NPS San Miguel Island Ranger Station",https://www.youtube.com/embed/OtbWimuJQ_A?embed_config=%7B%22enc%22:%22AXH1ezn4SZD7nNkV93zduPGDPcQJ5JblPRZKg-NHXBzfaEIBFrKx4WoVMxn9d64VVz4SLEn0oBrEe7wI9A-QOcl92I7dV4cqchEaLZrI6fp3YEpxbDDoFJ-56XzCUowTYbPBufX_DtXCz5sG0-W2v-OWOZvxEw-ir1MtYp2ScXMRhR8B%22%7D&errorlinks=1
Channel Islands National Park Live Webcams,https://www.nationalparkcam.com/channel-islands-webcam,embed,"YouTube Video, Sauces Bald Eagle - Channel Islands National Park Cams powered by EXPLORE.org",https://www.youtube.com/embed/rnTsOesC6hE?embed_config=%7B%22enc%22:%22AXH1ezk1vQJFcE4wpnUnH-7PlHuaRbwemZHL-esAMIrHbJelQ7VNNoX4zujFvhop-mnGghZ13vjMJK3j4M0ZkKTB_WW1DWuhzCFDEXHvBgkuFMby9yzxi2JipfhY5SCYSQyH-9ytEBlJrAMTsR16UGWM6XKsi-eUODaEGzCY8DHaIoT8%22%7D&errorlinks=1
Crater Lake National Park Live Webcams,https://www.nationalparkcam.com/crater-lake-webcam,link,National Parks Webcams,https://www.nationalparkcam.com/national-park-webcam-home
Crater Lake National Park Live Webcams,https://www.nationalparkcam.com/crater-lake-webcam,link,Acadia Webcam,https://www.nationalparkcam.com/acadia-webcam
Crater Lake National Park Live Webcams,https://www.nationalparkcam.com/crater-lake-webcam,link,Arches Webcam,https://www.nationalparkcam.com/arches-webcam
Crater Lake National Park Live Webcams,https://www.nationalparkcam.com/crater-lake-webcam,link,Big Bend Webcam,https://www.nationalparkcam.com/big-bend-webcam
Crater Lake National Park Live Webcams,https://www.nationalparkcam.com/crater-lake-webcam,link,Black Canyon of the Gunnison Webcam,https://www.nationalparkcam.com/black-canyon-of-the-gunnison-webcam
Crater Lake National Park Live Webcams,https://www.nationalparkcam.com/crater-lake-webcam,link,Bryce Canyon Webcam,https://www.nationalparkcam.com/bryce-canyon-webcam
Crater Lake National Park Live Webcams,https://www.nationalparkcam.com/crater-lake-webcam,link,Channel Islands Webcam,https://www.nationalparkcam.com/channel-islands-webcam
Crater Lake National Park Live Webcams,https://www.nationalparkcam.com/crater-lake-webcam,link,Crater Lake Webcam,https://www.nationalparkcam.com/crater-lake-webcam
Crater Lake National Park Live Webcams,https://www.nationalparkcam.com/crater-lake-webcam,link,Denali Webcam,https://www.nationalparkcam.com/denali-webcam
Crater Lake National Park Live Webcams,https://www.nationalparkcam.com/crater-lake-webcam,link,Everglades Webcam,https://www.nationalparkcam.com/everglades-webcam
Crater Lake National Park Live Webcams,https://www.nationalparkcam.com/crater-lake-webcam,link,Glacier Bay Webcam,https://www.nationalparkcam.com/glacier-bay-webcam
Crater Lake National Park Live Webcams,https://www.nationalparkcam.com/crater-lake-webcam,link,Glacier Webcam,https://www.nationalparkcam.com/glacier-webcam
Crater Lake National Park Live Webcams,https://www.nationalparkcam.com/crater-lake-webcam,link,Grand Canyon Webcam,https://www.nationalparkcam.com/grand-canyon-webcam
Crater Lake National Park Live Webcams,https://www.nationalparkcam.com/crater-lake-webcam,link,Grand Tetons Webcam,https://www.nationalparkcam.com/grand-tetons-webcam
Crater Lake National Park Live Webcams,https://www.nationalparkcam.com/crater-lake-webcam,link,Great Smoky Mountains Webcam,https://www.nationalparkcam.com/great-smoky-mountains-webcam
Crater Lake National Park Live Webcams,https://www.nationalparkcam.com/crater-lake-webcam,link,Guadalupe Mountains Webcam,https://www.nationalparkcam.com/guadalupe-mountains-webcam
Crater Lake National Park Live Webcams,https://www.nationalparkcam.com/crater-lake-webcam,link,Haleakala Webcam,https://www.nationalparkcam.com/haleakala-webcam
Crater Lake National Park Live Webcams,https://www.nationalparkcam.com/crater-lake-webcam,link,Hawaii Volcanoes Webcam,https://www.nationalparkcam.com/hawaii-volcanoes-webcam
Crater Lake National Park Live Webcams,https://www.nationalparkcam.com/crater-lake-webcam,link,Isle Royale National Park Webcam,https://www.nationalparkcam.com/isle-royale-national-park-webcam
Crater Lake National Park Live Webcams,https://www.nationalparkcam.com/crater-lake-webcam,link,Joshua Tree Webcam,https://www.nationalparkcam.com/joshua-tree-webcam
Crater Lake National Park Live Webcams,https://www.nationalparkcam.com/crater-lake-webcam,link,Katmai Webcam,https://www.nationalparkcam.com/katmai-webcam
Crater Lake National Park Live Webcams,https://www.nationalparkcam.com/crater-lake-webcam,link,Kings Canyon Webcam,https://www.nationalparkcam.com/kings-canyon-webcam
Crater Lake National Park Live Webcams,https://www.nationalparkcam.com/crater-lake-webcam,link,Lassen Volcano Webcam,https://www.nationalparkcam.com/lassen-volcano-webcam
Crater Lake National Park Live Webcams,https://www.nationalparkcam.com/crater-lake-webcam,link,Mammoth Cave Webcam,https://www.nationalparkcam.com/mammoth-cave-webcam
Crater Lake National Park Live Webcams,https://www.nationalparkcam.com/crater-lake-webcam,link,Mount Rainier Webcam,https://www.nationalparkcam.com/mount-rainier-webcam
Crater Lake National Park Live Webcams,https://www.nationalparkcam.com/crater-lake-webcam,link,New River Gorge Webcam,https://www.nationalparkcam.com/new-river-gorge-webcam
Crater Lake National Park Live Webcams,https://www.nationalparkcam.com/crater-lake-webcam,link,North Cascades Webcam,https://www.nationalparkcam.com/north-cascades-webcam
Crater Lake National Park Live Webcams,https://www.nationalparkcam.com/crater-lake-webcam,link,Olympic Webcam,https://www.nationalparkcam.com/olympic-webcam
Crater Lake National Park Live Webcams,https://www.nationalparkcam.com/crater-lake-webcam,link,Petrified Forest Webcam,https://www.nationalparkcam.com/petrified-forest-webcam
Crater Lake National Park Live Webcams,https://www.nationalparkcam.com/crater-lake-webcam,link,Redwood National Park,https://www.nationalparkcam.com/redwood-national-park
Crater Lake National Park Live Webcams,https://www.nationalparkcam.com/crater-lake-webcam,link,Rocky Mountain Webcam,https://www.nationalparkcam.com/rocky-mountain-webcam
Crater Lake National Park Live Webcams,https://www.nationalparkcam.com/crater-lake-webcam,link,Shenandoah Webcam,https://www.nationalparkcam.com/shenandoah-webcam
Crater Lake National Park Live Webcams,https://www.nationalparkcam.com/crater-lake-webcam,link,Theodore Roosevelt Webcam,https://www.nationalparkcam.com/theodore-roosevelt-webcam
Crater Lake National Park Live Webcams,https://www.nationalparkcam.com/crater-lake-webcam,link,Virgin Islands Webcam,https://www.nationalparkcam.com/virgin-islands-webcam
Crater Lake National Park Live Webcams,https://www.nationalparkcam.com/crater-lake-webcam,link,Wrangell-St. Elias Webcam,https://www.nationalparkcam.com/wrangell-st-elias-webcam
Crater Lake National Park Live Webcams,https://www.nationalparkcam.com/crater-lake-webcam,link,Yellowstone Webcam,https://www.nationalparkcam.com/yellowstone-webcam
Crater Lake National Park Live Webcams,https://www.nationalparkcam.com/crater-lake-webcam,link,Yosemite Webcam,https://www.nationalparkcam.com/yosemite-webcam
Crater Lake National Park Live Webcams,https://www.nationalparkcam.com/crater-lake-webcam,link,Zion Webcam,https://www.nationalparkcam.com/zion-webcam
Crater Lake National Park Live Webcams,https://www.nationalparkcam.com/crater-lake-webcam,link,"Crater Lake National Park Crater Lake inspires awe. Native Americans witnessed its formation 7,700 years ago, when a violent eruption triggered the collapse of a tall peak. Scientists marvel at its purity—fed by rain and snow, it’s the deepest lake in the USA and one of the most pristine on Earth. Artists, photographers, and sightseers gaze in wonder at its blue water and stunning setting atop the Cascade Mountain Range.",https://www.google.com/url?q=https%3A%2F%2Fwww.nps.gov%2Fcrla%2Findex.htm&sa=D&sntz=1&usg=AOvVaw2iU4ei7lQWdfJxJLRooYL4
Crater Lake National Park Live Webcams,https://www.nationalparkcam.com/crater-lake-webcam,link,Wikipedia Page,https://en.wikipedia.org/wiki/Crater_Lake
Crater Lake National Park Live Webcams,https://www.nationalparkcam.com/crater-lake-webcam,link,NPS link,https://www.nps.gov/crla/planyourvisit/hiking.htm
Crater Lake National Park Live Webcams,https://www.nationalparkcam.com/crater-lake-webcam,link,website,https://www.nps.gov/crla/planyourvisit/backcountry-faq.htm
Crater Lake National Park Live Webcams,https://www.nationalparkcam.com/crater-lake-webcam,link,website,https://www.travelcraterlake.com/things-to-do/boat-tours/
Crater Lake National Park Live Webcams,https://www.nationalparkcam.com/crater-lake-webcam,link,recreation.gov,https://www.recreation.gov/camping/gateways/2647
Crater Lake National Park Live Webcams,https://www.nationalparkcam.com/crater-lake-webcam,link,Lost Creek Campground,https://www.nps.gov/crla/planyourvisit/lost_creek.htm
Crater Lake National Park Live Webcams,https://www.nationalparkcam.com/crater-lake-webcam,link,Mazama Campground,https://www.nps.gov/crla/planyourvisit/mazama_campground.htm
Crater Lake National Park Live Webcams,https://www.nationalparkcam.com/crater-lake-webcam,link,Crater Lake Hospitality,https://explorecraterlake.com/stay-at-crater-lake/crater-lake-lodge/
Crater Lake National Park Live Webcams,https://www.nationalparkcam.com/crater-lake-webcam,link,The Crater Lake Lodge Dining Room,https://www.travelcraterlake.com/dining/crater-lake-lodge-dining-room/
Crater Lake National Park Live Webcams,https://www.nationalparkcam.com/crater-lake-webcam,link,The Rim Village Café,https://www.travelcraterlake.com/dining/rim-village-cafe/
Crater Lake National Park Live Webcams,https://www.nationalparkcam.com/crater-lake-webcam,link,Annie Creek Restaurant,https://www.travelcraterlake.com/dining/annie-creek-restaurant/
Crater Lake National Park Live Webcams,https://www.nationalparkcam.com/crater-lake-webcam,link,mailto:npcam012@gmail.com,mailto:npcam012@gmail.com
Crater Lake National Park Live Webcams,https://www.nationalparkcam.com/crater-lake-webcam,image,Image,https://lh3.googleusercontent.com/docsubipk/AP9E6xXL0ohPoDBbOnZs7PtNZcftPTmuhmcaobNulS1d4NXMGWp38IouMBAwLt4k4FjPClSu6667HvGCCfhMfjIYBRTkYMcL2k8snZk5ZUQ642Pv6J89lalgirnhth3STZLoml9TfBHM6WhYkYiJUIuxpUOme_TxU136a1BbFoD5MSxxX0TxBmBUdUY
Crater Lake National Park Live Webcams,https://www.nationalparkcam.com/crater-lake-webcam,image,Email,https://ssl.gstatic.com/atari/images/sociallinks/email_white_28dp.png
Crater Lake National Park Live Webcams,https://www.nationalparkcam.com/crater-lake-webcam,embed,Custom embed,google-sites-frame:330c945324b99cd3_0
Crater Lake National Park Live Webcams,https://www.nationalparkcam.com/crater-lake-webcam,embed,Custom embed,google-sites-frame:2647855c4e0a1500_33
Crater Lake National Park Live Webcams,https://www.nationalparkcam.com/crater-lake-webcam,embed,"Map, Untitled Location","https://maps-api-ssl.google.com/maps?hl=en-US&ll=42.929137,-122.173195&output=embed&q=42.929782,-122.128143+(Untitled+Location)&z=11"
Crater Lake National Park Live Webcams,https://www.nationalparkcam.com/crater-lake-webcam,embed,Custom embed,google-sites-frame:2647855c4e0a1500_65
Crater Lake National Park Live Webcams,https://www.nationalparkcam.com/crater-lake-webcam,embed,Custom embed,google-sites-frame:2647855c4e0a1500_73
Crater Lake National Park Live Webcams,https://www.nationalparkcam.com/crater-lake-webcam,embed,Custom embed,google-sites-frame:2647855c4e0a1500_81
Denali National Park Live Webcams,https://www.nationalparkcam.com/denali-webcam,link,National Parks Webcams,https://www.nationalparkcam.com/national-park-webcam-home
Denali National Park Live Webcams,https://www.nationalparkcam.com/denali-webcam,link,Acadia Webcam,https://www.nationalparkcam.com/acadia-webcam
Denali National Park Live Webcams,https://www.nationalparkcam.com/denali-webcam,link,Arches Webcam,https://www.nationalparkcam.com/arches-webcam
Denali National Park Live Webcams,https://www.nationalparkcam.com/denali-webcam,link,Big Bend Webcam,https://www.nationalparkcam.com/big-bend-webcam
Denali National Park Live Webcams,https://www.nationalparkcam.com/denali-webcam,link,Black Canyon of the Gunnison Webcam,https://www.nationalparkcam.com/black-canyon-of-the-gunnison-webcam
Denali National Park Live Webcams,https://www.nationalparkcam.com/denali-webcam,link,Bryce Canyon Webcam,https://www.nationalparkcam.com/bryce-canyon-webcam
Denali National Park Live Webcams,https://www.nationalparkcam.com/denali-webcam,link,Channel Islands Webcam,https://www.nationalparkcam.com/channel-islands-webcam
Denali National Park Live Webcams,https://www.nationalparkcam.com/denali-webcam,link,Crater Lake Webcam,https://www.nationalparkcam.com/crater-lake-webcam
Denali National Park Live Webcams,https://www.nationalparkcam.com/denali-webcam,link,Denali Webcam,https://www.nationalparkcam.com/denali-webcam
Denali National Park Live Webcams,https://www.nationalparkcam.com/denali-webcam,link,Everglades Webcam,https://www.nationalparkcam.com/everglades-webcam
Denali National Park Live Webcams,https://www.nationalparkcam.com/denali-webcam,link,Glacier Bay Webcam,https://www.nationalparkcam.com/glacier-bay-webcam
Denali National Park Live Webcams,https://www.nationalparkcam.com/denali-webcam,link,Glacier Webcam,https://www.nationalparkcam.com/glacier-webcam
Denali National Park Live Webcams,https://www.nationalparkcam.com/denali-webcam,link,Grand Canyon Webcam,https://www.nationalparkcam.com/grand-canyon-webcam
Denali National Park Live Webcams,https://www.nationalparkcam.com/denali-webcam,link,Grand Tetons Webcam,https://www.nationalparkcam.com/grand-tetons-webcam
Denali National Park Live Webcams,https://www.nationalparkcam.com/denali-webcam,link,Great Smoky Mountains Webcam,https://www.nationalparkcam.com/great-smoky-mountains-webcam
Denali National Park Live Webcams,https://www.nationalparkcam.com/denali-webcam,link,Guadalupe Mountains Webcam,https://www.nationalparkcam.com/guadalupe-mountains-webcam
Denali National Park Live Webcams,https://www.nationalparkcam.com/denali-webcam,link,Haleakala Webcam,https://www.nationalparkcam.com/haleakala-webcam
Denali National Park Live Webcams,https://www.nationalparkcam.com/denali-webcam,link,Hawaii Volcanoes Webcam,https://www.nationalparkcam.com/hawaii-volcanoes-webcam
Denali National Park Live Webcams,https://www.nationalparkcam.com/denali-webcam,link,Isle Royale National Park Webcam,https://www.nationalparkcam.com/isle-royale-national-park-webcam
Denali National Park Live Webcams,https://www.nationalparkcam.com/denali-webcam,link,Joshua Tree Webcam,https://www.nationalparkcam.com/joshua-tree-webcam
Denali National Park Live Webcams,https://www.nationalparkcam.com/denali-webcam,link,Katmai Webcam,https://www.nationalparkcam.com/katmai-webcam
Denali National Park Live Webcams,https://www.nationalparkcam.com/denali-webcam,link,Kings Canyon Webcam,https://www.nationalparkcam.com/kings-canyon-webcam
Denali National Park Live Webcams,https://www.nationalparkcam.com/denali-webcam,link,Lassen Volcano Webcam,https://www.nationalparkcam.com/lassen-volcano-webcam
Denali National Park Live Webcams,https://www.nationalparkcam.com/denali-webcam,link,Mammoth Cave Webcam,https://www.nationalparkcam.com/mammoth-cave-webcam
Denali National Park Live Webcams,https://www.nationalparkcam.com/denali-webcam,link,Mount Rainier Webcam,https://www.nationalparkcam.com/mount-rainier-webcam
Denali National Park Live Webcams,https://www.nationalparkcam.com/denali-webcam,link,New River Gorge Webcam,https://www.nationalparkcam.com/new-river-gorge-webcam
Denali National Park Live Webcams,https://www.nationalparkcam.com/denali-webcam,link,North Cascades Webcam,https://www.nationalparkcam.com/north-cascades-webcam
Denali National Park Live Webcams,https://www.nationalparkcam.com/denali-webcam,link,Olympic Webcam,https://www.nationalparkcam.com/olympic-webcam
Denali National Park Live Webcams,https://www.nationalparkcam.com/denali-webcam,link,Petrified Forest Webcam,https://www.nationalparkcam.com/petrified-forest-webcam
Denali National Park Live Webcams,https://www.nationalparkcam.com/denali-webcam,link,Redwood National Park,https://www.nationalparkcam.com/redwood-national-park
Denali National Park Live Webcams,https://www.nationalparkcam.com/denali-webcam,link,Rocky Mountain Webcam,https://www.nationalparkcam.com/rocky-mountain-webcam
Denali National Park Live Webcams,https://www.nationalparkcam.com/denali-webcam,link,Shenandoah Webcam,https://www.nationalparkcam.com/shenandoah-webcam
Denali National Park Live Webcams,https://www.nationalparkcam.com/denali-webcam,link,Theodore Roosevelt Webcam,https://www.nationalparkcam.com/theodore-roosevelt-webcam
Denali National Park Live Webcams,https://www.nationalparkcam.com/denali-webcam,link,Virgin Islands Webcam,https://www.nationalparkcam.com/virgin-islands-webcam
Denali National Park Live Webcams,https://www.nationalparkcam.com/denali-webcam,link,Wrangell-St. Elias Webcam,https://www.nationalparkcam.com/wrangell-st-elias-webcam
Denali National Park Live Webcams,https://www.nationalparkcam.com/denali-webcam,link,Yellowstone Webcam,https://www.nationalparkcam.com/yellowstone-webcam
Denali National Park Live Webcams,https://www.nationalparkcam.com/denali-webcam,link,Yosemite Webcam,https://www.nationalparkcam.com/yosemite-webcam
Denali National Park Live Webcams,https://www.nationalparkcam.com/denali-webcam,link,Zion Webcam,https://www.nationalparkcam.com/zion-webcam
Denali National Park Live Webcams,https://www.nationalparkcam.com/denali-webcam,link,"Denali National Park & Preserve Denali is six million acres of wild land, bisected by one ribbon of road. Travelers along it see the relatively low-elevation taiga forest give way to high alpine tundra and snowy mountains, culminating in North America ' s tallest peak, 20,310 ' Denali. Wild animals large and small roam un-fenced lands, living as they have for ages. Solitude, tranquility and wilderness await.",https://www.google.com/url?q=https%3A%2F%2Fwww.nps.gov%2Fdena%2Findex.htm&sa=D&sntz=1&usg=AOvVaw3SngU8GUiFcoHxGYpZc9o3
Denali National Park Live Webcams,https://www.nationalparkcam.com/denali-webcam,link,Wikipedia page,https://en.wikipedia.org/wiki/Denali_National_Park_and_Preserve
Denali National Park Live Webcams,https://www.nationalparkcam.com/denali-webcam,link,video,https://www.rei.com/blog/hike/how-to-use-bear-spray
Denali National Park Live Webcams,https://www.nationalparkcam.com/denali-webcam,link,NPS website,https://www.nps.gov/dena/planyourvisit/dayhiking.htm
Denali National Park Live Webcams,https://www.nationalparkcam.com/denali-webcam,link,backpacking,https://www.nps.gov/dena/planyourvisit/backcountry.htm
Denali National Park Live Webcams,https://www.nationalparkcam.com/denali-webcam,link,NPS website,https://www.nps.gov/dena/planyourvisit/wildlife-viewing.htm
Denali National Park Live Webcams,https://www.nationalparkcam.com/denali-webcam,link,Aramark,https://www.reservedenali.com/camping/campground-information/
Denali National Park Live Webcams,https://www.nationalparkcam.com/denali-webcam,link,NPS website,https://www.nps.gov/dena/planyourvisit/visiting-denali.htm
Denali National Park Live Webcams,https://www.nationalparkcam.com/denali-webcam,link,mailto:npcam012@gmail.com,mailto:npcam012@gmail.com
Denali National Park Live Webcams,https://www.nationalparkcam.com/denali-webcam,image,Image,https://lh3.googleusercontent.com/docsubipk/AP9E6xWvjYBE9Mh98wixRQ-CU8TlxABT3YRX6sGA5Gd600GHK1FYclR3bIgjNKSpCdV2zy4YMCphToLauaBNiwOMX7au8D6p_XJamEKvFwIxuZ5uPnqz3qYTgYzGAAzKR3CrXE8Fl-bH7V7uy5sNB6XX_uD08hhrdmejvQzaiy-mSzK4TV2BqOnDB1o
Denali National Park Live Webcams,https://www.nationalparkcam.com/denali-webcam,image,Email,https://ssl.gstatic.com/atari/images/sociallinks/email_white_28dp.png
Denali National Park Live Webcams,https://www.nationalparkcam.com/denali-webcam,embed,Custom embed,google-sites-frame:330c945324b99cd3_4
Denali National Park Live Webcams,https://www.nationalparkcam.com/denali-webcam,embed,Custom embed,google-sites-frame:64352f034f70ae05_113
Denali National Park Live Webcams,https://www.nationalparkcam.com/denali-webcam,embed,"Map, Untitled Location","https://maps-api-ssl.google.com/maps?hl=en-US&ll=63.428243,-150.039586&output=embed&q=63.119605,-151.193848+(Untitled+Location)&z=7"
Denali National Park Live Webcams,https://www.nationalparkcam.com/denali-webcam,embed,Custom embed,google-sites-frame:64352f034f70ae05_121
Denali National Park Live Webcams,https://www.nationalparkcam.com/denali-webcam,embed,Custom embed,google-sites-frame:33b43c3a19c7ca39_3
Denali National Park Live Webcams,https://www.nationalparkcam.com/denali-webcam,embed,Custom embed,google-sites-frame:565a743e71bd2d46_13
Denali National Park Live Webcams,https://www.nationalparkcam.com/denali-webcam,embed,Custom embed,google-sites-frame:565a743e71bd2d46_19
Everglades National Park Live Webcams,https://www.nationalparkcam.com/everglades-webcam,link,National Parks Webcams,https://www.nationalparkcam.com/national-park-webcam-home
Everglades National Park Live Webcams,https://www.nationalparkcam.com/everglades-webcam,link,Acadia Webcam,https://www.nationalparkcam.com/acadia-webcam
Everglades National Park Live Webcams,https://www.nationalparkcam.com/everglades-webcam,link,Arches Webcam,https://www.nationalparkcam.com/arches-webcam
Everglades National Park Live Webcams,https://www.nationalparkcam.com/everglades-webcam,link,Big Bend Webcam,https://www.nationalparkcam.com/big-bend-webcam
Everglades National Park Live Webcams,https://www.nationalparkcam.com/everglades-webcam,link,Black Canyon of the Gunnison Webcam,https://www.nationalparkcam.com/black-canyon-of-the-gunnison-webcam
Everglades National Park Live Webcams,https://www.nationalparkcam.com/everglades-webcam,link,Bryce Canyon Webcam,https://www.nationalparkcam.com/bryce-canyon-webcam
Everglades National Park Live Webcams,https://www.nationalparkcam.com/everglades-webcam,link,Channel Islands Webcam,https://www.nationalparkcam.com/channel-islands-webcam
Everglades National Park Live Webcams,https://www.nationalparkcam.com/everglades-webcam,link,Crater Lake Webcam,https://www.nationalparkcam.com/crater-lake-webcam
Everglades National Park Live Webcams,https://www.nationalparkcam.com/everglades-webcam,link,Denali Webcam,https://www.nationalparkcam.com/denali-webcam
Everglades National Park Live Webcams,https://www.nationalparkcam.com/everglades-webcam,link,Everglades Webcam,https://www.nationalparkcam.com/everglades-webcam
Everglades National Park Live Webcams,https://www.nationalparkcam.com/everglades-webcam,link,Glacier Bay Webcam,https://www.nationalparkcam.com/glacier-bay-webcam
Everglades National Park Live Webcams,https://www.nationalparkcam.com/everglades-webcam,link,Glacier Webcam,https://www.nationalparkcam.com/glacier-webcam
Everglades National Park Live Webcams,https://www.nationalparkcam.com/everglades-webcam,link,Grand Canyon Webcam,https://www.nationalparkcam.com/grand-canyon-webcam
Everglades National Park Live Webcams,https://www.nationalparkcam.com/everglades-webcam,link,Grand Tetons Webcam,https://www.nationalparkcam.com/grand-tetons-webcam
Everglades National Park Live Webcams,https://www.nationalparkcam.com/everglades-webcam,link,Great Smoky Mountains Webcam,https://www.nationalparkcam.com/great-smoky-mountains-webcam
Everglades National Park Live Webcams,https://www.nationalparkcam.com/everglades-webcam,link,Guadalupe Mountains Webcam,https://www.nationalparkcam.com/guadalupe-mountains-webcam
Everglades National Park Live Webcams,https://www.nationalparkcam.com/everglades-webcam,link,Haleakala Webcam,https://www.nationalparkcam.com/haleakala-webcam
Everglades National Park Live Webcams,https://www.nationalparkcam.com/everglades-webcam,link,Hawaii Volcanoes Webcam,https://www.nationalparkcam.com/hawaii-volcanoes-webcam
Everglades National Park Live Webcams,https://www.nationalparkcam.com/everglades-webcam,link,Isle Royale National Park Webcam,https://www.nationalparkcam.com/isle-royale-national-park-webcam
Everglades National Park Live Webcams,https://www.nationalparkcam.com/everglades-webcam,link,Joshua Tree Webcam,https://www.nationalparkcam.com/joshua-tree-webcam
Everglades National Park Live Webcams,https://www.nationalparkcam.com/everglades-webcam,link,Katmai Webcam,https://www.nationalparkcam.com/katmai-webcam
Everglades National Park Live Webcams,https://www.nationalparkcam.com/everglades-webcam,link,Kings Canyon Webcam,https://www.nationalparkcam.com/kings-canyon-webcam
Everglades National Park Live Webcams,https://www.nationalparkcam.com/everglades-webcam,link,Lassen Volcano Webcam,https://www.nationalparkcam.com/lassen-volcano-webcam
Everglades National Park Live Webcams,https://www.nationalparkcam.com/everglades-webcam,link,Mammoth Cave Webcam,https://www.nationalparkcam.com/mammoth-cave-webcam
Everglades National Park Live Webcams,https://www.nationalparkcam.com/everglades-webcam,link,Mount Rainier Webcam,https://www.nationalparkcam.com/mount-rainier-webcam
Everglades National Park Live Webcams,https://www.nationalparkcam.com/everglades-webcam,link,New River Gorge Webcam,https://www.nationalparkcam.com/new-river-gorge-webcam
Everglades National Park Live Webcams,https://www.nationalparkcam.com/everglades-webcam,link,North Cascades Webcam,https://www.nationalparkcam.com/north-cascades-webcam
Everglades National Park Live Webcams,https://www.nationalparkcam.com/everglades-webcam,link,Olympic Webcam,https://www.nationalparkcam.com/olympic-webcam
Everglades National Park Live Webcams,https://www.nationalparkcam.com/everglades-webcam,link,Petrified Forest Webcam,https://www.nationalparkcam.com/petrified-forest-webcam
Everglades National Park Live Webcams,https://www.nationalparkcam.com/everglades-webcam,link,Redwood National Park,https://www.nationalparkcam.com/redwood-national-park
Everglades National Park Live Webcams,https://www.nationalparkcam.com/everglades-webcam,link,Rocky Mountain Webcam,https://www.nationalparkcam.com/rocky-mountain-webcam
Everglades National Park Live Webcams,https://www.nationalparkcam.com/everglades-webcam,link,Shenandoah Webcam,https://www.nationalparkcam.com/shenandoah-webcam
Everglades National Park Live Webcams,https://www.nationalparkcam.com/everglades-webcam,link,Theodore Roosevelt Webcam,https://www.nationalparkcam.com/theodore-roosevelt-webcam
Everglades National Park Live Webcams,https://www.nationalparkcam.com/everglades-webcam,link,Virgin Islands Webcam,https://www.nationalparkcam.com/virgin-islands-webcam
Everglades National Park Live Webcams,https://www.nationalparkcam.com/everglades-webcam,link,Wrangell-St. Elias Webcam,https://www.nationalparkcam.com/wrangell-st-elias-webcam
Everglades National Park Live Webcams,https://www.nationalparkcam.com/everglades-webcam,link,Yellowstone Webcam,https://www.nationalparkcam.com/yellowstone-webcam
Everglades National Park Live Webcams,https://www.nationalparkcam.com/everglades-webcam,link,Yosemite Webcam,https://www.nationalparkcam.com/yosemite-webcam
Everglades National Park Live Webcams,https://www.nationalparkcam.com/everglades-webcam,link,Zion Webcam,https://www.nationalparkcam.com/zion-webcam
Everglades National Park Live Webcams,https://www.nationalparkcam.com/everglades-webcam,link,"Everglades National Park Everglades National Park protects an unparalleled landscape that provides important habitat for numerous rare and endangered species like the manatee, American crocodile, and the elusive Florida panther. < br / > < br / > An international treasure as well - a World Heritage Site, International Biosphere Reserve, a Wetland of International Importance, and a specially protected area under the Cartagena Treaty.",https://www.google.com/url?q=https%3A%2F%2Fwww.nps.gov%2Fever%2Findex.htm&sa=D&sntz=1&usg=AOvVaw3KsYOoRhuhiWnFB_LHGkyX
Everglades National Park Live Webcams,https://www.nationalparkcam.com/everglades-webcam,link,UNESCO World Heritage Site,https://whc.unesco.org/en/list/76/
Everglades National Park Live Webcams,https://www.nationalparkcam.com/everglades-webcam,link,wikipedia,https://en.wikipedia.org/wiki/Everglades_National_Park
Everglades National Park Live Webcams,https://www.nationalparkcam.com/everglades-webcam,link,NPS website,https://www.nps.gov/ever/planyourvisit/hiking-trails.htm
Everglades National Park Live Webcams,https://www.nationalparkcam.com/everglades-webcam,link,Flamingo Adventures,https://flamingoeverglades.com/campgrounds/
Everglades National Park Live Webcams,https://www.nationalparkcam.com/everglades-webcam,link,Boater Guide,https://www.nps.gov/ever/planyourvisit/boating.htm
Everglades National Park Live Webcams,https://www.nationalparkcam.com/everglades-webcam,link,NPS website,https://www.nps.gov/ever/planyourvisit/fishing.htm
Everglades National Park Live Webcams,https://www.nationalparkcam.com/everglades-webcam,link,NPS website,https://www.nps.gov/ever/planyourvisit/guidedtours.htm
Everglades National Park Live Webcams,https://www.nationalparkcam.com/everglades-webcam,link,Shark Valley Tram Tours,https://www.sharkvalleytramtours.com/
Everglades National Park Live Webcams,https://www.nationalparkcam.com/everglades-webcam,link,Everglades National Park Adventures,https://evergladesnationalparkadventures.com/
Everglades National Park Live Webcams,https://www.nationalparkcam.com/everglades-webcam,link,trails,https://www.nps.gov/ever/planyourvisit/canoe-and-kayak-trails.htm
Everglades National Park Live Webcams,https://www.nationalparkcam.com/everglades-webcam,link,recreation.gov,https://www.recreation.gov/permits/4675314
Everglades National Park Live Webcams,https://www.nationalparkcam.com/everglades-webcam,link,Campsites,https://www.nps.gov/ever/planyourvisit/wildernesscamp.htm
Everglades National Park Live Webcams,https://www.nationalparkcam.com/everglades-webcam,link,mailto:npcam012@gmail.com,mailto:npcam012@gmail.com
Everglades National Park Live Webcams,https://www.nationalparkcam.com/everglades-webcam,image,Image,https://lh3.googleusercontent.com/docsubipk/AP9E6xVPMD_WZ6fb55kUwXLbUezQTY8Ei0G2CnT2PWyg3bY8Rv85RxOQRBUVdk0WoGf2QQF6AMELl1bpVWhAqr-pxz0pA_3imjei-Ys2Nv2btyCqukBtIJ3GATg1DF5C67fIR7XairEzWE8hlnQuWL8CakueLt9OdxAlihRA54HP5DmpjvMGwkq1Glo
Everglades National Park Live Webcams,https://www.nationalparkcam.com/everglades-webcam,image,Email,https://ssl.gstatic.com/atari/images/sociallinks/email_white_28dp.png
Everglades National Park Live Webcams,https://www.nationalparkcam.com/everglades-webcam,embed,Custom embed,google-sites-frame:330c945324b99cd3_8
Everglades National Park Live Webcams,https://www.nationalparkcam.com/everglades-webcam,embed,Custom embed,google-sites-frame:6bc8268dbc6878cf_52
Everglades National Park Live Webcams,https://www.nationalparkcam.com/everglades-webcam,embed,"Map, Untitled Location","https://maps-api-ssl.google.com/maps?hl=en-US&ll=25.222689,-80.851624&output=embed&q=25.286921,-80.900574+(Untitled+Location)&z=9"
Everglades National Park Live Webcams,https://www.nationalparkcam.com/everglades-webcam,embed,Custom embed,google-sites-frame:6bc8268dbc6878cf_27
Glacier Bay National Park Liv e Webcams,https://www.nationalparkcam.com/glacier-bay-webcam,link,National Parks Webcams,https://www.nationalparkcam.com/national-park-webcam-home
Glacier Bay National Park Liv e Webcams,https://www.nationalparkcam.com/glacier-bay-webcam,link,Acadia Webcam,https://www.nationalparkcam.com/acadia-webcam
Glacier Bay National Park Liv e Webcams,https://www.nationalparkcam.com/glacier-bay-webcam,link,Arches Webcam,https://www.nationalparkcam.com/arches-webcam
Glacier Bay National Park Liv e Webcams,https://www.nationalparkcam.com/glacier-bay-webcam,link,Big Bend Webcam,https://www.nationalparkcam.com/big-bend-webcam
Glacier Bay National Park Liv e Webcams,https://www.nationalparkcam.com/glacier-bay-webcam,link,Black Canyon of the Gunnison Webcam,https://www.nationalparkcam.com/black-canyon-of-the-gunnison-webcam
Glacier Bay National Park Liv e Webcams,https://www.nationalparkcam.com/glacier-bay-webcam,link,Bryce Canyon Webcam,https://www.nationalparkcam.com/bryce-canyon-webcam
Glacier Bay National Park Liv e Webcams,https://www.nationalparkcam.com/glacier-bay-webcam,link,Channel Islands Webcam,https://www.nationalparkcam.com/channel-islands-webcam
Glacier Bay National Park Liv e Webcams,https://www.nationalparkcam.com/glacier-bay-webcam,link,Crater Lake Webcam,https://www.nationalparkcam.com/crater-lake-webcam
Glacier Bay National Park Liv e Webcams,https://www.nationalparkcam.com/glacier-bay-webcam,link,Denali Webcam,https://www.nationalparkcam.com/denali-webcam
Glacier Bay National Park Liv e Webcams,https://www.nationalparkcam.com/glacier-bay-webcam,link,Everglades Webcam,https://www.nationalparkcam.com/everglades-webcam
Glacier Bay National Park Liv e Webcams,https://www.nationalparkcam.com/glacier-bay-webcam,link,Glacier Bay Webcam,https://www.nationalparkcam.com/glacier-bay-webcam
Glacier Bay National Park Liv e Webcams,https://www.nationalparkcam.com/glacier-bay-webcam,link,Glacier Webcam,https://www.nationalparkcam.com/glacier-webcam
Glacier Bay National Park Liv e Webcams,https://www.nationalparkcam.com/glacier-bay-webcam,link,Grand Canyon Webcam,https://www.nationalparkcam.com/grand-canyon-webcam
Glacier Bay National Park Liv e Webcams,https://www.nationalparkcam.com/glacier-bay-webcam,link,Grand Tetons Webcam,https://www.nationalparkcam.com/grand-tetons-webcam
Glacier Bay National Park Liv e Webcams,https://www.nationalparkcam.com/glacier-bay-webcam,link,Great Smoky Mountains Webcam,https://www.nationalparkcam.com/great-smoky-mountains-webcam
Glacier Bay National Park Liv e Webcams,https://www.nationalparkcam.com/glacier-bay-webcam,link,Guadalupe Mountains Webcam,https://www.nationalparkcam.com/guadalupe-mountains-webcam
Glacier Bay National Park Liv e Webcams,https://www.nationalparkcam.com/glacier-bay-webcam,link,Haleakala Webcam,https://www.nationalparkcam.com/haleakala-webcam
Glacier Bay National Park Liv e Webcams,https://www.nationalparkcam.com/glacier-bay-webcam,link,Hawaii Volcanoes Webcam,https://www.nationalparkcam.com/hawaii-volcanoes-webcam
Glacier Bay National Park Liv e Webcams,https://www.nationalparkcam.com/glacier-bay-webcam,link,Isle Royale National Park Webcam,https://www.nationalparkcam.com/isle-royale-national-park-webcam
Glacier Bay National Park Liv e Webcams,https://www.nationalparkcam.com/glacier-bay-webcam,link,Joshua Tree Webcam,https://www.nationalparkcam.com/joshua-tree-webcam
Glacier Bay National Park Liv e Webcams,https://www.nationalparkcam.com/glacier-bay-webcam,link,Katmai Webcam,https://www.nationalparkcam.com/katmai-webcam
Glacier Bay National Park Liv e Webcams,https://www.nationalparkcam.com/glacier-bay-webcam,link,Kings Canyon Webcam,https://www.nationalparkcam.com/kings-canyon-webcam
Glacier Bay National Park Liv e Webcams,https://www.nationalparkcam.com/glacier-bay-webcam,link,Lassen Volcano Webcam,https://www.nationalparkcam.com/lassen-volcano-webcam
Glacier Bay National Park Liv e Webcams,https://www.nationalparkcam.com/glacier-bay-webcam,link,Mammoth Cave Webcam,https://www.nationalparkcam.com/mammoth-cave-webcam
Glacier Bay National Park Liv e Webcams,https://www.nationalparkcam.com/glacier-bay-webcam,link,Mount Rainier Webcam,https://www.nationalparkcam.com/mount-rainier-webcam
Glacier Bay National Park Liv e Webcams,https://www.nationalparkcam.com/glacier-bay-webcam,link,New River Gorge Webcam,https://www.nationalparkcam.com/new-river-gorge-webcam
Glacier Bay National Park Liv e Webcams,https://www.nationalparkcam.com/glacier-bay-webcam,link,North Cascades Webcam,https://www.nationalparkcam.com/north-cascades-webcam
Glacier Bay National Park Liv e Webcams,https://www.nationalparkcam.com/glacier-bay-webcam,link,Olympic Webcam,https://www.nationalparkcam.com/olympic-webcam
Glacier Bay National Park Liv e Webcams,https://www.nationalparkcam.com/glacier-bay-webcam,link,Petrified Forest Webcam,https://www.nationalparkcam.com/petrified-forest-webcam
Glacier Bay National Park Liv e Webcams,https://www.nationalparkcam.com/glacier-bay-webcam,link,Redwood National Park,https://www.nationalparkcam.com/redwood-national-park
Glacier Bay National Park Liv e Webcams,https://www.nationalparkcam.com/glacier-bay-webcam,link,Rocky Mountain Webcam,https://www.nationalparkcam.com/rocky-mountain-webcam
Glacier Bay National Park Liv e Webcams,https://www.nationalparkcam.com/glacier-bay-webcam,link,Shenandoah Webcam,https://www.nationalparkcam.com/shenandoah-webcam
Glacier Bay National Park Liv e Webcams,https://www.nationalparkcam.com/glacier-bay-webcam,link,Theodore Roosevelt Webcam,https://www.nationalparkcam.com/theodore-roosevelt-webcam
Glacier Bay National Park Liv e Webcams,https://www.nationalparkcam.com/glacier-bay-webcam,link,Virgin Islands Webcam,https://www.nationalparkcam.com/virgin-islands-webcam
Glacier Bay National Park Liv e Webcams,https://www.nationalparkcam.com/glacier-bay-webcam,link,Wrangell-St. Elias Webcam,https://www.nationalparkcam.com/wrangell-st-elias-webcam
Glacier Bay National Park Liv e Webcams,https://www.nationalparkcam.com/glacier-bay-webcam,link,Yellowstone Webcam,https://www.nationalparkcam.com/yellowstone-webcam
Glacier Bay National Park Liv e Webcams,https://www.nationalparkcam.com/glacier-bay-webcam,link,Yosemite Webcam,https://www.nationalparkcam.com/yosemite-webcam
Glacier Bay National Park Liv e Webcams,https://www.nationalparkcam.com/glacier-bay-webcam,link,Zion Webcam,https://www.nationalparkcam.com/zion-webcam
Glacier Bay National Park Liv e Webcams,https://www.nationalparkcam.com/glacier-bay-webcam,link,Glacier Bay National Park & Preserve,https://www.google.com/url?q=https%3A%2F%2Fwww.nps.gov%2Fglba%2Findex.htm&sa=D&sntz=1&usg=AOvVaw0Z-GZ12T1qIH6XG4vuxvu-
Glacier Bay National Park Liv e Webcams,https://www.nationalparkcam.com/glacier-bay-webcam,link,NPS website,https://www.nps.gov/glba/planyourvisit/hiking.htm
Glacier Bay National Park Liv e Webcams,https://www.nationalparkcam.com/glacier-bay-webcam,link,Bartlett Cove campground,https://www.nps.gov/glba/planyourvisit/campground.htm
Glacier Bay National Park Liv e Webcams,https://www.nationalparkcam.com/glacier-bay-webcam,link,The Glacier Bay Lodge,https://www.nps.gov/glba/planyourvisit/glacier-bay-lodge.htm
Glacier Bay National Park Liv e Webcams,https://www.nationalparkcam.com/glacier-bay-webcam,link,restaurant,https://www.visitglacierbay.com/dining/fairweather-dining-room/
Glacier Bay National Park Liv e Webcams,https://www.nationalparkcam.com/glacier-bay-webcam,link,The National Park Service,https://www.nps.gov/glba/planyourvisit/sport-fishing.htm
Glacier Bay National Park Liv e Webcams,https://www.nationalparkcam.com/glacier-bay-webcam,link,Kayaking,https://www.nps.gov/glba/planyourvisit/kayaking.htm
Glacier Bay National Park Liv e Webcams,https://www.nationalparkcam.com/glacier-bay-webcam,link,mailto:npcam012@gmail.com,mailto:npcam012@gmail.com
Glacier Bay National Park Liv e Webcams,https://www.nationalparkcam.com/glacier-bay-webcam,image,Image,https://lh3.googleusercontent.com/docsubipk/AP9E6xUNx6h5ZTlMzeHruOrvZjuXbti777ylst25CQYFSLBxF7mWmuDJ36cKx0jR4AZ0cW6DkrB0NJ4fDkKsgiynflrqrOjgnrsAu-QokRr2F67itf14XRj_s0f6OOznrvm0MaHk-K3Tbq7rPSIdK1uo_f_morOq-c5W7DJtjpRju8YjX58fCEI3_wY
Glacier Bay National Park Liv e Webcams,https://www.nationalparkcam.com/glacier-bay-webcam,image,Email,https://ssl.gstatic.com/atari/images/sociallinks/email_white_28dp.png
Glacier Bay National Park Liv e Webcams,https://www.nationalparkcam.com/glacier-bay-webcam,embed,Custom embed,google-sites-frame:20c41085dfbbe9cf_0
Glacier Bay National Park Liv e Webcams,https://www.nationalparkcam.com/glacier-bay-webcam,embed,Custom embed,google-sites-frame:6bc8268dbc6878cf_117
Glacier Bay National Park Liv e Webcams,https://www.nationalparkcam.com/glacier-bay-webcam,embed,"Map, Untitled Location","https://maps-api-ssl.google.com/maps?hl=en-US&ll=58.604336,-136.336871&output=embed&q=58.66837,-136.900635+(Untitled+Location)&z=8"
Glacier Bay National Park Liv e Webcams,https://www.nationalparkcam.com/glacier-bay-webcam,embed,Custom embed,google-sites-frame:6bc8268dbc6878cf_92
Glacier Bay National Park Liv e Webcams,https://www.nationalparkcam.com/glacier-bay-webcam,embed,Custom embed,google-sites-frame:6bc8268dbc6878cf_97
Glacier Bay National Park Liv e Webcams,https://www.nationalparkcam.com/glacier-bay-webcam,embed,Custom embed,google-sites-frame:6bc8268dbc6878cf_103
Glacier Bay National Park Liv e Webcams,https://www.nationalparkcam.com/glacier-bay-webcam,embed,Custom embed,google-sites-frame:6bc8268dbc6878cf_125
Glacie r National Park Live Webcams,https://www.nationalparkcam.com/glacier-webcam,link,National Parks Webcams,https://www.nationalparkcam.com/national-park-webcam-home
Glacie r National Park Live Webcams,https://www.nationalparkcam.com/glacier-webcam,link,Acadia Webcam,https://www.nationalparkcam.com/acadia-webcam
Glacie r National Park Live Webcams,https://www.nationalparkcam.com/glacier-webcam,link,Arches Webcam,https://www.nationalparkcam.com/arches-webcam
Glacie r National Park Live Webcams,https://www.nationalparkcam.com/glacier-webcam,link,Big Bend Webcam,https://www.nationalparkcam.com/big-bend-webcam
Glacie r National Park Live Webcams,https://www.nationalparkcam.com/glacier-webcam,link,Black Canyon of the Gunnison Webcam,https://www.nationalparkcam.com/black-canyon-of-the-gunnison-webcam
Glacie r National Park Live Webcams,https://www.nationalparkcam.com/glacier-webcam,link,Bryce Canyon Webcam,https://www.nationalparkcam.com/bryce-canyon-webcam
Glacie r National Park Live Webcams,https://www.nationalparkcam.com/glacier-webcam,link,Channel Islands Webcam,https://www.nationalparkcam.com/channel-islands-webcam
Glacie r National Park Live Webcams,https://www.nationalparkcam.com/glacier-webcam,link,Crater Lake Webcam,https://www.nationalparkcam.com/crater-lake-webcam
Glacie r National Park Live Webcams,https://www.nationalparkcam.com/glacier-webcam,link,Denali Webcam,https://www.nationalparkcam.com/denali-webcam
Glacie r National Park Live Webcams,https://www.nationalparkcam.com/glacier-webcam,link,Everglades Webcam,https://www.nationalparkcam.com/everglades-webcam
Glacie r National Park Live Webcams,https://www.nationalparkcam.com/glacier-webcam,link,Glacier Bay Webcam,https://www.nationalparkcam.com/glacier-bay-webcam
Glacie r National Park Live Webcams,https://www.nationalparkcam.com/glacier-webcam,link,Glacier Webcam,https://www.nationalparkcam.com/glacier-webcam
Glacie r National Park Live Webcams,https://www.nationalparkcam.com/glacier-webcam,link,Grand Canyon Webcam,https://www.nationalparkcam.com/grand-canyon-webcam
Glacie r National Park Live Webcams,https://www.nationalparkcam.com/glacier-webcam,link,Grand Tetons Webcam,https://www.nationalparkcam.com/grand-tetons-webcam
Glacie r National Park Live Webcams,https://www.nationalparkcam.com/glacier-webcam,link,Great Smoky Mountains Webcam,https://www.nationalparkcam.com/great-smoky-mountains-webcam
Glacie r National Park Live Webcams,https://www.nationalparkcam.com/glacier-webcam,link,Guadalupe Mountains Webcam,https://www.nationalparkcam.com/guadalupe-mountains-webcam
Glacie r National Park Live Webcams,https://www.nationalparkcam.com/glacier-webcam,link,Haleakala Webcam,https://www.nationalparkcam.com/haleakala-webcam
Glacie r National Park Live Webcams,https://www.nationalparkcam.com/glacier-webcam,link,Hawaii Volcanoes Webcam,https://www.nationalparkcam.com/hawaii-volcanoes-webcam
Glacie r National Park Live Webcams,https://www.nationalparkcam.com/glacier-webcam,link,Isle Royale National Park Webcam,https://www.nationalparkcam.com/isle-royale-national-park-webcam
Glacie r National Park Live Webcams,https://www.nationalparkcam.com/glacier-webcam,link,Joshua Tree Webcam,https://www.nationalparkcam.com/joshua-tree-webcam
Glacie r National Park Live Webcams,https://www.nationalparkcam.com/glacier-webcam,link,Katmai Webcam,https://www.nationalparkcam.com/katmai-webcam
Glacie r National Park Live Webcams,https://www.nationalparkcam.com/glacier-webcam,link,Kings Canyon Webcam,https://www.nationalparkcam.com/kings-canyon-webcam
Glacie r National Park Live Webcams,https://www.nationalparkcam.com/glacier-webcam,link,Lassen Volcano Webcam,https://www.nationalparkcam.com/lassen-volcano-webcam
Glacie r National Park Live Webcams,https://www.nationalparkcam.com/glacier-webcam,link,Mammoth Cave Webcam,https://www.nationalparkcam.com/mammoth-cave-webcam
Glacie r National Park Live Webcams,https://www.nationalparkcam.com/glacier-webcam,link,Mount Rainier Webcam,https://www.nationalparkcam.com/mount-rainier-webcam
Glacie r National Park Live Webcams,https://www.nationalparkcam.com/glacier-webcam,link,New River Gorge Webcam,https://www.nationalparkcam.com/new-river-gorge-webcam
Glacie r National Park Live Webcams,https://www.nationalparkcam.com/glacier-webcam,link,North Cascades Webcam,https://www.nationalparkcam.com/north-cascades-webcam
Glacie r National Park Live Webcams,https://www.nationalparkcam.com/glacier-webcam,link,Olympic Webcam,https://www.nationalparkcam.com/olympic-webcam
Glacie r National Park Live Webcams,https://www.nationalparkcam.com/glacier-webcam,link,Petrified Forest Webcam,https://www.nationalparkcam.com/petrified-forest-webcam
Glacie r National Park Live Webcams,https://www.nationalparkcam.com/glacier-webcam,link,Redwood National Park,https://www.nationalparkcam.com/redwood-national-park
Glacie r National Park Live Webcams,https://www.nationalparkcam.com/glacier-webcam,link,Rocky Mountain Webcam,https://www.nationalparkcam.com/rocky-mountain-webcam
Glacie r National Park Live Webcams,https://www.nationalparkcam.com/glacier-webcam,link,Shenandoah Webcam,https://www.nationalparkcam.com/shenandoah-webcam
Glacie r National Park Live Webcams,https://www.nationalparkcam.com/glacier-webcam,link,Theodore Roosevelt Webcam,https://www.nationalparkcam.com/theodore-roosevelt-webcam
Glacie r National Park Live Webcams,https://www.nationalparkcam.com/glacier-webcam,link,Virgin Islands Webcam,https://www.nationalparkcam.com/virgin-islands-webcam
Glacie r National Park Live Webcams,https://www.nationalparkcam.com/glacier-webcam,link,Wrangell-St. Elias Webcam,https://www.nationalparkcam.com/wrangell-st-elias-webcam
Glacie r National Park Live Webcams,https://www.nationalparkcam.com/glacier-webcam,link,Yellowstone Webcam,https://www.nationalparkcam.com/yellowstone-webcam
Glacie r National Park Live Webcams,https://www.nationalparkcam.com/glacier-webcam,link,Yosemite Webcam,https://www.nationalparkcam.com/yosemite-webcam
Glacie r National Park Live Webcams,https://www.nationalparkcam.com/glacier-webcam,link,Zion Webcam,https://www.nationalparkcam.com/zion-webcam
Glacie r National Park Live Webcams,https://www.nationalparkcam.com/glacier-webcam,link,"Glacier National Park A showcase of melting glaciers, alpine meadows, carved valleys, and spectacular lakes. With over 700 miles of trails, Glacier is a paradise for adventurous visitors seeking wilderness steeped in human history. Relive the days of old through historic chalets, lodges, and the famous Going-to-the-Sun Road.",https://www.google.com/url?q=https%3A%2F%2Fwww.nps.gov%2Fglac%2Findex.htm&sa=D&sntz=1&usg=AOvVaw0UkIWs0DyYr-5-Rb9xhmK8
Glacie r National Park Live Webcams,https://www.nationalparkcam.com/glacier-webcam,link,https://www.google.com/url?q=https%3A%2F%2Fglaciertourbase.com%2Ftours%2Fglacier-park%2Fboat%2Flake-mcdonald-scenic-boat-tour%3Fref%3Dglacier_webcam&sa=D&sntz=1&usg=AOvVaw1PzdcPYTE5f6S_r5QGb7Po,https://www.google.com/url?q=https%3A%2F%2Fglaciertourbase.com%2Ftours%2Fglacier-park%2Fboat%2Flake-mcdonald-scenic-boat-tour%3Fref%3Dglacier_webcam&sa=D&sntz=1&usg=AOvVaw1PzdcPYTE5f6S_r5QGb7Po
Glacie r National Park Live Webcams,https://www.nationalparkcam.com/glacier-webcam,link,https://www.google.com/url?q=https%3A%2F%2Fglaciertourbase.com%2Fexcursion-guides%2Four-ultimate-guide-to-glacier-national-parks-famous-lodges%3Fref%3Dglacier_webcam&sa=D&sntz=1&usg=AOvVaw2t6yfC9J6HEtvnE118vu4r,https://www.google.com/url?q=https%3A%2F%2Fglaciertourbase.com%2Fexcursion-guides%2Four-ultimate-guide-to-glacier-national-parks-famous-lodges%3Fref%3Dglacier_webcam&sa=D&sntz=1&usg=AOvVaw2t6yfC9J6HEtvnE118vu4r
Glacie r National Park Live Webcams,https://www.nationalparkcam.com/glacier-webcam,link,https://www.google.com/url?q=https%3A%2F%2Fglaciertourbase.com%2Ftours%3Fref%3Dglacier_webcam&sa=D&sntz=1&usg=AOvVaw04n-sOIwqp9AtXns6Zc1AS,https://www.google.com/url?q=https%3A%2F%2Fglaciertourbase.com%2Ftours%3Fref%3Dglacier_webcam&sa=D&sntz=1&usg=AOvVaw04n-sOIwqp9AtXns6Zc1AS
Glacie r National Park Live Webcams,https://www.nationalparkcam.com/glacier-webcam,link,Wikipedia,https://en.wikipedia.org/wiki/Glacier_National_Park_%28U.S.%29
Glacie r National Park Live Webcams,https://www.nationalparkcam.com/glacier-webcam,link,Glacier National Park Conservancy,https://glacier.org/
Glacie r National Park Live Webcams,https://www.nationalparkcam.com/glacier-webcam,link,Going-to-the-Sun Road,https://www.nps.gov/glac/planyourvisit/gtsrinfo.htm
Glacie r National Park Live Webcams,https://www.nationalparkcam.com/glacier-webcam,link,shuttle,https://www.nps.gov/glac/planyourvisit/shuttles.htm
Glacie r National Park Live Webcams,https://www.nationalparkcam.com/glacier-webcam,link,recreation.gov,https://www.recreation.gov/timed-entry/10087086
Glacie r National Park Live Webcams,https://www.nationalparkcam.com/glacier-webcam,link,NPS site,https://www.nps.gov/glac/planyourvisit/hikingthetrails.htm
Glacie r National Park Live Webcams,https://www.nationalparkcam.com/glacier-webcam,link,Lake McDonald,https://www.nps.gov/glac/planyourvisit/hikinglakemcdonald.htm
Glacie r National Park Live Webcams,https://www.nationalparkcam.com/glacier-webcam,link,Many Glacier,https://www.nps.gov/glac/planyourvisit/hikingmanyglacier.htm
Glacie r National Park Live Webcams,https://www.nationalparkcam.com/glacier-webcam,link,North Fork and Goat Haunt,https://www.nps.gov/glac/planyourvisit/hikingnorthfork.htm
Glacie r National Park Live Webcams,https://www.nationalparkcam.com/glacier-webcam,link,St Mary/Logan Pass,https://www.nps.gov/glac/planyourvisit/hikingstmary.htm
Glacie r National Park Live Webcams,https://www.nationalparkcam.com/glacier-webcam,link,Two Medicine,https://www.nps.gov/glac/planyourvisit/hikingtwomedicine.htm
Glacie r National Park Live Webcams,https://www.nationalparkcam.com/glacier-webcam,link,how to use bear spray,https://www.rei.com/blog/hike/how-to-use-bear-spray
Glacie r National Park Live Webcams,https://www.nationalparkcam.com/glacier-webcam,link,recreation.gov,https://www.recreation.gov/permits/4675321
Glacie r National Park Live Webcams,https://www.nationalparkcam.com/glacier-webcam,link,website,https://www.graniteparkchalet.com/index.php
Glacie r National Park Live Webcams,https://www.nationalparkcam.com/glacier-webcam,link,campgrounds,https://www.nps.gov/glac/planyourvisit/camping.htm
Glacie r National Park Live Webcams,https://www.nationalparkcam.com/glacier-webcam,link,campgrounds,https://www.nps.gov/glac/planyourvisit/first-come-first-served-campgrounds.htm
Glacie r National Park Live Webcams,https://www.nationalparkcam.com/glacier-webcam,link,Reservation Campgrounds,https://www.nps.gov/glac/planyourvisit/reservation-campgrounds.htm
Glacie r National Park Live Webcams,https://www.nationalparkcam.com/glacier-webcam,link,recreation.gov,https://www.recreation.gov/camping/gateways/2725
Glacie r National Park Live Webcams,https://www.nationalparkcam.com/glacier-webcam,link,NPS website,https://www.nps.gov/glac/planyourvisit/lodgingrestaurantsservices.htm
Glacie r National Park Live Webcams,https://www.nationalparkcam.com/glacier-webcam,link,Lake McDonald Lodge,https://www.glaciernationalparklodges.com/lodging/lake-mcdonald-lodge/
Glacie r National Park Live Webcams,https://www.nationalparkcam.com/glacier-webcam,link,Many Glacier Hotel,https://www.glaciernationalparklodges.com/lodging/many-glacier-hotel/
Glacie r National Park Live Webcams,https://www.nationalparkcam.com/glacier-webcam,link,Apgar Village Lodge,https://www.glaciernationalparklodges.com/lodging/village-inn-at-apgar/
Glacie r National Park Live Webcams,https://www.nationalparkcam.com/glacier-webcam,link,Motel Lake McDonald,https://www.glacierparkcollection.com/lodging/motel-lake-mcdonald/?gad_source=1&gclid=CjwKCAiA8sauBhB3EiwAruTRJvu98zBkjgL1cNRWm3O739cEIL0uwVX9Ep4T2DEq8ucxe2hnOlrjbhoC96wQAvD_BwE
Glacie r National Park Live Webcams,https://www.nationalparkcam.com/glacier-webcam,link,Sperry Chalet,https://www.sperrychalet.com/
Glacie r National Park Live Webcams,https://www.nationalparkcam.com/glacier-webcam,link,Granite Park Chalet,https://www.graniteparkchalet.com/
Glacie r National Park Live Webcams,https://www.nationalparkcam.com/glacier-webcam,link,Eddie ' s Cafe,https://eddiescafegifts.com/
Glacie r National Park Live Webcams,https://www.nationalparkcam.com/glacier-webcam,link,Russell ' s Fireside Dining Room,https://www.glaciernationalparklodges.com/dining/lake-mcdonald-lodge/russells-fireside-dining-room/
Glacie r National Park Live Webcams,https://www.nationalparkcam.com/glacier-webcam,link,Jammer Joe ' s Grill & Pizzeria,https://www.glaciernationalparklodges.com/dining/lake-mcdonald-lodge/jammer-joes-grill-pizzeria/
Glacie r National Park Live Webcams,https://www.nationalparkcam.com/glacier-webcam,link,Lucke ' s Lounge,https://www.glaciernationalparklodges.com/dining/lake-mcdonald-lodge/luckes-lounge/
Glacie r National Park Live Webcams,https://www.nationalparkcam.com/glacier-webcam,link,Ptarmigan Dining Room,https://www.glaciernationalparklodges.com/dining/many-glacier-hotel/the-ptarmigan-dining-room/
Glacie r National Park Live Webcams,https://www.nationalparkcam.com/glacier-webcam,link,Swiss Lounge,https://www.glaciernationalparklodges.com/dining/many-glacier-hotel/swiss-lounge/
Glacie r National Park Live Webcams,https://www.nationalparkcam.com/glacier-webcam,link,Nell ' s,https://www.glaciernationalparklodges.com/dining/swiftcurrent-motor-inn-cabins/swiftcurrent-restaurant/
Glacie r National Park Live Webcams,https://www.nationalparkcam.com/glacier-webcam,link,Heidi ' s Snack Shop & Espresso Stand,https://www.glaciernationalparklodges.com/dining/many-glacier-hotel/heidis-snack-shop-espresso-stand/
Glacie r National Park Live Webcams,https://www.nationalparkcam.com/glacier-webcam,link,Eddie ' s Mercantile,https://eddiescafegifts.com/mercantile/
Glacie r National Park Live Webcams,https://www.nationalparkcam.com/glacier-webcam,link,mailto:npcam012@gmail.com,mailto:npcam012@gmail.com
Glacie r National Park Live Webcams,https://www.nationalparkcam.com/glacier-webcam,image,Image,https://lh3.googleusercontent.com/docsubipk/AP9E6xXAv2NqmiiDT-ziS351gKEJHKV74i3hHzVdU1XuLnpGuIRlpjV6269jS5sdFVx1DT65f8WXZGsuyNSYL8zzuEnOJWvG6gh3xoYLmC_AxF2IbsbF3thUUfLwlFcBeUGVPbZV08QNaGzBKTjBhMhPmTyu9bcjg7bmT81bsWL8aJal2INIRSa15OA
Glacie r National Park Live Webcams,https://www.nationalparkcam.com/glacier-webcam,image,Image,https://lh3.googleusercontent.com/sitesv/AA5AbUBOFSlrUDveV4qeX0s-37JzbUlTJRrIqTOE7VdBCi4kaojJNXap5oKsuBWFa11EB_0gDp8BsSpviHDmXX75MWfqhqmZ059VQhdgTeDt17zNsTUnuEQpgNp9QcTpAG_kJIJ3uGGOkQmnVzZFVuPw-U5ZwY5IUxLvuf1aRRrPzZHJ24elyyOifv4rxUqRAcSZoAeIyBUh-xVKUGTJ3RxPkds0Xc_Ua-YTEzydGSk=w1280
Glacie r National Park Live Webcams,https://www.nationalparkcam.com/glacier-webcam,image,Image,https://lh3.googleusercontent.com/sitesv/AA5AbUD7LHqicr9DxeeOzdp74opMx8alOKxS8yLfgUmOuXPE0GPJAH5adr03do8wHcBBuRAq_ceMeVd6RsUSuBhuZWfa-RlDhtUmiiUnZrbWWwB3Rs_3byLeaV8v-bET8qvwPMBZBeFyDgWVDszj5WtY9JTxBZlrcgNHe328KrvZjIDFmTRaP_-0hXn3QpT3w6Sr51yzfnkPbpOmJx2GxT3HXGr7oEZlQ5dXUYqWdsk=w1280
Glacie r National Park Live Webcams,https://www.nationalparkcam.com/glacier-webcam,image,Image,https://lh3.googleusercontent.com/sitesv/AA5AbUCGezT7uNnTEaz1R7qXFjC16LjnFpOQRwEuZZgZPQhQBJilHoKt1Nln3U-JXnZ1cWpnmg9ZggyiZAwQ_oE7hWiPQrN8ecQ2feq0KEwmg-K4_eKrP-dkh4NtXv2EJJV7uZ6W1mdhgGup2A4pGVv5YnzBXkq6-M5EiMrckAbl-UG2jqguqje-MndvGk8_82IXG8qjEFpQwcArqHQT1g2GguhtfzNi6wcT3r9gs_I=w1280
Glacie r National Park Live Webcams,https://www.nationalparkcam.com/glacier-webcam,image,Email,https://ssl.gstatic.com/atari/images/sociallinks/email_white_28dp.png
Glacie r National Park Live Webcams,https://www.nationalparkcam.com/glacier-webcam,embed,Custom embed,google-sites-frame:20c41085dfbbe9cf_4
Glacie r National Park Live Webcams,https://www.nationalparkcam.com/glacier-webcam,embed,Custom embed,google-sites-frame:6bc8268dbc6878cf_197
Glacie r National Park Live Webcams,https://www.nationalparkcam.com/glacier-webcam,embed,"Map, Untitled Location","https://maps-api-ssl.google.com/maps?hl=en-US&ll=48.631725,-113.722772&output=embed&q=48.716062,-113.785943+(Untitled+Location)&z=9"
Glacie r National Park Live Webcams,https://www.nationalparkcam.com/glacier-webcam,embed,Custom embed,google-sites-frame:6bc8268dbc6878cf_159
Glacie r National Park Live Webcams,https://www.nationalparkcam.com/glacier-webcam,embed,Custom embed,google-sites-frame:6bc8268dbc6878cf_164
Glacie r National Park Live Webcams,https://www.nationalparkcam.com/glacier-webcam,embed,Custom embed,google-sites-frame:6bc8268dbc6878cf_170
Glacie r National Park Live Webcams,https://www.nationalparkcam.com/glacier-webcam,embed,Custom embed,google-sites-frame:6bc8268dbc6878cf_175
Glacie r National Park Live Webcams,https://www.nationalparkcam.com/glacier-webcam,embed,Custom embed,google-sites-frame:6bc8268dbc6878cf_208
Glacie r National Park Live Webcams,https://www.nationalparkcam.com/glacier-webcam,embed,Custom embed,google-sites-frame:6bc8268dbc6878cf_213
Glacie r National Park Live Webcams,https://www.nationalparkcam.com/glacier-webcam,embed,Custom embed,google-sites-frame:3f2454f0bbd1ebb8_3
Glacie r National Park Live Webcams,https://www.nationalparkcam.com/glacier-webcam,embed,Custom embed,google-sites-frame:3f2454f0bbd1ebb8_8
Glacie r National Park Live Webcams,https://www.nationalparkcam.com/glacier-webcam,embed,Custom embed,google-sites-frame:3f2454f0bbd1ebb8_14
Glacie r National Park Live Webcams,https://www.nationalparkcam.com/glacier-webcam,embed,Custom embed,google-sites-frame:3f2454f0bbd1ebb8_19
Glacie r National Park Live Webcams,https://www.nationalparkcam.com/glacier-webcam,embed,Custom embed,google-sites-frame:3f2454f0bbd1ebb8_25
Glacie r National Park Live Webcams,https://www.nationalparkcam.com/glacier-webcam,embed,Custom embed,google-sites-frame:3f2454f0bbd1ebb8_30
Glacie r National Park Live Webcams,https://www.nationalparkcam.com/glacier-webcam,embed,Custom embed,google-sites-frame:99cbf664d030318_3
Glacie r National Park Live Webcams,https://www.nationalparkcam.com/glacier-webcam,embed,Custom embed,google-sites-frame:259068e51d791a8f_3
G rand Canyon National Park Live Webcams,https://www.nationalparkcam.com/grand-canyon-webcam,link,National Parks Webcams,https://www.nationalparkcam.com/national-park-webcam-home
G rand Canyon National Park Live Webcams,https://www.nationalparkcam.com/grand-canyon-webcam,link,Acadia Webcam,https://www.nationalparkcam.com/acadia-webcam
G rand Canyon National Park Live Webcams,https://www.nationalparkcam.com/grand-canyon-webcam,link,Arches Webcam,https://www.nationalparkcam.com/arches-webcam
G rand Canyon National Park Live Webcams,https://www.nationalparkcam.com/grand-canyon-webcam,link,Big Bend Webcam,https://www.nationalparkcam.com/big-bend-webcam
G rand Canyon National Park Live Webcams,https://www.nationalparkcam.com/grand-canyon-webcam,link,Black Canyon of the Gunnison Webcam,https://www.nationalparkcam.com/black-canyon-of-the-gunnison-webcam
G rand Canyon National Park Live Webcams,https://www.nationalparkcam.com/grand-canyon-webcam,link,Bryce Canyon Webcam,https://www.nationalparkcam.com/bryce-canyon-webcam
G rand Canyon National Park Live Webcams,https://www.nationalparkcam.com/grand-canyon-webcam,link,Channel Islands Webcam,https://www.nationalparkcam.com/channel-islands-webcam
G rand Canyon National Park Live Webcams,https://www.nationalparkcam.com/grand-canyon-webcam,link,Crater Lake Webcam,https://www.nationalparkcam.com/crater-lake-webcam
G rand Canyon National Park Live Webcams,https://www.nationalparkcam.com/grand-canyon-webcam,link,Denali Webcam,https://www.nationalparkcam.com/denali-webcam
G rand Canyon National Park Live Webcams,https://www.nationalparkcam.com/grand-canyon-webcam,link,Everglades Webcam,https://www.nationalparkcam.com/everglades-webcam
G rand Canyon National Park Live Webcams,https://www.nationalparkcam.com/grand-canyon-webcam,link,Glacier Bay Webcam,https://www.nationalparkcam.com/glacier-bay-webcam
G rand Canyon National Park Live Webcams,https://www.nationalparkcam.com/grand-canyon-webcam,link,Glacier Webcam,https://www.nationalparkcam.com/glacier-webcam
G rand Canyon National Park Live Webcams,https://www.nationalparkcam.com/grand-canyon-webcam,link,Grand Canyon Webcam,https://www.nationalparkcam.com/grand-canyon-webcam
G rand Canyon National Park Live Webcams,https://www.nationalparkcam.com/grand-canyon-webcam,link,Grand Tetons Webcam,https://www.nationalparkcam.com/grand-tetons-webcam
G rand Canyon National Park Live Webcams,https://www.nationalparkcam.com/grand-canyon-webcam,link,Great Smoky Mountains Webcam,https://www.nationalparkcam.com/great-smoky-mountains-webcam
G rand Canyon National Park Live Webcams,https://www.nationalparkcam.com/grand-canyon-webcam,link,Guadalupe Mountains Webcam,https://www.nationalparkcam.com/guadalupe-mountains-webcam
G rand Canyon National Park Live Webcams,https://www.nationalparkcam.com/grand-canyon-webcam,link,Haleakala Webcam,https://www.nationalparkcam.com/haleakala-webcam
G rand Canyon National Park Live Webcams,https://www.nationalparkcam.com/grand-canyon-webcam,link,Hawaii Volcanoes Webcam,https://www.nationalparkcam.com/hawaii-volcanoes-webcam
G rand Canyon National Park Live Webcams,https://www.nationalparkcam.com/grand-canyon-webcam,link,Isle Royale National Park Webcam,https://www.nationalparkcam.com/isle-royale-national-park-webcam
G rand Canyon National Park Live Webcams,https://www.nationalparkcam.com/grand-canyon-webcam,link,Joshua Tree Webcam,https://www.nationalparkcam.com/joshua-tree-webcam
G rand Canyon National Park Live Webcams,https://www.nationalparkcam.com/grand-canyon-webcam,link,Katmai Webcam,https://www.nationalparkcam.com/katmai-webcam
G rand Canyon National Park Live Webcams,https://www.nationalparkcam.com/grand-canyon-webcam,link,Kings Canyon Webcam,https://www.nationalparkcam.com/kings-canyon-webcam
G rand Canyon National Park Live Webcams,https://www.nationalparkcam.com/grand-canyon-webcam,link,Lassen Volcano Webcam,https://www.nationalparkcam.com/lassen-volcano-webcam
G rand Canyon National Park Live Webcams,https://www.nationalparkcam.com/grand-canyon-webcam,link,Mammoth Cave Webcam,https://www.nationalparkcam.com/mammoth-cave-webcam
G rand Canyon National Park Live Webcams,https://www.nationalparkcam.com/grand-canyon-webcam,link,Mount Rainier Webcam,https://www.nationalparkcam.com/mount-rainier-webcam
G rand Canyon National Park Live Webcams,https://www.nationalparkcam.com/grand-canyon-webcam,link,New River Gorge Webcam,https://www.nationalparkcam.com/new-river-gorge-webcam
G rand Canyon National Park Live Webcams,https://www.nationalparkcam.com/grand-canyon-webcam,link,North Cascades Webcam,https://www.nationalparkcam.com/north-cascades-webcam
G rand Canyon National Park Live Webcams,https://www.nationalparkcam.com/grand-canyon-webcam,link,Olympic Webcam,https://www.nationalparkcam.com/olympic-webcam
G rand Canyon National Park Live Webcams,https://www.nationalparkcam.com/grand-canyon-webcam,link,Petrified Forest Webcam,https://www.nationalparkcam.com/petrified-forest-webcam
G rand Canyon National Park Live Webcams,https://www.nationalparkcam.com/grand-canyon-webcam,link,Redwood National Park,https://www.nationalparkcam.com/redwood-national-park
G rand Canyon National Park Live Webcams,https://www.nationalparkcam.com/grand-canyon-webcam,link,Rocky Mountain Webcam,https://www.nationalparkcam.com/rocky-mountain-webcam
G rand Canyon National Park Live Webcams,https://www.nationalparkcam.com/grand-canyon-webcam,link,Shenandoah Webcam,https://www.nationalparkcam.com/shenandoah-webcam
G rand Canyon National Park Live Webcams,https://www.nationalparkcam.com/grand-canyon-webcam,link,Theodore Roosevelt Webcam,https://www.nationalparkcam.com/theodore-roosevelt-webcam
G rand Canyon National Park Live Webcams,https://www.nationalparkcam.com/grand-canyon-webcam,link,Virgin Islands Webcam,https://www.nationalparkcam.com/virgin-islands-webcam
G rand Canyon National Park Live Webcams,https://www.nationalparkcam.com/grand-canyon-webcam,link,Wrangell-St. Elias Webcam,https://www.nationalparkcam.com/wrangell-st-elias-webcam
G rand Canyon National Park Live Webcams,https://www.nationalparkcam.com/grand-canyon-webcam,link,Yellowstone Webcam,https://www.nationalparkcam.com/yellowstone-webcam
G rand Canyon National Park Live Webcams,https://www.nationalparkcam.com/grand-canyon-webcam,link,Yosemite Webcam,https://www.nationalparkcam.com/yosemite-webcam
G rand Canyon National Park Live Webcams,https://www.nationalparkcam.com/grand-canyon-webcam,link,Zion Webcam,https://www.nationalparkcam.com/zion-webcam
G rand Canyon National Park Live Webcams,https://www.nationalparkcam.com/grand-canyon-webcam,link,"Grand Canyon National Park Grand Canyon National Park, in Northern Arizona, encompasses 278 miles (447 km) of the Colorado River and adjacent uplands. Located on ancestral homeland of 11 Associated Tribes, Grand Canyon is one of the most spectacular examples of erosion anywhere in the world—unmatched in the incomparable vistas it offers visitors from the rims. The South Rim is open. The North Rim is CLOSED for the winter.",https://www.google.com/url?q=https%3A%2F%2Fwww.nps.gov%2Fgrca%2Findex.htm&sa=D&sntz=1&usg=AOvVaw2miWEp7brhWBaMbGzncJFY
G rand Canyon National Park Live Webcams,https://www.nationalparkcam.com/grand-canyon-webcam,link,Wikipedia,https://en.wikipedia.org/wiki/Grand_Canyon_National_Park
G rand Canyon National Park Live Webcams,https://www.nationalparkcam.com/grand-canyon-webcam,link,day,https://www.nps.gov/grca/planyourvisit/day-hiking.htm
G rand Canyon National Park Live Webcams,https://www.nationalparkcam.com/grand-canyon-webcam,link,permits,https://www.nps.gov/grca/planyourvisit/backcountry-permit.htm
G rand Canyon National Park Live Webcams,https://www.nationalparkcam.com/grand-canyon-webcam,link,Phantom Ranch,https://www.grandcanyonlodges.com/lodging/phantom-ranch/
G rand Canyon National Park Live Webcams,https://www.nationalparkcam.com/grand-canyon-webcam,link,shuttle,https://www.nps.gov/grca/getinvolved/cua-list.htm
G rand Canyon National Park Live Webcams,https://www.nationalparkcam.com/grand-canyon-webcam,link,campgrounds,https://www.nps.gov/grca/planyourvisit/camping.htm
G rand Canyon National Park Live Webcams,https://www.nationalparkcam.com/grand-canyon-webcam,link,recreation.gov,https://www.recreation.gov/camping/gateways/2733
G rand Canyon National Park Live Webcams,https://www.nationalparkcam.com/grand-canyon-webcam,link,Mather Campground,https://www.nps.gov/grca/planyourvisit/mather-campground-south-rim.htm
G rand Canyon National Park Live Webcams,https://www.nationalparkcam.com/grand-canyon-webcam,link,Trailer Village RV Park,https://www.visitgrandcanyon.com/stay/lodging/trailer-village-rv-park/
G rand Canyon National Park Live Webcams,https://www.nationalparkcam.com/grand-canyon-webcam,link,Desert View Campground,https://www.nps.gov/grca/planyourvisit/desert-view-campground.htm
G rand Canyon National Park Live Webcams,https://www.nationalparkcam.com/grand-canyon-webcam,link,Ten-X Campground,https://www.recreation.gov/camping/campgrounds/234488
G rand Canyon National Park Live Webcams,https://www.nationalparkcam.com/grand-canyon-webcam,link,The North Rim Campground,https://www.nps.gov/grca/planyourvisit/cg-nr.htm
G rand Canyon National Park Live Webcams,https://www.nationalparkcam.com/grand-canyon-webcam,link,DeMotte Campground,https://www.recreation.gov/camping/campgrounds/234722
G rand Canyon National Park Live Webcams,https://www.nationalparkcam.com/grand-canyon-webcam,link,The Bright Angel Lodge,https://www.grandcanyonlodges.com/lodging/bright-angel-lodge-cabins/
G rand Canyon National Park Live Webcams,https://www.nationalparkcam.com/grand-canyon-webcam,link,El Tovar,https://www.grandcanyonlodges.com/lodging/el-tovar-hotel/
G rand Canyon National Park Live Webcams,https://www.nationalparkcam.com/grand-canyon-webcam,link,The Kachina Lodge,https://www.grandcanyonlodges.com/lodging/kachina-lodge/
G rand Canyon National Park Live Webcams,https://www.nationalparkcam.com/grand-canyon-webcam,link,Thunderbird Lodge,https://www.grandcanyonlodges.com/lodging/thunderbird-lodge/
G rand Canyon National Park Live Webcams,https://www.nationalparkcam.com/grand-canyon-webcam,link,The Maswick,https://www.grandcanyonlodges.com/lodging/maswik-lodge/
G rand Canyon National Park Live Webcams,https://www.nationalparkcam.com/grand-canyon-webcam,link,Yavapai Lodge,https://www.visitgrandcanyon.com/stay/lodging/yavapai-lodge/
G rand Canyon National Park Live Webcams,https://www.nationalparkcam.com/grand-canyon-webcam,link,The Grand Canyon Lodge,https://www.grandcanyonnorth.com/
G rand Canyon National Park Live Webcams,https://www.nationalparkcam.com/grand-canyon-webcam,link,El Tovar Dining Room,https://www.grandcanyonlodges.com/dine/el-tovar-dining-room-and-lounge/
G rand Canyon National Park Live Webcams,https://www.nationalparkcam.com/grand-canyon-webcam,link,Yavapai Tavern,https://www.visitgrandcanyon.com/dining/yavapai-tavern/
G rand Canyon National Park Live Webcams,https://www.nationalparkcam.com/grand-canyon-webcam,link,Big E Steakhouse & Saloon,https://bigesteakhouse.com/
G rand Canyon National Park Live Webcams,https://www.nationalparkcam.com/grand-canyon-webcam,link,Arizona Room,https://www.grandcanyonlodges.com/dine/arizona-room/
G rand Canyon National Park Live Webcams,https://www.nationalparkcam.com/grand-canyon-webcam,link,"Bright Angel Restaurant, Fountain & Bar",https://www.grandcanyonlodges.com/dining/bright-angel-fountain/
G rand Canyon National Park Live Webcams,https://www.nationalparkcam.com/grand-canyon-webcam,link,Harvey House Cafe,https://www.grandcanyonlodges.com/dine/harvey-house-cafe/
G rand Canyon National Park Live Webcams,https://www.nationalparkcam.com/grand-canyon-webcam,link,Grand Canyon Lodge Dining Room,https://www.grandcanyonnorth.com/dining/grand-canyon-lodge-dining-room/
G rand Canyon National Park Live Webcams,https://www.nationalparkcam.com/grand-canyon-webcam,link,Deli in the Pines,https://www.grandcanyonnorth.com/dining/deli-in-the-pines/
G rand Canyon National Park Live Webcams,https://www.nationalparkcam.com/grand-canyon-webcam,link,Roughrider Saloon,https://www.grandcanyonnorth.com/dining/roughrider-saloon/
G rand Canyon National Park Live Webcams,https://www.nationalparkcam.com/grand-canyon-webcam,link,Phantom Ranch,https://www.grandcanyonlodges.com/dine/phantom-ranch-canteen/
G rand Canyon National Park Live Webcams,https://www.nationalparkcam.com/grand-canyon-webcam,link,Canyon Village Market & Deli,https://www.visitgrandcanyon.com/dining/canyon-village-market-deli/
G rand Canyon National Park Live Webcams,https://www.nationalparkcam.com/grand-canyon-webcam,link,mailto:npcam012@gmail.com,mailto:npcam012@gmail.com
G rand Canyon National Park Live Webcams,https://www.nationalparkcam.com/grand-canyon-webcam,image,Image,https://lh3.googleusercontent.com/docsubipk/AP9E6xUQnc0qJsIbx5wDp2Dd03Tr3-e6TUPaAifI7xDoaISo0UKSdeTlv1qLbkpgarXgfYxz3Hpyl2CMQz7N4dADx_kARXWaO6GQpzglfVUr3qRGBl-OlTceOOaj4hSWOHbRC6ybdtPlB5Lnq5-GZ5OFXsvEkEW5i-9LuyP9AkpXPmNOV_VBvpNyzLM
G rand Canyon National Park Live Webcams,https://www.nationalparkcam.com/grand-canyon-webcam,image,Email,https://ssl.gstatic.com/atari/images/sociallinks/email_white_28dp.png
G rand Canyon National Park Live Webcams,https://www.nationalparkcam.com/grand-canyon-webcam,embed,Custom embed,google-sites-frame:20c41085dfbbe9cf_8
G rand Canyon National Park Live Webcams,https://www.nationalparkcam.com/grand-canyon-webcam,embed,Custom embed,google-sites-frame:3f2454f0bbd1ebb8_86
G rand Canyon National Park Live Webcams,https://www.nationalparkcam.com/grand-canyon-webcam,embed,"Map, Untitled Location","https://maps-api-ssl.google.com/maps?hl=en-US&ll=36.167854,-112.092233&output=embed&q=36.140133,-112.100472+(Untitled+Location)&z=9"
G rand Canyon National Park Live Webcams,https://www.nationalparkcam.com/grand-canyon-webcam,embed,Custom embed,google-sites-frame:3f2454f0bbd1ebb8_56
G rand Canyon National Park Live Webcams,https://www.nationalparkcam.com/grand-canyon-webcam,embed,Custom embed,google-sites-frame:3f2454f0bbd1ebb8_61
G rand Canyon National Park Live Webcams,https://www.nationalparkcam.com/grand-canyon-webcam,embed,Custom embed,google-sites-frame:3f2454f0bbd1ebb8_67
G rand Canyon National Park Live Webcams,https://www.nationalparkcam.com/grand-canyon-webcam,embed,Custom embed,google-sites-frame:3f2454f0bbd1ebb8_72
G rand Canyon National Park Live Webcams,https://www.nationalparkcam.com/grand-canyon-webcam,embed,Custom embed,google-sites-frame:5782dfee18f855ca_23
G rand Canyon National Park Live Webcams,https://www.nationalparkcam.com/grand-canyon-webcam,embed,Custom embed,google-sites-frame:5782dfee18f855ca_3
Grand Teton National Park Live Webcams,https://www.nationalparkcam.com/grand-tetons-webcam,link,National Parks Webcams,https://www.nationalparkcam.com/national-park-webcam-home
Grand Teton National Park Live Webcams,https://www.nationalparkcam.com/grand-tetons-webcam,link,Acadia Webcam,https://www.nationalparkcam.com/acadia-webcam
Grand Teton National Park Live Webcams,https://www.nationalparkcam.com/grand-tetons-webcam,link,Arches Webcam,https://www.nationalparkcam.com/arches-webcam
Grand Teton National Park Live Webcams,https://www.nationalparkcam.com/grand-tetons-webcam,link,Big Bend Webcam,https://www.nationalparkcam.com/big-bend-webcam
Grand Teton National Park Live Webcams,https://www.nationalparkcam.com/grand-tetons-webcam,link,Black Canyon of the Gunnison Webcam,https://www.nationalparkcam.com/black-canyon-of-the-gunnison-webcam
Grand Teton National Park Live Webcams,https://www.nationalparkcam.com/grand-tetons-webcam,link,Bryce Canyon Webcam,https://www.nationalparkcam.com/bryce-canyon-webcam
Grand Teton National Park Live Webcams,https://www.nationalparkcam.com/grand-tetons-webcam,link,Channel Islands Webcam,https://www.nationalparkcam.com/channel-islands-webcam
Grand Teton National Park Live Webcams,https://www.nationalparkcam.com/grand-tetons-webcam,link,Crater Lake Webcam,https://www.nationalparkcam.com/crater-lake-webcam
Grand Teton National Park Live Webcams,https://www.nationalparkcam.com/grand-tetons-webcam,link,Denali Webcam,https://www.nationalparkcam.com/denali-webcam
Grand Teton National Park Live Webcams,https://www.nationalparkcam.com/grand-tetons-webcam,link,Everglades Webcam,https://www.nationalparkcam.com/everglades-webcam
Grand Teton National Park Live Webcams,https://www.nationalparkcam.com/grand-tetons-webcam,link,Glacier Bay Webcam,https://www.nationalparkcam.com/glacier-bay-webcam
Grand Teton National Park Live Webcams,https://www.nationalparkcam.com/grand-tetons-webcam,link,Glacier Webcam,https://www.nationalparkcam.com/glacier-webcam
Grand Teton National Park Live Webcams,https://www.nationalparkcam.com/grand-tetons-webcam,link,Grand Canyon Webcam,https://www.nationalparkcam.com/grand-canyon-webcam
Grand Teton National Park Live Webcams,https://www.nationalparkcam.com/grand-tetons-webcam,link,Grand Tetons Webcam,https://www.nationalparkcam.com/grand-tetons-webcam
Grand Teton National Park Live Webcams,https://www.nationalparkcam.com/grand-tetons-webcam,link,Great Smoky Mountains Webcam,https://www.nationalparkcam.com/great-smoky-mountains-webcam
Grand Teton National Park Live Webcams,https://www.nationalparkcam.com/grand-tetons-webcam,link,Guadalupe Mountains Webcam,https://www.nationalparkcam.com/guadalupe-mountains-webcam
Grand Teton National Park Live Webcams,https://www.nationalparkcam.com/grand-tetons-webcam,link,Haleakala Webcam,https://www.nationalparkcam.com/haleakala-webcam
Grand Teton National Park Live Webcams,https://www.nationalparkcam.com/grand-tetons-webcam,link,Hawaii Volcanoes Webcam,https://www.nationalparkcam.com/hawaii-volcanoes-webcam
Grand Teton National Park Live Webcams,https://www.nationalparkcam.com/grand-tetons-webcam,link,Isle Royale National Park Webcam,https://www.nationalparkcam.com/isle-royale-national-park-webcam
Grand Teton National Park Live Webcams,https://www.nationalparkcam.com/grand-tetons-webcam,link,Joshua Tree Webcam,https://www.nationalparkcam.com/joshua-tree-webcam
Grand Teton National Park Live Webcams,https://www.nationalparkcam.com/grand-tetons-webcam,link,Katmai Webcam,https://www.nationalparkcam.com/katmai-webcam
Grand Teton National Park Live Webcams,https://www.nationalparkcam.com/grand-tetons-webcam,link,Kings Canyon Webcam,https://www.nationalparkcam.com/kings-canyon-webcam
Grand Teton National Park Live Webcams,https://www.nationalparkcam.com/grand-tetons-webcam,link,Lassen Volcano Webcam,https://www.nationalparkcam.com/lassen-volcano-webcam
Grand Teton National Park Live Webcams,https://www.nationalparkcam.com/grand-tetons-webcam,link,Mammoth Cave Webcam,https://www.nationalparkcam.com/mammoth-cave-webcam
Grand Teton National Park Live Webcams,https://www.nationalparkcam.com/grand-tetons-webcam,link,Mount Rainier Webcam,https://www.nationalparkcam.com/mount-rainier-webcam
Grand Teton National Park Live Webcams,https://www.nationalparkcam.com/grand-tetons-webcam,link,New River Gorge Webcam,https://www.nationalparkcam.com/new-river-gorge-webcam
Grand Teton National Park Live Webcams,https://www.nationalparkcam.com/grand-tetons-webcam,link,North Cascades Webcam,https://www.nationalparkcam.com/north-cascades-webcam
Grand Teton National Park Live Webcams,https://www.nationalparkcam.com/grand-tetons-webcam,link,Olympic Webcam,https://www.nationalparkcam.com/olympic-webcam
Grand Teton National Park Live Webcams,https://www.nationalparkcam.com/grand-tetons-webcam,link,Petrified Forest Webcam,https://www.nationalparkcam.com/petrified-forest-webcam
Grand Teton National Park Live Webcams,https://www.nationalparkcam.com/grand-tetons-webcam,link,Redwood National Park,https://www.nationalparkcam.com/redwood-national-park
Grand Teton National Park Live Webcams,https://www.nationalparkcam.com/grand-tetons-webcam,link,Rocky Mountain Webcam,https://www.nationalparkcam.com/rocky-mountain-webcam
Grand Teton National Park Live Webcams,https://www.nationalparkcam.com/grand-tetons-webcam,link,Shenandoah Webcam,https://www.nationalparkcam.com/shenandoah-webcam
Grand Teton National Park Live Webcams,https://www.nationalparkcam.com/grand-tetons-webcam,link,Theodore Roosevelt Webcam,https://www.nationalparkcam.com/theodore-roosevelt-webcam
Grand Teton National Park Live Webcams,https://www.nationalparkcam.com/grand-tetons-webcam,link,Virgin Islands Webcam,https://www.nationalparkcam.com/virgin-islands-webcam
Grand Teton National Park Live Webcams,https://www.nationalparkcam.com/grand-tetons-webcam,link,Wrangell-St. Elias Webcam,https://www.nationalparkcam.com/wrangell-st-elias-webcam
Grand Teton National Park Live Webcams,https://www.nationalparkcam.com/grand-tetons-webcam,link,Yellowstone Webcam,https://www.nationalparkcam.com/yellowstone-webcam
Grand Teton National Park Live Webcams,https://www.nationalparkcam.com/grand-tetons-webcam,link,Yosemite Webcam,https://www.nationalparkcam.com/yosemite-webcam
Grand Teton National Park Live Webcams,https://www.nationalparkcam.com/grand-tetons-webcam,link,Zion Webcam,https://www.nationalparkcam.com/zion-webcam
Grand Teton National Park Live Webcams,https://www.nationalparkcam.com/grand-tetons-webcam,link,"Grand Teton National Park Rising above a scene rich with extraordinary wildlife, pristine lakes, and alpine terrain, the Teton Range stands as a monument to the people who fought to protect it. These are mountains of the imagination. Mountains that led to the creation of Grand Teton National Park where you can explore over two hundred miles of trails, float the Snake River, and enjoy the serenity of this remarkable place.",https://www.google.com/url?q=https%3A%2F%2Fwww.nps.gov%2Fgrte%2Findex.htm&sa=D&sntz=1&usg=AOvVaw3ggxIJXrpgWenv-Gxafo1f
Grand Teton National Park Live Webcams,https://www.nationalparkcam.com/grand-tetons-webcam,link,"2022 , 2.81 million visited the park.",https://en.wikipedia.org/wiki/Grand_Teton_National_Park
Grand Teton National Park Live Webcams,https://www.nationalparkcam.com/grand-tetons-webcam,link,what to do,https://www.rei.com/blog/hike/how-to-use-bear-spray
Grand Teton National Park Live Webcams,https://www.nationalparkcam.com/grand-tetons-webcam,link,Day Hikes,https://www.nps.gov/grte/planyourvisit/hike.htm
Grand Teton National Park Live Webcams,https://www.nationalparkcam.com/grand-tetons-webcam,link,Phelps Lake Overlook,https://home.nps.gov/thingstodo/phelpsoverlook.htm
Grand Teton National Park Live Webcams,https://www.nationalparkcam.com/grand-tetons-webcam,link,Jenny Lake Loop,https://home.nps.gov/thingstodo/jennylakeloop.htm
Grand Teton National Park Live Webcams,https://www.nationalparkcam.com/grand-tetons-webcam,link,Taggart and Bradley Lakes,https://home.nps.gov/thingstodo/taggartbradley.htm
Grand Teton National Park Live Webcams,https://www.nationalparkcam.com/grand-tetons-webcam,link,Death Canyon to the Patrol Cabin,https://home.nps.gov/thingstodo/deathcanyon.htm
Grand Teton National Park Live Webcams,https://www.nationalparkcam.com/grand-tetons-webcam,link,Backpacking,https://www.nps.gov/grte/planyourvisit/back.htm
Grand Teton National Park Live Webcams,https://www.nationalparkcam.com/grand-tetons-webcam,link,Permits,https://www.recreation.gov/permits/4675342
Grand Teton National Park Live Webcams,https://www.nationalparkcam.com/grand-tetons-webcam,link,Paintbrush Canyon to Cascade Canyon,https://home.nps.gov/thingstodo/paintbrushcascade.htm
Grand Teton National Park Live Webcams,https://www.nationalparkcam.com/grand-tetons-webcam,link,Amphitheater Lake and Garnet Canyon,https://home.nps.gov/thingstodo/amphitheaterlake.htm
Grand Teton National Park Live Webcams,https://www.nationalparkcam.com/grand-tetons-webcam,link,campgrounds,https://www.nps.gov/grte/planyourvisit/camping.htm
Grand Teton National Park Live Webcams,https://www.nationalparkcam.com/grand-tetons-webcam,link,recreation.gov,https://www.recreation.gov/camping/gateways/13525
Grand Teton National Park Live Webcams,https://www.nationalparkcam.com/grand-tetons-webcam,link,Colter Bay Campground,https://home.nps.gov/grte/planyourvisit/colterbaycg.htm
Grand Teton National Park Live Webcams,https://www.nationalparkcam.com/grand-tetons-webcam,link,Colter Bay RV Park,https://home.nps.gov/grte/planyourvisit/colterbayrv.htm
Grand Teton National Park Live Webcams,https://www.nationalparkcam.com/grand-tetons-webcam,link,Headwaters Campground,https://home.nps.gov/grte/planyourvisit/headwaterscg.htm
Grand Teton National Park Live Webcams,https://www.nationalparkcam.com/grand-tetons-webcam,link,Lizard Creek Campground,https://home.nps.gov/grte/planyourvisit/lizardcreekcg.htm
Grand Teton National Park Live Webcams,https://www.nationalparkcam.com/grand-tetons-webcam,link,Signal Mountain Campground,https://home.nps.gov/grte/planyourvisit/signalmountaincg.htm
Grand Teton National Park Live Webcams,https://www.nationalparkcam.com/grand-tetons-webcam,link,Jenny Lake Campground,https://home.nps.gov/grte/planyourvisit/jennylakecg.htm
Grand Teton National Park Live Webcams,https://www.nationalparkcam.com/grand-tetons-webcam,link,Gros Ventre Campground,https://home.nps.gov/grte/planyourvisit/gros-ventre-campground.htm
Grand Teton National Park Live Webcams,https://www.nationalparkcam.com/grand-tetons-webcam,link,lodging options,https://www.nps.gov/grte/planyourvisit/lodging.htm
Grand Teton National Park Live Webcams,https://www.nationalparkcam.com/grand-tetons-webcam,link,The American Alpine Club Grand Teton Climbers Ranch,https://americanalpineclub.org/grand-teton-climbers-ranch
Grand Teton National Park Live Webcams,https://www.nationalparkcam.com/grand-tetons-webcam,link,Colter Bay Cabins,https://www.gtlc.com/lodges/colter-bay-village
Grand Teton National Park Live Webcams,https://www.nationalparkcam.com/grand-tetons-webcam,link,Headwaters Lodge & Cabins at Flagg Ranch,https://www.gtlc.com/lodges/headwaters-lodge-at-flagg-ranch
Grand Teton National Park Live Webcams,https://www.nationalparkcam.com/grand-tetons-webcam,link,Jackson Lake Lodge,https://www.gtlc.com/lodges/jackson-lake-lodge
Grand Teton National Park Live Webcams,https://www.nationalparkcam.com/grand-tetons-webcam,link,Signal Mountain Lodge,https://www.signalmountainlodge.com/
Grand Teton National Park Live Webcams,https://www.nationalparkcam.com/grand-tetons-webcam,link,Jenny Lake Lodge,https://www.gtlc.com/lodges/jenny-lake-lodge
Grand Teton National Park Live Webcams,https://www.nationalparkcam.com/grand-tetons-webcam,link,dining options,https://www.nps.gov/grte/planyourvisit/restaurants.htm
Grand Teton National Park Live Webcams,https://www.nationalparkcam.com/grand-tetons-webcam,link,Trapper Grill,https://www.signalmountainlodge.com/dining/the-trapper-grill/
Grand Teton National Park Live Webcams,https://www.nationalparkcam.com/grand-tetons-webcam,link,Ranch House Restaurant,https://www.gtlc.com/dining/ranch-house-colter-bay-village
Grand Teton National Park Live Webcams,https://www.nationalparkcam.com/grand-tetons-webcam,link,Cafe Court Pizzeria,https://www.gtlc.com/dining/cafe-court-pizzeria-colter-bay-village
Grand Teton National Park Live Webcams,https://www.nationalparkcam.com/grand-tetons-webcam,link,The Pioneer Grill,https://www.gtlc.com/dining/pioneer-grill-jackson-lake-lodge
Grand Teton National Park Live Webcams,https://www.nationalparkcam.com/grand-tetons-webcam,link,Leek ' s Marina & Pizzeria,https://www.signalmountainlodge.com/dining/leeks-pizzeria/
Grand Teton National Park Live Webcams,https://www.nationalparkcam.com/grand-tetons-webcam,link,Jenny Lake Lodge Dining Room,https://www.gtlc.com/dining/the-dining-room-at-jenny-lake-lodge
Grand Teton National Park Live Webcams,https://www.nationalparkcam.com/grand-tetons-webcam,link,Colter Bay Village General Store,https://www.gtlc.com/dining/the-general-store-colter-bay-village
Grand Teton National Park Live Webcams,https://www.nationalparkcam.com/grand-tetons-webcam,link,Dornan ' s Trading Post Grocery and Deli,https://dornans.com/dining/wine-shop-market-deli/
Grand Teton National Park Live Webcams,https://www.nationalparkcam.com/grand-tetons-webcam,link,mailto:npcam012@gmail.com,mailto:npcam012@gmail.com
Grand Teton National Park Live Webcams,https://www.nationalparkcam.com/grand-tetons-webcam,image,Image,https://lh3.googleusercontent.com/docsubipk/AP9E6xV3YDOdsL7kmoaYCIvTr4AEqgzts1uzxxAxOSYhWB-CRHmbKOfYDfQxnS2w_WIIxzUhOKepO3V9d4JO7hKaDl39UApbXwe1-qPyZ2eMbh55iAYtCc_Rr4uxJlL4_OnVdGPJKJxo1-eE6JL3ZsGtjybR78n_leqKhupb8l1YwWsz9zLHe9GfFw
Grand Teton National Park Live Webcams,https://www.nationalparkcam.com/grand-tetons-webcam,image,Email,https://ssl.gstatic.com/atari/images/sociallinks/email_white_28dp.png
Grand Teton National Park Live Webcams,https://www.nationalparkcam.com/grand-tetons-webcam,embed,Custom embed,google-sites-frame:20c41085dfbbe9cf_12
Grand Teton National Park Live Webcams,https://www.nationalparkcam.com/grand-tetons-webcam,embed,Custom embed,google-sites-frame:6bab5e05c3691bff_58
Grand Teton National Park Live Webcams,https://www.nationalparkcam.com/grand-tetons-webcam,embed,"Map, Untitled Location","https://maps-api-ssl.google.com/maps?hl=en-US&ll=43.797123,-110.601823&output=embed&q=43.790924,-110.681763+(Untitled+Location)&z=8"
Grand Teton National Park Live Webcams,https://www.nationalparkcam.com/grand-tetons-webcam,embed,Custom embed,google-sites-frame:6bab5e05c3691bff_23
Grand Teton National Park Live Webcams,https://www.nationalparkcam.com/grand-tetons-webcam,embed,"YouTube Video, Live from Grand Teton National Park",https://www.youtube.com/embed/XhBUrjhJm1A?embed_config=%7B%22enc%22:%22AXH1ezkrA82SF_J3uTgBmTCtQB8c2kcxfZnyG9oQMZnrK7cadZAVFC-sETtEeuriPKkkg9lQuKlv053DYjlVPEj4yEKWuXjGl7kYh1oMSlPVepBQXn1o-XaLV2WJ4ULJgso3zOoH8JGlEFDhmGrIFJPhiGiO2BJwDZ3_dkbG8KXajrTm%22%7D&errorlinks=1
Grand Teton National Park Live Webcams,https://www.nationalparkcam.com/grand-tetons-webcam,embed,Custom embed,google-sites-frame:3958acfb92416a6b_25
Grand Teton National Park Live Webcams,https://www.nationalparkcam.com/grand-tetons-webcam,embed,"YouTube Video, Dornan's in Grand Teton National Park - SeeJH.com",https://www.youtube.com/embed/o4fKtgPVpoU?embed_config=%7B%22enc%22:%22AXH1ezmTcE_U5y9PAGxnWYtD1t4RblnHiG0rojcnljHZ7fljfQrVaC-7XsSVaVpL9Xcw2lXfHX1XmSIk4TCshJjsvJCb_lzadT5pzLRaFdPPo0xANlhwp1eXmRe28ktt6hqO6uym_BmDEg4fxxTrKi7veVoX4Lbn1PUdji-32fS3_Kse%22%7D&errorlinks=1
Grand Teton National Park Live Webcams,https://www.nationalparkcam.com/grand-tetons-webcam,embed,Custom embed,google-sites-frame:3958acfb92416a6b_30
Grand Teton National Park Live Webcams,https://www.nationalparkcam.com/grand-tetons-webcam,embed,Custom embed,google-sites-frame:3c84eea244e8b509_10
Gr eat Smoky Mountains National Park Live Webcams,https://www.nationalparkcam.com/great-smoky-mountains-webcam,link,National Parks Webcams,https://www.nationalparkcam.com/national-park-webcam-home
Gr eat Smoky Mountains National Park Live Webcams,https://www.nationalparkcam.com/great-smoky-mountains-webcam,link,Acadia Webcam,https://www.nationalparkcam.com/acadia-webcam
Gr eat Smoky Mountains National Park Live Webcams,https://www.nationalparkcam.com/great-smoky-mountains-webcam,link,Arches Webcam,https://www.nationalparkcam.com/arches-webcam
Gr eat Smoky Mountains National Park Live Webcams,https://www.nationalparkcam.com/great-smoky-mountains-webcam,link,Big Bend Webcam,https://www.nationalparkcam.com/big-bend-webcam
Gr eat Smoky Mountains National Park Live Webcams,https://www.nationalparkcam.com/great-smoky-mountains-webcam,link,Black Canyon of the Gunnison Webcam,https://www.nationalparkcam.com/black-canyon-of-the-gunnison-webcam
Gr eat Smoky Mountains National Park Live Webcams,https://www.nationalparkcam.com/great-smoky-mountains-webcam,link,Bryce Canyon Webcam,https://www.nationalparkcam.com/bryce-canyon-webcam
Gr eat Smoky Mountains National Park Live Webcams,https://www.nationalparkcam.com/great-smoky-mountains-webcam,link,Channel Islands Webcam,https://www.nationalparkcam.com/channel-islands-webcam
Gr eat Smoky Mountains National Park Live Webcams,https://www.nationalparkcam.com/great-smoky-mountains-webcam,link,Crater Lake Webcam,https://www.nationalparkcam.com/crater-lake-webcam
Gr eat Smoky Mountains National Park Live Webcams,https://www.nationalparkcam.com/great-smoky-mountains-webcam,link,Denali Webcam,https://www.nationalparkcam.com/denali-webcam
Gr eat Smoky Mountains National Park Live Webcams,https://www.nationalparkcam.com/great-smoky-mountains-webcam,link,Everglades Webcam,https://www.nationalparkcam.com/everglades-webcam
Gr eat Smoky Mountains National Park Live Webcams,https://www.nationalparkcam.com/great-smoky-mountains-webcam,link,Glacier Bay Webcam,https://www.nationalparkcam.com/glacier-bay-webcam
Gr eat Smoky Mountains National Park Live Webcams,https://www.nationalparkcam.com/great-smoky-mountains-webcam,link,Glacier Webcam,https://www.nationalparkcam.com/glacier-webcam
Gr eat Smoky Mountains National Park Live Webcams,https://www.nationalparkcam.com/great-smoky-mountains-webcam,link,Grand Canyon Webcam,https://www.nationalparkcam.com/grand-canyon-webcam
Gr eat Smoky Mountains National Park Live Webcams,https://www.nationalparkcam.com/great-smoky-mountains-webcam,link,Grand Tetons Webcam,https://www.nationalparkcam.com/grand-tetons-webcam
Gr eat Smoky Mountains National Park Live Webcams,https://www.nationalparkcam.com/great-smoky-mountains-webcam,link,Great Smoky Mountains Webcam,https://www.nationalparkcam.com/great-smoky-mountains-webcam
Gr eat Smoky Mountains National Park Live Webcams,https://www.nationalparkcam.com/great-smoky-mountains-webcam,link,Guadalupe Mountains Webcam,https://www.nationalparkcam.com/guadalupe-mountains-webcam
Gr eat Smoky Mountains National Park Live Webcams,https://www.nationalparkcam.com/great-smoky-mountains-webcam,link,Haleakala Webcam,https://www.nationalparkcam.com/haleakala-webcam
Gr eat Smoky Mountains National Park Live Webcams,https://www.nationalparkcam.com/great-smoky-mountains-webcam,link,Hawaii Volcanoes Webcam,https://www.nationalparkcam.com/hawaii-volcanoes-webcam
Gr eat Smoky Mountains National Park Live Webcams,https://www.nationalparkcam.com/great-smoky-mountains-webcam,link,Isle Royale National Park Webcam,https://www.nationalparkcam.com/isle-royale-national-park-webcam
Gr eat Smoky Mountains National Park Live Webcams,https://www.nationalparkcam.com/great-smoky-mountains-webcam,link,Joshua Tree Webcam,https://www.nationalparkcam.com/joshua-tree-webcam
Gr eat Smoky Mountains National Park Live Webcams,https://www.nationalparkcam.com/great-smoky-mountains-webcam,link,Katmai Webcam,https://www.nationalparkcam.com/katmai-webcam
Gr eat Smoky Mountains National Park Live Webcams,https://www.nationalparkcam.com/great-smoky-mountains-webcam,link,Kings Canyon Webcam,https://www.nationalparkcam.com/kings-canyon-webcam
Gr eat Smoky Mountains National Park Live Webcams,https://www.nationalparkcam.com/great-smoky-mountains-webcam,link,Lassen Volcano Webcam,https://www.nationalparkcam.com/lassen-volcano-webcam
Gr eat Smoky Mountains National Park Live Webcams,https://www.nationalparkcam.com/great-smoky-mountains-webcam,link,Mammoth Cave Webcam,https://www.nationalparkcam.com/mammoth-cave-webcam
Gr eat Smoky Mountains National Park Live Webcams,https://www.nationalparkcam.com/great-smoky-mountains-webcam,link,Mount Rainier Webcam,https://www.nationalparkcam.com/mount-rainier-webcam
Gr eat Smoky Mountains National Park Live Webcams,https://www.nationalparkcam.com/great-smoky-mountains-webcam,link,New River Gorge Webcam,https://www.nationalparkcam.com/new-river-gorge-webcam
Gr eat Smoky Mountains National Park Live Webcams,https://www.nationalparkcam.com/great-smoky-mountains-webcam,link,North Cascades Webcam,https://www.nationalparkcam.com/north-cascades-webcam
Gr eat Smoky Mountains National Park Live Webcams,https://www.nationalparkcam.com/great-smoky-mountains-webcam,link,Olympic Webcam,https://www.nationalparkcam.com/olympic-webcam
Gr eat Smoky Mountains National Park Live Webcams,https://www.nationalparkcam.com/great-smoky-mountains-webcam,link,Petrified Forest Webcam,https://www.nationalparkcam.com/petrified-forest-webcam
Gr eat Smoky Mountains National Park Live Webcams,https://www.nationalparkcam.com/great-smoky-mountains-webcam,link,Redwood National Park,https://www.nationalparkcam.com/redwood-national-park
Gr eat Smoky Mountains National Park Live Webcams,https://www.nationalparkcam.com/great-smoky-mountains-webcam,link,Rocky Mountain Webcam,https://www.nationalparkcam.com/rocky-mountain-webcam
Gr eat Smoky Mountains National Park Live Webcams,https://www.nationalparkcam.com/great-smoky-mountains-webcam,link,Shenandoah Webcam,https://www.nationalparkcam.com/shenandoah-webcam
Gr eat Smoky Mountains National Park Live Webcams,https://www.nationalparkcam.com/great-smoky-mountains-webcam,link,Theodore Roosevelt Webcam,https://www.nationalparkcam.com/theodore-roosevelt-webcam
Gr eat Smoky Mountains National Park Live Webcams,https://www.nationalparkcam.com/great-smoky-mountains-webcam,link,Virgin Islands Webcam,https://www.nationalparkcam.com/virgin-islands-webcam
Gr eat Smoky Mountains National Park Live Webcams,https://www.nationalparkcam.com/great-smoky-mountains-webcam,link,Wrangell-St. Elias Webcam,https://www.nationalparkcam.com/wrangell-st-elias-webcam
Gr eat Smoky Mountains National Park Live Webcams,https://www.nationalparkcam.com/great-smoky-mountains-webcam,link,Yellowstone Webcam,https://www.nationalparkcam.com/yellowstone-webcam
Gr eat Smoky Mountains National Park Live Webcams,https://www.nationalparkcam.com/great-smoky-mountains-webcam,link,Yosemite Webcam,https://www.nationalparkcam.com/yosemite-webcam
Gr eat Smoky Mountains National Park Live Webcams,https://www.nationalparkcam.com/great-smoky-mountains-webcam,link,Zion Webcam,https://www.nationalparkcam.com/zion-webcam
Gr eat Smoky Mountains National Park Live Webcams,https://www.nationalparkcam.com/great-smoky-mountains-webcam,link,"Great Smoky Mountains National Park Ridge upon ridge of forest straddles the border between North Carolina and Tennessee in Great Smoky Mountains National Park. World renowned for its diversity of plant and animal life, the beauty of its ancient mountains, and the quality of its remnants of Southern Appalachian mountain culture, this is America ' s most visited national park. Plan your visit today!",https://www.google.com/url?q=https%3A%2F%2Fwww.nps.gov%2Fgrsm%2Findex.htm&sa=D&sntz=1&usg=AOvVaw1Mx4W7mpM1xjIBAmYIJo4E
Gr eat Smoky Mountains National Park Live Webcams,https://www.nationalparkcam.com/great-smoky-mountains-webcam,link,.,https://americanalpineclub.org/gtcr-lodging
Gr eat Smoky Mountains National Park Live Webcams,https://www.nationalparkcam.com/great-smoky-mountains-webcam,link,Wikipedia site,https://en.wikipedia.org/wiki/Great_Smoky_Mountains_National_Park
Gr eat Smoky Mountains National Park Live Webcams,https://www.nationalparkcam.com/great-smoky-mountains-webcam,link,trails,https://www.nps.gov/grsm/planyourvisit/hiking.htm
Gr eat Smoky Mountains National Park Live Webcams,https://www.nationalparkcam.com/great-smoky-mountains-webcam,link,knowing what to do,https://www.rei.com/blog/hike/how-to-use-bear-spray
Gr eat Smoky Mountains National Park Live Webcams,https://www.nationalparkcam.com/great-smoky-mountains-webcam,link,NPS website,https://smokiespermits.nps.gov/
Gr eat Smoky Mountains National Park Live Webcams,https://www.nationalparkcam.com/great-smoky-mountains-webcam,link,recreation.gov,https://www.recreation.gov/camping/gateways/2739
Gr eat Smoky Mountains National Park Live Webcams,https://www.nationalparkcam.com/great-smoky-mountains-webcam,link,Group sites,https://www.nps.gov/grsm/planyourvisit/groupcamps.htm
Gr eat Smoky Mountains National Park Live Webcams,https://www.nationalparkcam.com/great-smoky-mountains-webcam,link,Abrams Creek Campground,https://www.nps.gov/grsm/planyourvisit/abrams-creek-campground.htm
Gr eat Smoky Mountains National Park Live Webcams,https://www.nationalparkcam.com/great-smoky-mountains-webcam,link,Balsam Mountain Campground,https://www.nps.gov/grsm/planyourvisit/balsam-mountain.htm
Gr eat Smoky Mountains National Park Live Webcams,https://www.nationalparkcam.com/great-smoky-mountains-webcam,link,Big Creek Campground,https://www.nps.gov/grsm/planyourvisit/camping-at-big-creek.htm
Gr eat Smoky Mountains National Park Live Webcams,https://www.nationalparkcam.com/great-smoky-mountains-webcam,link,Cades Cove Campground,https://www.nps.gov/grsm/planyourvisit/cades-cove-campground.htm
Gr eat Smoky Mountains National Park Live Webcams,https://www.nationalparkcam.com/great-smoky-mountains-webcam,link,Cataloochee Campground,https://www.nps.gov/grsm/planyourvisit/cataloochee-campground.htm
Gr eat Smoky Mountains National Park Live Webcams,https://www.nationalparkcam.com/great-smoky-mountains-webcam,link,Cosby Campground,https://www.nps.gov/grsm/planyourvisit/cosby-campground-information.htm
Gr eat Smoky Mountains National Park Live Webcams,https://www.nationalparkcam.com/great-smoky-mountains-webcam,link,Deep Creek Campground,https://www.nps.gov/grsm/planyourvisit/deep-creek-campground.htm
Gr eat Smoky Mountains National Park Live Webcams,https://www.nationalparkcam.com/great-smoky-mountains-webcam,link,Elkmont Campground,https://www.nps.gov/grsm/planyourvisit/elkmont-campground.htm
Gr eat Smoky Mountains National Park Live Webcams,https://www.nationalparkcam.com/great-smoky-mountains-webcam,link,Look Rock Campground,https://www.nps.gov/grsm/planyourvisit/look-rock-campground.htm
Gr eat Smoky Mountains National Park Live Webcams,https://www.nationalparkcam.com/great-smoky-mountains-webcam,link,Smokemont Campground,https://www.nps.gov/grsm/planyourvisit/smokemont-campground.htm
Gr eat Smoky Mountains National Park Live Webcams,https://www.nationalparkcam.com/great-smoky-mountains-webcam,link,LeConte Lodge,https://www.lecontelodge.com/
Gr eat Smoky Mountains National Park Live Webcams,https://www.nationalparkcam.com/great-smoky-mountains-webcam,link,mailto:npcam012@gmail.com,mailto:npcam012@gmail.com
Gr eat Smoky Mountains National Park Live Webcams,https://www.nationalparkcam.com/great-smoky-mountains-webcam,image,Image,https://lh3.googleusercontent.com/docsubipk/AP9E6xWk3xbxmjf5dhVNHVuXb4b_OPTMkvJiUBlXQsQwO-wGE0gAZcqDA8DtWR41WEIExuDzQNiVjdBKoJ6eDByqU7bfsr2CvaeHdh0PpiICDlVzAvHFr9sS-OscyrNvJeAEOP8fq5stYgLQ7aD4ChxWia4IJ93UZneAnNyP8eQCkPBJnegISKcs4kU
Gr eat Smoky Mountains National Park Live Webcams,https://www.nationalparkcam.com/great-smoky-mountains-webcam,image,Email,https://ssl.gstatic.com/atari/images/sociallinks/email_white_28dp.png
Gr eat Smoky Mountains National Park Live Webcams,https://www.nationalparkcam.com/great-smoky-mountains-webcam,embed,Custom embed,google-sites-frame:20c41085dfbbe9cf_16
Gr eat Smoky Mountains National Park Live Webcams,https://www.nationalparkcam.com/great-smoky-mountains-webcam,embed,Custom embed,google-sites-frame:5fb07251c728bba1_42
Gr eat Smoky Mountains National Park Live Webcams,https://www.nationalparkcam.com/great-smoky-mountains-webcam,embed,"Map, Untitled Location","https://maps-api-ssl.google.com/maps?hl=en-US&ll=35.629221,-83.528279&output=embed&q=35.614884,-83.553772+(Untitled+Location)&z=9"
Gr eat Smoky Mountains National Park Live Webcams,https://www.nationalparkcam.com/great-smoky-mountains-webcam,embed,Custom embed,google-sites-frame:5fb07251c728bba1_23
Gr eat Smoky Mountains National Park Live Webcams,https://www.nationalparkcam.com/great-smoky-mountains-webcam,embed,Custom embed,google-sites-frame:5fb07251c728bba1_28
Gr eat Smoky Mountains National Park Live Webcams,https://www.nationalparkcam.com/great-smoky-mountains-webcam,embed,Custom embed,google-sites-frame:5fb07251c728bba1_53
Gr eat Smoky Mountains National Park Live Webcams,https://www.nationalparkcam.com/great-smoky-mountains-webcam,embed,Custom embed,google-sites-frame:2f51f2ad253fcfe8_9
Gr eat Smoky Mountains National Park Live Webcams,https://www.nationalparkcam.com/great-smoky-mountains-webcam,embed,Custom embed,google-sites-frame:2f51f2ad253fcfe8_15
Gr eat Smoky Mountains National Park Live Webcams,https://www.nationalparkcam.com/great-smoky-mountains-webcam,embed,Custom embed,google-sites-frame:3cf3c96f0490e7c2_3
G uadalupe Mountains National Park Live Webcams,https://www.nationalparkcam.com/guadalupe-mountains-webcam,link,National Parks Webcams,https://www.nationalparkcam.com/national-park-webcam-home
G uadalupe Mountains National Park Live Webcams,https://www.nationalparkcam.com/guadalupe-mountains-webcam,link,Acadia Webcam,https://www.nationalparkcam.com/acadia-webcam
G uadalupe Mountains National Park Live Webcams,https://www.nationalparkcam.com/guadalupe-mountains-webcam,link,Arches Webcam,https://www.nationalparkcam.com/arches-webcam
G uadalupe Mountains National Park Live Webcams,https://www.nationalparkcam.com/guadalupe-mountains-webcam,link,Big Bend Webcam,https://www.nationalparkcam.com/big-bend-webcam
G uadalupe Mountains National Park Live Webcams,https://www.nationalparkcam.com/guadalupe-mountains-webcam,link,Black Canyon of the Gunnison Webcam,https://www.nationalparkcam.com/black-canyon-of-the-gunnison-webcam
G uadalupe Mountains National Park Live Webcams,https://www.nationalparkcam.com/guadalupe-mountains-webcam,link,Bryce Canyon Webcam,https://www.nationalparkcam.com/bryce-canyon-webcam
G uadalupe Mountains National Park Live Webcams,https://www.nationalparkcam.com/guadalupe-mountains-webcam,link,Channel Islands Webcam,https://www.nationalparkcam.com/channel-islands-webcam
G uadalupe Mountains National Park Live Webcams,https://www.nationalparkcam.com/guadalupe-mountains-webcam,link,Crater Lake Webcam,https://www.nationalparkcam.com/crater-lake-webcam
G uadalupe Mountains National Park Live Webcams,https://www.nationalparkcam.com/guadalupe-mountains-webcam,link,Denali Webcam,https://www.nationalparkcam.com/denali-webcam
G uadalupe Mountains National Park Live Webcams,https://www.nationalparkcam.com/guadalupe-mountains-webcam,link,Everglades Webcam,https://www.nationalparkcam.com/everglades-webcam
G uadalupe Mountains National Park Live Webcams,https://www.nationalparkcam.com/guadalupe-mountains-webcam,link,Glacier Bay Webcam,https://www.nationalparkcam.com/glacier-bay-webcam
G uadalupe Mountains National Park Live Webcams,https://www.nationalparkcam.com/guadalupe-mountains-webcam,link,Glacier Webcam,https://www.nationalparkcam.com/glacier-webcam
G uadalupe Mountains National Park Live Webcams,https://www.nationalparkcam.com/guadalupe-mountains-webcam,link,Grand Canyon Webcam,https://www.nationalparkcam.com/grand-canyon-webcam
G uadalupe Mountains National Park Live Webcams,https://www.nationalparkcam.com/guadalupe-mountains-webcam,link,Grand Tetons Webcam,https://www.nationalparkcam.com/grand-tetons-webcam
G uadalupe Mountains National Park Live Webcams,https://www.nationalparkcam.com/guadalupe-mountains-webcam,link,Great Smoky Mountains Webcam,https://www.nationalparkcam.com/great-smoky-mountains-webcam
G uadalupe Mountains National Park Live Webcams,https://www.nationalparkcam.com/guadalupe-mountains-webcam,link,Guadalupe Mountains Webcam,https://www.nationalparkcam.com/guadalupe-mountains-webcam
G uadalupe Mountains National Park Live Webcams,https://www.nationalparkcam.com/guadalupe-mountains-webcam,link,Haleakala Webcam,https://www.nationalparkcam.com/haleakala-webcam
G uadalupe Mountains National Park Live Webcams,https://www.nationalparkcam.com/guadalupe-mountains-webcam,link,Hawaii Volcanoes Webcam,https://www.nationalparkcam.com/hawaii-volcanoes-webcam
G uadalupe Mountains National Park Live Webcams,https://www.nationalparkcam.com/guadalupe-mountains-webcam,link,Isle Royale National Park Webcam,https://www.nationalparkcam.com/isle-royale-national-park-webcam
G uadalupe Mountains National Park Live Webcams,https://www.nationalparkcam.com/guadalupe-mountains-webcam,link,Joshua Tree Webcam,https://www.nationalparkcam.com/joshua-tree-webcam
G uadalupe Mountains National Park Live Webcams,https://www.nationalparkcam.com/guadalupe-mountains-webcam,link,Katmai Webcam,https://www.nationalparkcam.com/katmai-webcam
G uadalupe Mountains National Park Live Webcams,https://www.nationalparkcam.com/guadalupe-mountains-webcam,link,Kings Canyon Webcam,https://www.nationalparkcam.com/kings-canyon-webcam
G uadalupe Mountains National Park Live Webcams,https://www.nationalparkcam.com/guadalupe-mountains-webcam,link,Lassen Volcano Webcam,https://www.nationalparkcam.com/lassen-volcano-webcam
G uadalupe Mountains National Park Live Webcams,https://www.nationalparkcam.com/guadalupe-mountains-webcam,link,Mammoth Cave Webcam,https://www.nationalparkcam.com/mammoth-cave-webcam
G uadalupe Mountains National Park Live Webcams,https://www.nationalparkcam.com/guadalupe-mountains-webcam,link,Mount Rainier Webcam,https://www.nationalparkcam.com/mount-rainier-webcam
G uadalupe Mountains National Park Live Webcams,https://www.nationalparkcam.com/guadalupe-mountains-webcam,link,New River Gorge Webcam,https://www.nationalparkcam.com/new-river-gorge-webcam
G uadalupe Mountains National Park Live Webcams,https://www.nationalparkcam.com/guadalupe-mountains-webcam,link,North Cascades Webcam,https://www.nationalparkcam.com/north-cascades-webcam
G uadalupe Mountains National Park Live Webcams,https://www.nationalparkcam.com/guadalupe-mountains-webcam,link,Olympic Webcam,https://www.nationalparkcam.com/olympic-webcam
G uadalupe Mountains National Park Live Webcams,https://www.nationalparkcam.com/guadalupe-mountains-webcam,link,Petrified Forest Webcam,https://www.nationalparkcam.com/petrified-forest-webcam
G uadalupe Mountains National Park Live Webcams,https://www.nationalparkcam.com/guadalupe-mountains-webcam,link,Redwood National Park,https://www.nationalparkcam.com/redwood-national-park
G uadalupe Mountains National Park Live Webcams,https://www.nationalparkcam.com/guadalupe-mountains-webcam,link,Rocky Mountain Webcam,https://www.nationalparkcam.com/rocky-mountain-webcam
G uadalupe Mountains National Park Live Webcams,https://www.nationalparkcam.com/guadalupe-mountains-webcam,link,Shenandoah Webcam,https://www.nationalparkcam.com/shenandoah-webcam
G uadalupe Mountains National Park Live Webcams,https://www.nationalparkcam.com/guadalupe-mountains-webcam,link,Theodore Roosevelt Webcam,https://www.nationalparkcam.com/theodore-roosevelt-webcam
G uadalupe Mountains National Park Live Webcams,https://www.nationalparkcam.com/guadalupe-mountains-webcam,link,Virgin Islands Webcam,https://www.nationalparkcam.com/virgin-islands-webcam
G uadalupe Mountains National Park Live Webcams,https://www.nationalparkcam.com/guadalupe-mountains-webcam,link,Wrangell-St. Elias Webcam,https://www.nationalparkcam.com/wrangell-st-elias-webcam
G uadalupe Mountains National Park Live Webcams,https://www.nationalparkcam.com/guadalupe-mountains-webcam,link,Yellowstone Webcam,https://www.nationalparkcam.com/yellowstone-webcam
G uadalupe Mountains National Park Live Webcams,https://www.nationalparkcam.com/guadalupe-mountains-webcam,link,Yosemite Webcam,https://www.nationalparkcam.com/yosemite-webcam
G uadalupe Mountains National Park Live Webcams,https://www.nationalparkcam.com/guadalupe-mountains-webcam,link,Zion Webcam,https://www.nationalparkcam.com/zion-webcam
G uadalupe Mountains National Park Live Webcams,https://www.nationalparkcam.com/guadalupe-mountains-webcam,link,"Guadalupe Mountains National Park Come experience mountains and canyons, desert and dunes, night skies and spectacular vistas within a place unlike any other. Guadalupe Mountains National Park protects the world ' s most extensive Permian fossil reef, the four highest peaks in Texas, an environmentally diverse collection of flora and fauna, and the stories of lives shaped through conflict, cooperation and survival.",https://www.google.com/url?q=https%3A%2F%2Fhome.nps.gov%2Fgumo%2Findex.htm&sa=D&sntz=1&usg=AOvVaw3MN8mHbQb6o6CNpUiRe_3w
G uadalupe Mountains National Park Live Webcams,https://www.nationalparkcam.com/guadalupe-mountains-webcam,link,Wikipedia,https://en.wikipedia.org/wiki/Guadalupe_Mountains_National_Park
G uadalupe Mountains National Park Live Webcams,https://www.nationalparkcam.com/guadalupe-mountains-webcam,link,list,https://www.nps.gov/gumo/planyourvisit/trails.htm
G uadalupe Mountains National Park Live Webcams,https://www.nationalparkcam.com/guadalupe-mountains-webcam,link,The Guadalupe Peak Trail,https://www.nps.gov/thingstodo/gumo_hike_guadalupe_peak.htm
G uadalupe Mountains National Park Live Webcams,https://www.nationalparkcam.com/guadalupe-mountains-webcam,link,Devil ' s Hall Trail,https://www.nps.gov/thingstodo/gumo_hike_devils_hall_trail.htm
G uadalupe Mountains National Park Live Webcams,https://www.nationalparkcam.com/guadalupe-mountains-webcam,link,site,https://home.nps.gov/gumo/planyourvisit/wilderness-trips.htm
G uadalupe Mountains National Park Live Webcams,https://www.nationalparkcam.com/guadalupe-mountains-webcam,link,permit,https://home.nps.gov/gumo/planyourvisit/wilderness_camping_regulations.htm
G uadalupe Mountains National Park Live Webcams,https://www.nationalparkcam.com/guadalupe-mountains-webcam,link,campgrounds,https://home.nps.gov/gumo/planyourvisit/camping.htm
G uadalupe Mountains National Park Live Webcams,https://www.nationalparkcam.com/guadalupe-mountains-webcam,link,recreation.gov,https://www.recreation.gov/camping/gateways/2744
G uadalupe Mountains National Park Live Webcams,https://www.nationalparkcam.com/guadalupe-mountains-webcam,link,Pine Springs Campground,https://www.nps.gov/gumo/planyourvisit/pine_springs_campground.htm
G uadalupe Mountains National Park Live Webcams,https://www.nationalparkcam.com/guadalupe-mountains-webcam,link,Dog Canyon Campground,https://www.nps.gov/gumo/planyourvisit/dog_canyon_campground.htm
G uadalupe Mountains National Park Live Webcams,https://www.nationalparkcam.com/guadalupe-mountains-webcam,link,The Frijole Horse Corral Campground,https://www.recreation.gov/camping/campgrounds/10104621
G uadalupe Mountains National Park Live Webcams,https://www.nationalparkcam.com/guadalupe-mountains-webcam,link,mailto:npcam012@gmail.com,mailto:npcam012@gmail.com
G uadalupe Mountains National Park Live Webcams,https://www.nationalparkcam.com/guadalupe-mountains-webcam,image,Image,https://lh3.googleusercontent.com/docsubipk/AP9E6xVKcv_mWZTWVyFkEsApz8ZwM3gejotpaY-5tPMxRmD0yXKDYSM7yxhVkRAmMU9RiIPLlGqhkummK26PHsoFS5iGrb-FHuu65tKUZaTDUla1vNCQX9U7OsTJ19LbXF-hjn2va6FXVNngvQTGohcj7muccIXu53tMjhQDyTZ2gGWsG04AxE9gpQ
G uadalupe Mountains National Park Live Webcams,https://www.nationalparkcam.com/guadalupe-mountains-webcam,image,Email,https://ssl.gstatic.com/atari/images/sociallinks/email_white_28dp.png
G uadalupe Mountains National Park Live Webcams,https://www.nationalparkcam.com/guadalupe-mountains-webcam,embed,Custom embed,google-sites-frame:5aec7fe4f700359b_0
G uadalupe Mountains National Park Live Webcams,https://www.nationalparkcam.com/guadalupe-mountains-webcam,embed,Custom embed,google-sites-frame:5fb07251c728bba1_116
G uadalupe Mountains National Park Live Webcams,https://www.nationalparkcam.com/guadalupe-mountains-webcam,embed,"Map, Untitled Location","https://maps-api-ssl.google.com/maps?hl=en-US&ll=31.950143,-104.807301&output=embed&q=31.955532,-104.833737+(Untitled+Location)&z=12"
G uadalupe Mountains National Park Live Webcams,https://www.nationalparkcam.com/guadalupe-mountains-webcam,embed,Custom embed,google-sites-frame:5fb07251c728bba1_91
G uadalupe Mountains National Park Live Webcams,https://www.nationalparkcam.com/guadalupe-mountains-webcam,embed,Custom embed,google-sites-frame:5fb07251c728bba1_96
G uadalupe Mountains National Park Live Webcams,https://www.nationalparkcam.com/guadalupe-mountains-webcam,embed,Custom embed,google-sites-frame:7ff925700a2652ac_8
Haleakala National Park Live Webcams,https://www.nationalparkcam.com/haleakala-webcam,link,National Parks Webcams,https://www.nationalparkcam.com/national-park-webcam-home
Haleakala National Park Live Webcams,https://www.nationalparkcam.com/haleakala-webcam,link,Acadia Webcam,https://www.nationalparkcam.com/acadia-webcam
Haleakala National Park Live Webcams,https://www.nationalparkcam.com/haleakala-webcam,link,Arches Webcam,https://www.nationalparkcam.com/arches-webcam
Haleakala National Park Live Webcams,https://www.nationalparkcam.com/haleakala-webcam,link,Big Bend Webcam,https://www.nationalparkcam.com/big-bend-webcam
Haleakala National Park Live Webcams,https://www.nationalparkcam.com/haleakala-webcam,link,Black Canyon of the Gunnison Webcam,https://www.nationalparkcam.com/black-canyon-of-the-gunnison-webcam
Haleakala National Park Live Webcams,https://www.nationalparkcam.com/haleakala-webcam,link,Bryce Canyon Webcam,https://www.nationalparkcam.com/bryce-canyon-webcam
Haleakala National Park Live Webcams,https://www.nationalparkcam.com/haleakala-webcam,link,Channel Islands Webcam,https://www.nationalparkcam.com/channel-islands-webcam
Haleakala National Park Live Webcams,https://www.nationalparkcam.com/haleakala-webcam,link,Crater Lake Webcam,https://www.nationalparkcam.com/crater-lake-webcam
Haleakala National Park Live Webcams,https://www.nationalparkcam.com/haleakala-webcam,link,Denali Webcam,https://www.nationalparkcam.com/denali-webcam
Haleakala National Park Live Webcams,https://www.nationalparkcam.com/haleakala-webcam,link,Everglades Webcam,https://www.nationalparkcam.com/everglades-webcam
Haleakala National Park Live Webcams,https://www.nationalparkcam.com/haleakala-webcam,link,Glacier Bay Webcam,https://www.nationalparkcam.com/glacier-bay-webcam
Haleakala National Park Live Webcams,https://www.nationalparkcam.com/haleakala-webcam,link,Glacier Webcam,https://www.nationalparkcam.com/glacier-webcam
Haleakala National Park Live Webcams,https://www.nationalparkcam.com/haleakala-webcam,link,Grand Canyon Webcam,https://www.nationalparkcam.com/grand-canyon-webcam
Haleakala National Park Live Webcams,https://www.nationalparkcam.com/haleakala-webcam,link,Grand Tetons Webcam,https://www.nationalparkcam.com/grand-tetons-webcam
Haleakala National Park Live Webcams,https://www.nationalparkcam.com/haleakala-webcam,link,Great Smoky Mountains Webcam,https://www.nationalparkcam.com/great-smoky-mountains-webcam
Haleakala National Park Live Webcams,https://www.nationalparkcam.com/haleakala-webcam,link,Guadalupe Mountains Webcam,https://www.nationalparkcam.com/guadalupe-mountains-webcam
Haleakala National Park Live Webcams,https://www.nationalparkcam.com/haleakala-webcam,link,Haleakala Webcam,https://www.nationalparkcam.com/haleakala-webcam
Haleakala National Park Live Webcams,https://www.nationalparkcam.com/haleakala-webcam,link,Hawaii Volcanoes Webcam,https://www.nationalparkcam.com/hawaii-volcanoes-webcam
Haleakala National Park Live Webcams,https://www.nationalparkcam.com/haleakala-webcam,link,Isle Royale National Park Webcam,https://www.nationalparkcam.com/isle-royale-national-park-webcam
Haleakala National Park Live Webcams,https://www.nationalparkcam.com/haleakala-webcam,link,Joshua Tree Webcam,https://www.nationalparkcam.com/joshua-tree-webcam
Haleakala National Park Live Webcams,https://www.nationalparkcam.com/haleakala-webcam,link,Katmai Webcam,https://www.nationalparkcam.com/katmai-webcam
Haleakala National Park Live Webcams,https://www.nationalparkcam.com/haleakala-webcam,link,Kings Canyon Webcam,https://www.nationalparkcam.com/kings-canyon-webcam
Haleakala National Park Live Webcams,https://www.nationalparkcam.com/haleakala-webcam,link,Lassen Volcano Webcam,https://www.nationalparkcam.com/lassen-volcano-webcam
Haleakala National Park Live Webcams,https://www.nationalparkcam.com/haleakala-webcam,link,Mammoth Cave Webcam,https://www.nationalparkcam.com/mammoth-cave-webcam
Haleakala National Park Live Webcams,https://www.nationalparkcam.com/haleakala-webcam,link,Mount Rainier Webcam,https://www.nationalparkcam.com/mount-rainier-webcam
Haleakala National Park Live Webcams,https://www.nationalparkcam.com/haleakala-webcam,link,New River Gorge Webcam,https://www.nationalparkcam.com/new-river-gorge-webcam
Haleakala National Park Live Webcams,https://www.nationalparkcam.com/haleakala-webcam,link,North Cascades Webcam,https://www.nationalparkcam.com/north-cascades-webcam
Haleakala National Park Live Webcams,https://www.nationalparkcam.com/haleakala-webcam,link,Olympic Webcam,https://www.nationalparkcam.com/olympic-webcam
Haleakala National Park Live Webcams,https://www.nationalparkcam.com/haleakala-webcam,link,Petrified Forest Webcam,https://www.nationalparkcam.com/petrified-forest-webcam
Haleakala National Park Live Webcams,https://www.nationalparkcam.com/haleakala-webcam,link,Redwood National Park,https://www.nationalparkcam.com/redwood-national-park
Haleakala National Park Live Webcams,https://www.nationalparkcam.com/haleakala-webcam,link,Rocky Mountain Webcam,https://www.nationalparkcam.com/rocky-mountain-webcam
Haleakala National Park Live Webcams,https://www.nationalparkcam.com/haleakala-webcam,link,Shenandoah Webcam,https://www.nationalparkcam.com/shenandoah-webcam
Haleakala National Park Live Webcams,https://www.nationalparkcam.com/haleakala-webcam,link,Theodore Roosevelt Webcam,https://www.nationalparkcam.com/theodore-roosevelt-webcam
Haleakala National Park Live Webcams,https://www.nationalparkcam.com/haleakala-webcam,link,Virgin Islands Webcam,https://www.nationalparkcam.com/virgin-islands-webcam
Haleakala National Park Live Webcams,https://www.nationalparkcam.com/haleakala-webcam,link,Wrangell-St. Elias Webcam,https://www.nationalparkcam.com/wrangell-st-elias-webcam
Haleakala National Park Live Webcams,https://www.nationalparkcam.com/haleakala-webcam,link,Yellowstone Webcam,https://www.nationalparkcam.com/yellowstone-webcam
Haleakala National Park Live Webcams,https://www.nationalparkcam.com/haleakala-webcam,link,Yosemite Webcam,https://www.nationalparkcam.com/yosemite-webcam
Haleakala National Park Live Webcams,https://www.nationalparkcam.com/haleakala-webcam,link,Zion Webcam,https://www.nationalparkcam.com/zion-webcam
Haleakala National Park Live Webcams,https://www.nationalparkcam.com/haleakala-webcam,link,"Haleakalā National Park This special place vibrates with stories of ancient and modern Hawaiian culture and protects the bond between the land and its people. The park also cares for endangered species, some of which exist nowhere else. Come visit this special place - renew your spirit amid stark volcanic landscapes and sub-tropical rain forest with an unforgettable hike through the backcountry.",https://www.google.com/url?q=https%3A%2F%2Fwww.nps.gov%2Fhale%2Findex.htm&sa=D&sntz=1&usg=AOvVaw2D-2IMxxR4p3ndZaPR4XP8
Haleakala National Park Live Webcams,https://www.nationalparkcam.com/haleakala-webcam,link,Wikipedia,https://en.wikipedia.org/wiki/Haleakal%C4%81_National_Park
Haleakala National Park Live Webcams,https://www.nationalparkcam.com/haleakala-webcam,link,NPS website,https://www.nps.gov/hale/planyourvisit/hiking.htm
Haleakala National Park Live Webcams,https://www.nationalparkcam.com/haleakala-webcam,link,campground,https://www.nps.gov/hale/planyourvisit/camping.htm
Haleakala National Park Live Webcams,https://www.nationalparkcam.com/haleakala-webcam,link,reservations.gov,https://www.recreation.gov/camping/gateways/2751
Haleakala National Park Live Webcams,https://www.nationalparkcam.com/haleakala-webcam,link,Hosmer Grove Campground,https://www.nps.gov/hale/planyourvisit/hosmer-grove-campground.htm
Haleakala National Park Live Webcams,https://www.nationalparkcam.com/haleakala-webcam,link,Kipahulu Campground,https://www.nps.gov/hale/planyourvisit/kipahulu-campground.htm
Haleakala National Park Live Webcams,https://www.nationalparkcam.com/haleakala-webcam,link,Cabins,https://www.nps.gov/hale/planyourvisit/wilderness-cabins.htm
Haleakala National Park Live Webcams,https://www.nationalparkcam.com/haleakala-webcam,link,recreation.gov,https://www.recreation.gov/camping/campgrounds/234783
Haleakala National Park Live Webcams,https://www.nationalparkcam.com/haleakala-webcam,link,NPS website,https://www.nps.gov/hale/planyourvisit/sunrise.htm
Haleakala National Park Live Webcams,https://www.nationalparkcam.com/haleakala-webcam,link,recreation.gov,https://www.recreation.gov/ticket/facility/253731
Haleakala National Park Live Webcams,https://www.nationalparkcam.com/haleakala-webcam,link,mailto:npcam012@gmail.com,mailto:npcam012@gmail.com
Haleakala National Park Live Webcams,https://www.nationalparkcam.com/haleakala-webcam,image,Image,https://lh3.googleusercontent.com/docsubipk/AP9E6xX3RdOTnhIi6w-1Q-NZWgvU9k-Wy0Zer0dRwdfriW-NDCPMLt-FWfCZK8RQGC7CBahiBaPQrAMg2R-EpChTcCGWJcX1-5Qr3-XK7q8OyKn8gn8fSaIEUAOxBtbDS6VReAA3HjmqHkVF290tFUMh9Nx2jYAUapCHT7GseMO574vZDw585KszIcs
Haleakala National Park Live Webcams,https://www.nationalparkcam.com/haleakala-webcam,image,Email,https://ssl.gstatic.com/atari/images/sociallinks/email_white_28dp.png
Haleakala National Park Live Webcams,https://www.nationalparkcam.com/haleakala-webcam,embed,Custom embed,google-sites-frame:5aec7fe4f700359b_4
Haleakala National Park Live Webcams,https://www.nationalparkcam.com/haleakala-webcam,embed,Custom embed,google-sites-frame:7ebe4de9449d6d71_50
Haleakala National Park Live Webcams,https://www.nationalparkcam.com/haleakala-webcam,embed,"Map, Untitled Location","https://maps-api-ssl.google.com/maps?hl=en-US&ll=20.710268,-156.146381&output=embed&q=20.752331,-156.148441+(Untitled+Location)&z=11"
Haleakala National Park Live Webcams,https://www.nationalparkcam.com/haleakala-webcam,embed,Custom embed,google-sites-frame:7ebe4de9449d6d71_27
H awaii Volcanoes National Park Live Webcams,https://www.nationalparkcam.com/hawaii-volcanoes-webcam,link,National Parks Webcams,https://www.nationalparkcam.com/national-park-webcam-home
H awaii Volcanoes National Park Live Webcams,https://www.nationalparkcam.com/hawaii-volcanoes-webcam,link,Acadia Webcam,https://www.nationalparkcam.com/acadia-webcam
H awaii Volcanoes National Park Live Webcams,https://www.nationalparkcam.com/hawaii-volcanoes-webcam,link,Arches Webcam,https://www.nationalparkcam.com/arches-webcam
H awaii Volcanoes National Park Live Webcams,https://www.nationalparkcam.com/hawaii-volcanoes-webcam,link,Big Bend Webcam,https://www.nationalparkcam.com/big-bend-webcam
H awaii Volcanoes National Park Live Webcams,https://www.nationalparkcam.com/hawaii-volcanoes-webcam,link,Black Canyon of the Gunnison Webcam,https://www.nationalparkcam.com/black-canyon-of-the-gunnison-webcam
H awaii Volcanoes National Park Live Webcams,https://www.nationalparkcam.com/hawaii-volcanoes-webcam,link,Bryce Canyon Webcam,https://www.nationalparkcam.com/bryce-canyon-webcam
H awaii Volcanoes National Park Live Webcams,https://www.nationalparkcam.com/hawaii-volcanoes-webcam,link,Channel Islands Webcam,https://www.nationalparkcam.com/channel-islands-webcam
H awaii Volcanoes National Park Live Webcams,https://www.nationalparkcam.com/hawaii-volcanoes-webcam,link,Crater Lake Webcam,https://www.nationalparkcam.com/crater-lake-webcam
H awaii Volcanoes National Park Live Webcams,https://www.nationalparkcam.com/hawaii-volcanoes-webcam,link,Denali Webcam,https://www.nationalparkcam.com/denali-webcam
H awaii Volcanoes National Park Live Webcams,https://www.nationalparkcam.com/hawaii-volcanoes-webcam,link,Everglades Webcam,https://www.nationalparkcam.com/everglades-webcam
H awaii Volcanoes National Park Live Webcams,https://www.nationalparkcam.com/hawaii-volcanoes-webcam,link,Glacier Bay Webcam,https://www.nationalparkcam.com/glacier-bay-webcam
H awaii Volcanoes National Park Live Webcams,https://www.nationalparkcam.com/hawaii-volcanoes-webcam,link,Glacier Webcam,https://www.nationalparkcam.com/glacier-webcam
H awaii Volcanoes National Park Live Webcams,https://www.nationalparkcam.com/hawaii-volcanoes-webcam,link,Grand Canyon Webcam,https://www.nationalparkcam.com/grand-canyon-webcam
H awaii Volcanoes National Park Live Webcams,https://www.nationalparkcam.com/hawaii-volcanoes-webcam,link,Grand Tetons Webcam,https://www.nationalparkcam.com/grand-tetons-webcam
H awaii Volcanoes National Park Live Webcams,https://www.nationalparkcam.com/hawaii-volcanoes-webcam,link,Great Smoky Mountains Webcam,https://www.nationalparkcam.com/great-smoky-mountains-webcam
H awaii Volcanoes National Park Live Webcams,https://www.nationalparkcam.com/hawaii-volcanoes-webcam,link,Guadalupe Mountains Webcam,https://www.nationalparkcam.com/guadalupe-mountains-webcam
H awaii Volcanoes National Park Live Webcams,https://www.nationalparkcam.com/hawaii-volcanoes-webcam,link,Haleakala Webcam,https://www.nationalparkcam.com/haleakala-webcam
H awaii Volcanoes National Park Live Webcams,https://www.nationalparkcam.com/hawaii-volcanoes-webcam,link,Hawaii Volcanoes Webcam,https://www.nationalparkcam.com/hawaii-volcanoes-webcam
H awaii Volcanoes National Park Live Webcams,https://www.nationalparkcam.com/hawaii-volcanoes-webcam,link,Isle Royale National Park Webcam,https://www.nationalparkcam.com/isle-royale-national-park-webcam
H awaii Volcanoes National Park Live Webcams,https://www.nationalparkcam.com/hawaii-volcanoes-webcam,link,Joshua Tree Webcam,https://www.nationalparkcam.com/joshua-tree-webcam
H awaii Volcanoes National Park Live Webcams,https://www.nationalparkcam.com/hawaii-volcanoes-webcam,link,Katmai Webcam,https://www.nationalparkcam.com/katmai-webcam
H awaii Volcanoes National Park Live Webcams,https://www.nationalparkcam.com/hawaii-volcanoes-webcam,link,Kings Canyon Webcam,https://www.nationalparkcam.com/kings-canyon-webcam
H awaii Volcanoes National Park Live Webcams,https://www.nationalparkcam.com/hawaii-volcanoes-webcam,link,Lassen Volcano Webcam,https://www.nationalparkcam.com/lassen-volcano-webcam
H awaii Volcanoes National Park Live Webcams,https://www.nationalparkcam.com/hawaii-volcanoes-webcam,link,Mammoth Cave Webcam,https://www.nationalparkcam.com/mammoth-cave-webcam
H awaii Volcanoes National Park Live Webcams,https://www.nationalparkcam.com/hawaii-volcanoes-webcam,link,Mount Rainier Webcam,https://www.nationalparkcam.com/mount-rainier-webcam
H awaii Volcanoes National Park Live Webcams,https://www.nationalparkcam.com/hawaii-volcanoes-webcam,link,New River Gorge Webcam,https://www.nationalparkcam.com/new-river-gorge-webcam
H awaii Volcanoes National Park Live Webcams,https://www.nationalparkcam.com/hawaii-volcanoes-webcam,link,North Cascades Webcam,https://www.nationalparkcam.com/north-cascades-webcam
H awaii Volcanoes National Park Live Webcams,https://www.nationalparkcam.com/hawaii-volcanoes-webcam,link,Olympic Webcam,https://www.nationalparkcam.com/olympic-webcam
H awaii Volcanoes National Park Live Webcams,https://www.nationalparkcam.com/hawaii-volcanoes-webcam,link,Petrified Forest Webcam,https://www.nationalparkcam.com/petrified-forest-webcam
H awaii Volcanoes National Park Live Webcams,https://www.nationalparkcam.com/hawaii-volcanoes-webcam,link,Redwood National Park,https://www.nationalparkcam.com/redwood-national-park
H awaii Volcanoes National Park Live Webcams,https://www.nationalparkcam.com/hawaii-volcanoes-webcam,link,Rocky Mountain Webcam,https://www.nationalparkcam.com/rocky-mountain-webcam
H awaii Volcanoes National Park Live Webcams,https://www.nationalparkcam.com/hawaii-volcanoes-webcam,link,Shenandoah Webcam,https://www.nationalparkcam.com/shenandoah-webcam
H awaii Volcanoes National Park Live Webcams,https://www.nationalparkcam.com/hawaii-volcanoes-webcam,link,Theodore Roosevelt Webcam,https://www.nationalparkcam.com/theodore-roosevelt-webcam
H awaii Volcanoes National Park Live Webcams,https://www.nationalparkcam.com/hawaii-volcanoes-webcam,link,Virgin Islands Webcam,https://www.nationalparkcam.com/virgin-islands-webcam
H awaii Volcanoes National Park Live Webcams,https://www.nationalparkcam.com/hawaii-volcanoes-webcam,link,Wrangell-St. Elias Webcam,https://www.nationalparkcam.com/wrangell-st-elias-webcam
H awaii Volcanoes National Park Live Webcams,https://www.nationalparkcam.com/hawaii-volcanoes-webcam,link,Yellowstone Webcam,https://www.nationalparkcam.com/yellowstone-webcam
H awaii Volcanoes National Park Live Webcams,https://www.nationalparkcam.com/hawaii-volcanoes-webcam,link,Yosemite Webcam,https://www.nationalparkcam.com/yosemite-webcam
H awaii Volcanoes National Park Live Webcams,https://www.nationalparkcam.com/hawaii-volcanoes-webcam,link,Zion Webcam,https://www.nationalparkcam.com/zion-webcam
H awaii Volcanoes National Park Live Webcams,https://www.nationalparkcam.com/hawaii-volcanoes-webcam,link,"Hawaiʻi Volcanoes National Park Hawai‘i Volcanoes National Park protects some of the most unique geological, biological, and cherished cultural landscapes in the world. Extending from sea level to 13,680 feet, the park encompasses the summits of two of the world ' s most active volcanoes - Kīlauea and Mauna Loa - and is a designated International Biosphere Reserve and UNESCO World Heritage Site.",https://www.google.com/url?q=https%3A%2F%2Fwww.nps.gov%2Fhavo%2Findex.htm&sa=D&sntz=1&usg=AOvVaw13QRk8fe7qVnSRtY2uQz7Q
H awaii Volcanoes National Park Live Webcams,https://www.nationalparkcam.com/hawaii-volcanoes-webcam,link,#h.90evn1hwhwvg,https://www.nationalparkcam.com#h.90evn1hwhwvg
H awaii Volcanoes National Park Live Webcams,https://www.nationalparkcam.com/hawaii-volcanoes-webcam,link,#h.m0vhwi6ibcds,https://www.nationalparkcam.com#h.m0vhwi6ibcds
H awaii Volcanoes National Park Live Webcams,https://www.nationalparkcam.com/hawaii-volcanoes-webcam,link,#h.2qrl5gyzlab0,https://www.nationalparkcam.com#h.2qrl5gyzlab0
H awaii Volcanoes National Park Live Webcams,https://www.nationalparkcam.com/hawaii-volcanoes-webcam,link,#h.5bzo486stt8f,https://www.nationalparkcam.com#h.5bzo486stt8f
H awaii Volcanoes National Park Live Webcams,https://www.nationalparkcam.com/hawaii-volcanoes-webcam,link,#h.244azqhn0kvp,https://www.nationalparkcam.com#h.244azqhn0kvp
H awaii Volcanoes National Park Live Webcams,https://www.nationalparkcam.com/hawaii-volcanoes-webcam,link,#h.pjkdwyuxht9z,https://www.nationalparkcam.com#h.pjkdwyuxht9z
H awaii Volcanoes National Park Live Webcams,https://www.nationalparkcam.com/hawaii-volcanoes-webcam,link,#h.1wgleguvryo0,https://www.nationalparkcam.com#h.1wgleguvryo0
H awaii Volcanoes National Park Live Webcams,https://www.nationalparkcam.com/hawaii-volcanoes-webcam,link,#h.cbeqi4rzt8f8,https://www.nationalparkcam.com#h.cbeqi4rzt8f8
H awaii Volcanoes National Park Live Webcams,https://www.nationalparkcam.com/hawaii-volcanoes-webcam,link,#h.arynydr4pbjb,https://www.nationalparkcam.com#h.arynydr4pbjb
H awaii Volcanoes National Park Live Webcams,https://www.nationalparkcam.com/hawaii-volcanoes-webcam,link,#h.s9yrql2lsegt,https://www.nationalparkcam.com#h.s9yrql2lsegt
H awaii Volcanoes National Park Live Webcams,https://www.nationalparkcam.com/hawaii-volcanoes-webcam,link,#h.tbgmwu6m5npf,https://www.nationalparkcam.com#h.tbgmwu6m5npf
H awaii Volcanoes National Park Live Webcams,https://www.nationalparkcam.com/hawaii-volcanoes-webcam,link,#h.a4r4m1kyye4q,https://www.nationalparkcam.com#h.a4r4m1kyye4q
H awaii Volcanoes National Park Live Webcams,https://www.nationalparkcam.com/hawaii-volcanoes-webcam,link,#h.cqs8kxv3o2wm,https://www.nationalparkcam.com#h.cqs8kxv3o2wm
H awaii Volcanoes National Park Live Webcams,https://www.nationalparkcam.com/hawaii-volcanoes-webcam,link,#h.zhiyzqr6mes6,https://www.nationalparkcam.com#h.zhiyzqr6mes6
H awaii Volcanoes National Park Live Webcams,https://www.nationalparkcam.com/hawaii-volcanoes-webcam,link,#h.cclzgf3zcfb9,https://www.nationalparkcam.com#h.cclzgf3zcfb9
H awaii Volcanoes National Park Live Webcams,https://www.nationalparkcam.com/hawaii-volcanoes-webcam,link,Wikipedia,https://en.wikipedia.org/wiki/Hawai%CA%BBi_Volcanoes_National_Park
H awaii Volcanoes National Park Live Webcams,https://www.nationalparkcam.com/hawaii-volcanoes-webcam,link,NPS website,https://www.nps.gov/havo/planyourvisit/hikes_day.htm
H awaii Volcanoes National Park Live Webcams,https://www.nationalparkcam.com/hawaii-volcanoes-webcam,link,Kilauea Iki Trai l,https://www.nps.gov/havo/planyourvisit/hike_day_kilaueaiki.htm
H awaii Volcanoes National Park Live Webcams,https://www.nationalparkcam.com/hawaii-volcanoes-webcam,link,The Devastation Trai l,https://www.nps.gov/havo/planyourvisit/hike_day_devastation.htm
H awaii Volcanoes National Park Live Webcams,https://www.nationalparkcam.com/hawaii-volcanoes-webcam,link,The Thurston Lava Tube,https://www.nps.gov/havo/planyourvisit/day-hike-nahuku.htm
H awaii Volcanoes National Park Live Webcams,https://www.nationalparkcam.com/hawaii-volcanoes-webcam,link,The Halema ' uma ' u Trail,https://www.nps.gov/havo/planyourvisit/hike_day_halemaumau.htm
H awaii Volcanoes National Park Live Webcams,https://www.nationalparkcam.com/hawaii-volcanoes-webcam,link,Strenuous Hike/Backpacking,https://www.nps.gov/havo/planyourvisit/hike_bc.htm
H awaii Volcanoes National Park Live Webcams,https://www.nationalparkcam.com/hawaii-volcanoes-webcam,link,Permits,https://www.recreation.gov/permits/4675341
H awaii Volcanoes National Park Live Webcams,https://www.nationalparkcam.com/hawaii-volcanoes-webcam,link,Summit of Mauna Loa,https://www.nps.gov/havo/planyourvisit/hike_maunaloa.htm
H awaii Volcanoes National Park Live Webcams,https://www.nationalparkcam.com/hawaii-volcanoes-webcam,link,Hawaii State Park,"https://camping.ehawaii.gov/camping/all,details,31727.html"
H awaii Volcanoes National Park Live Webcams,https://www.nationalparkcam.com/hawaii-volcanoes-webcam,link,The Nāpau Crater via Napau Trail,https://www.alltrails.com/trail/hawaii/hawaii/napau-crater-via-napau-trail
H awaii Volcanoes National Park Live Webcams,https://www.nationalparkcam.com/hawaii-volcanoes-webcam,link,recreation.gov,https://www.recreation.gov/permits/4675341
H awaii Volcanoes National Park Live Webcams,https://www.nationalparkcam.com/hawaii-volcanoes-webcam,link,NPS website,https://www.nps.gov/havo/planyourvisit/camp.htm
H awaii Volcanoes National Park Live Webcams,https://www.nationalparkcam.com/hawaii-volcanoes-webcam,link,Nāmakanipaio Campground,https://www.nps.gov/havo/planyourvisit/namakanipaio-campground.htm
H awaii Volcanoes National Park Live Webcams,https://www.nationalparkcam.com/hawaii-volcanoes-webcam,link,Kulanaokuaiki Campground,https://www.nps.gov/havo/planyourvisit/kulanaokuaiki-campground.htm
H awaii Volcanoes National Park Live Webcams,https://www.nationalparkcam.com/hawaii-volcanoes-webcam,link,Lodging,https://hawaiivolcanohouse.com/
H awaii Volcanoes National Park Live Webcams,https://www.nationalparkcam.com/hawaii-volcanoes-webcam,link,The Crater Rim Drive Tour,https://www.nps.gov/havo/planyourvisit/craterrimtour.htm
H awaii Volcanoes National Park Live Webcams,https://www.nationalparkcam.com/hawaii-volcanoes-webcam,link,Chain of Craters Road,https://www.nps.gov/havo/planyourvisit/ccr_tour.htm
H awaii Volcanoes National Park Live Webcams,https://www.nationalparkcam.com/hawaii-volcanoes-webcam,link,NPS website,https://www.nps.gov/havo/planyourvisit/bike.htm
H awaii Volcanoes National Park Live Webcams,https://www.nationalparkcam.com/hawaii-volcanoes-webcam,link,mailto:npcam012@gmail.com,mailto:npcam012@gmail.com
H awaii Volcanoes National Park Live Webcams,https://www.nationalparkcam.com/hawaii-volcanoes-webcam,image,Image,https://lh3.googleusercontent.com/docsubipk/AP9E6xVg4grQimrBCICqoFJaygy4_Jp-IR6CNYAtFL5pnaLfd0fwzR21nrMPxWA_KrGVW4r3ocN99g6Ug7bstPIE2cupLhZGTqJYFtpo58cqnwfHC1vtnuumVKO_meK1qbBwiFkveY6cMxZje5tKQgEi3b2or3dpLYolEqufpVBBWRYY0rYaB5J7ZW0
H awaii Volcanoes National Park Live Webcams,https://www.nationalparkcam.com/hawaii-volcanoes-webcam,image,Email,https://ssl.gstatic.com/atari/images/sociallinks/email_white_28dp.png
H awaii Volcanoes National Park Live Webcams,https://www.nationalparkcam.com/hawaii-volcanoes-webcam,embed,Custom embed,google-sites-frame:5aec7fe4f700359b_8
H awaii Volcanoes National Park Live Webcams,https://www.nationalparkcam.com/hawaii-volcanoes-webcam,embed,Custom embed,google-sites-frame:516f81e5674b4241_41
H awaii Volcanoes National Park Live Webcams,https://www.nationalparkcam.com/hawaii-volcanoes-webcam,embed,"Map, Untitled Location","https://maps-api-ssl.google.com/maps?hl=en-US&ll=19.338373,-155.276115&output=embed&q=19.358133,-155.296028+(Untitled+Location)&z=11"
H awaii Volcanoes National Park Live Webcams,https://www.nationalparkcam.com/hawaii-volcanoes-webcam,embed,Custom embed,google-sites-frame:516f81e5674b4241_23
H awaii Volcanoes National Park Live Webcams,https://www.nationalparkcam.com/hawaii-volcanoes-webcam,embed,Custom embed,google-sites-frame:516f81e5674b4241_72
H awaii Volcanoes National Park Live Webcams,https://www.nationalparkcam.com/hawaii-volcanoes-webcam,embed,Custom embed,google-sites-frame:516f81e5674b4241_78
H awaii Volcanoes National Park Live Webcams,https://www.nationalparkcam.com/hawaii-volcanoes-webcam,embed,Custom embed,google-sites-frame:516f81e5674b4241_83
H awaii Volcanoes National Park Live Webcams,https://www.nationalparkcam.com/hawaii-volcanoes-webcam,embed,Custom embed,google-sites-frame:49aebfbbad550de7_11
H awaii Volcanoes National Park Live Webcams,https://www.nationalparkcam.com/hawaii-volcanoes-webcam,embed,Custom embed,google-sites-frame:49aebfbbad550de7_16
H awaii Volcanoes National Park Live Webcams,https://www.nationalparkcam.com/hawaii-volcanoes-webcam,embed,Custom embed,google-sites-frame:516f81e5674b4241_93
H awaii Volcanoes National Park Live Webcams,https://www.nationalparkcam.com/hawaii-volcanoes-webcam,embed,Custom embed,google-sites-frame:516f81e5674b4241_98
H awaii Volcanoes National Park Live Webcams,https://www.nationalparkcam.com/hawaii-volcanoes-webcam,embed,Custom embed,google-sites-frame:3cf3c96f0490e7c2_43
H awaii Volcanoes National Park Live Webcams,https://www.nationalparkcam.com/hawaii-volcanoes-webcam,embed,Custom embed,google-sites-frame:3cf3c96f0490e7c2_48
H awaii Volcanoes National Park Live Webcams,https://www.nationalparkcam.com/hawaii-volcanoes-webcam,embed,Custom embed,google-sites-frame:516f81e5674b4241_104
H awaii Volcanoes National Park Live Webcams,https://www.nationalparkcam.com/hawaii-volcanoes-webcam,embed,Custom embed,google-sites-frame:516f81e5674b4241_109
H awaii Volcanoes National Park Live Webcams,https://www.nationalparkcam.com/hawaii-volcanoes-webcam,embed,Custom embed,google-sites-frame:57b9a16a0a4415b8_3
H awaii Volcanoes National Park Live Webcams,https://www.nationalparkcam.com/hawaii-volcanoes-webcam,embed,Custom embed,google-sites-frame:57b9a16a0a4415b8_8
H awaii Volcanoes National Park Live Webcams,https://www.nationalparkcam.com/hawaii-volcanoes-webcam,embed,Custom embed,google-sites-frame:6bd8a38a2e45b167_3
H awaii Volcanoes National Park Live Webcams,https://www.nationalparkcam.com/hawaii-volcanoes-webcam,embed,Custom embed,google-sites-frame:6bd8a38a2e45b167_8
H awaii Volcanoes National Park Live Webcams,https://www.nationalparkcam.com/hawaii-volcanoes-webcam,embed,"YouTube Video, 🔴 Live Now: 24/7 Kilauea Volcano Livestream in Hawaii (Cam B)",https://www.youtube.com/embed/6IaMqotNF_s?embed_config=%7B%22enc%22:%22AXH1ezm0H0qaHb4TL865wpcJTJrpvXBMX-qnYXeUTmBLMZtYVn0yaHciZgb12GV8LqVC-3bqyulky8DJdTutasTmlalR7J6QRkba-9HYTGYCh_rqe6ssCW8D2m2z8HEnOcSefDrpie3hyn7O-R6SUHVMuNi650KCx2Kk4lte21v5AuZN%22%7D&errorlinks=1
H awaii Volcanoes National Park Live Webcams,https://www.nationalparkcam.com/hawaii-volcanoes-webcam,embed,"YouTube Video, [V2cam] Kīlauea volcano, Hawaii (east Halemaʻumaʻu crater)",https://www.youtube.com/embed/Tz5tPqRRv1Y?embed_config=%7B%22enc%22:%22AXH1ezlffQh_MUcCqssNe7rpifJZtHCQmfvmiNvwkC8CnQwqP86_AjpZSPb4Y4phOoJpc2nsgBCit2yBdOmhGkfAX4mu7-Bk5kb5ZG5PFtGKQ2aZSxijHMD_Fxwejd-EFrdExUAhcIlKZn5SqMXLsp-eWF380HHJNAVDYSoJXiteaTxP%22%7D&errorlinks=1
H awaii Volcanoes National Park Live Webcams,https://www.nationalparkcam.com/hawaii-volcanoes-webcam,embed,"YouTube Video, 🔴 Live Now:  24/7 Kilauea Volcano Watch in Hawaii (Multi-cams)",https://www.youtube.com/embed/FVdmnpJ2kM0?embed_config=%7B%22enc%22:%22AXH1eznHkF39HqMP5hlcWzyn8uPIIDd9Xauu5ZvahjwqsIfMcul2J3gaG27xu9ctJW3g4TZ4cL_E1okfY_VjIW_qYwHCwlRdab-Yz-VTedl5KUI3feo9HsK_PrCN59lqzGrjeQnZ52tpmBNXV7OGIvyZlICSEnvRzGkmSDm2LbUXmSV7%22%7D&errorlinks=1
H awaii Volcanoes National Park Live Webcams,https://www.nationalparkcam.com/hawaii-volcanoes-webcam,embed,"YouTube Video, [V3cam] Kīlauea volcano, Hawaii (south Halemaʻumaʻu crater)",https://www.youtube.com/embed/gXKuUyKt8mc?embed_config=%7B%22enc%22:%22AXH1ezn2avBr_kIrsdvM9cNw0tUzkmfFTspvZgGkM1y9egJLbnj_YVwZgIz98yeH9SusBwqKv2d7bK5a2wIo8hjVVwIeF8AzPqXez4Lp1l2yO1CisHCUJ8AmwiSII1l4iZp_gtp0e94ulgzmlwwz9Wa1y9xjqk16dCtdDL7gXApoCpFS%22%7D&errorlinks=1
Isle Royale National Park Live Webcams,https://www.nationalparkcam.com/isle-royale-national-park-webcam,link,National Parks Webcams,https://www.nationalparkcam.com/national-park-webcam-home
Isle Royale National Park Live Webcams,https://www.nationalparkcam.com/isle-royale-national-park-webcam,link,Acadia Webcam,https://www.nationalparkcam.com/acadia-webcam
Isle Royale National Park Live Webcams,https://www.nationalparkcam.com/isle-royale-national-park-webcam,link,Arches Webcam,https://www.nationalparkcam.com/arches-webcam
Isle Royale National Park Live Webcams,https://www.nationalparkcam.com/isle-royale-national-park-webcam,link,Big Bend Webcam,https://www.nationalparkcam.com/big-bend-webcam
Isle Royale National Park Live Webcams,https://www.nationalparkcam.com/isle-royale-national-park-webcam,link,Black Canyon of the Gunnison Webcam,https://www.nationalparkcam.com/black-canyon-of-the-gunnison-webcam
Isle Royale National Park Live Webcams,https://www.nationalparkcam.com/isle-royale-national-park-webcam,link,Bryce Canyon Webcam,https://www.nationalparkcam.com/bryce-canyon-webcam
Isle Royale National Park Live Webcams,https://www.nationalparkcam.com/isle-royale-national-park-webcam,link,Channel Islands Webcam,https://www.nationalparkcam.com/channel-islands-webcam
Isle Royale National Park Live Webcams,https://www.nationalparkcam.com/isle-royale-national-park-webcam,link,Crater Lake Webcam,https://www.nationalparkcam.com/crater-lake-webcam
Isle Royale National Park Live Webcams,https://www.nationalparkcam.com/isle-royale-national-park-webcam,link,Denali Webcam,https://www.nationalparkcam.com/denali-webcam
Isle Royale National Park Live Webcams,https://www.nationalparkcam.com/isle-royale-national-park-webcam,link,Everglades Webcam,https://www.nationalparkcam.com/everglades-webcam
Isle Royale National Park Live Webcams,https://www.nationalparkcam.com/isle-royale-national-park-webcam,link,Glacier Bay Webcam,https://www.nationalparkcam.com/glacier-bay-webcam
Isle Royale National Park Live Webcams,https://www.nationalparkcam.com/isle-royale-national-park-webcam,link,Glacier Webcam,https://www.nationalparkcam.com/glacier-webcam
Isle Royale National Park Live Webcams,https://www.nationalparkcam.com/isle-royale-national-park-webcam,link,Grand Canyon Webcam,https://www.nationalparkcam.com/grand-canyon-webcam
Isle Royale National Park Live Webcams,https://www.nationalparkcam.com/isle-royale-national-park-webcam,link,Grand Tetons Webcam,https://www.nationalparkcam.com/grand-tetons-webcam
Isle Royale National Park Live Webcams,https://www.nationalparkcam.com/isle-royale-national-park-webcam,link,Great Smoky Mountains Webcam,https://www.nationalparkcam.com/great-smoky-mountains-webcam
Isle Royale National Park Live Webcams,https://www.nationalparkcam.com/isle-royale-national-park-webcam,link,Guadalupe Mountains Webcam,https://www.nationalparkcam.com/guadalupe-mountains-webcam
Isle Royale National Park Live Webcams,https://www.nationalparkcam.com/isle-royale-national-park-webcam,link,Haleakala Webcam,https://www.nationalparkcam.com/haleakala-webcam
Isle Royale National Park Live Webcams,https://www.nationalparkcam.com/isle-royale-national-park-webcam,link,Hawaii Volcanoes Webcam,https://www.nationalparkcam.com/hawaii-volcanoes-webcam
Isle Royale National Park Live Webcams,https://www.nationalparkcam.com/isle-royale-national-park-webcam,link,Isle Royale National Park Webcam,https://www.nationalparkcam.com/isle-royale-national-park-webcam
Isle Royale National Park Live Webcams,https://www.nationalparkcam.com/isle-royale-national-park-webcam,link,Joshua Tree Webcam,https://www.nationalparkcam.com/joshua-tree-webcam
Isle Royale National Park Live Webcams,https://www.nationalparkcam.com/isle-royale-national-park-webcam,link,Katmai Webcam,https://www.nationalparkcam.com/katmai-webcam
Isle Royale National Park Live Webcams,https://www.nationalparkcam.com/isle-royale-national-park-webcam,link,Kings Canyon Webcam,https://www.nationalparkcam.com/kings-canyon-webcam
Isle Royale National Park Live Webcams,https://www.nationalparkcam.com/isle-royale-national-park-webcam,link,Lassen Volcano Webcam,https://www.nationalparkcam.com/lassen-volcano-webcam
Isle Royale National Park Live Webcams,https://www.nationalparkcam.com/isle-royale-national-park-webcam,link,Mammoth Cave Webcam,https://www.nationalparkcam.com/mammoth-cave-webcam
Isle Royale National Park Live Webcams,https://www.nationalparkcam.com/isle-royale-national-park-webcam,link,Mount Rainier Webcam,https://www.nationalparkcam.com/mount-rainier-webcam
Isle Royale National Park Live Webcams,https://www.nationalparkcam.com/isle-royale-national-park-webcam,link,New River Gorge Webcam,https://www.nationalparkcam.com/new-river-gorge-webcam
Isle Royale National Park Live Webcams,https://www.nationalparkcam.com/isle-royale-national-park-webcam,link,North Cascades Webcam,https://www.nationalparkcam.com/north-cascades-webcam
Isle Royale National Park Live Webcams,https://www.nationalparkcam.com/isle-royale-national-park-webcam,link,Olympic Webcam,https://www.nationalparkcam.com/olympic-webcam
Isle Royale National Park Live Webcams,https://www.nationalparkcam.com/isle-royale-national-park-webcam,link,Petrified Forest Webcam,https://www.nationalparkcam.com/petrified-forest-webcam
Isle Royale National Park Live Webcams,https://www.nationalparkcam.com/isle-royale-national-park-webcam,link,Redwood National Park,https://www.nationalparkcam.com/redwood-national-park
Isle Royale National Park Live Webcams,https://www.nationalparkcam.com/isle-royale-national-park-webcam,link,Rocky Mountain Webcam,https://www.nationalparkcam.com/rocky-mountain-webcam
Isle Royale National Park Live Webcams,https://www.nationalparkcam.com/isle-royale-national-park-webcam,link,Shenandoah Webcam,https://www.nationalparkcam.com/shenandoah-webcam
Isle Royale National Park Live Webcams,https://www.nationalparkcam.com/isle-royale-national-park-webcam,link,Theodore Roosevelt Webcam,https://www.nationalparkcam.com/theodore-roosevelt-webcam
Isle Royale National Park Live Webcams,https://www.nationalparkcam.com/isle-royale-national-park-webcam,link,Virgin Islands Webcam,https://www.nationalparkcam.com/virgin-islands-webcam
Isle Royale National Park Live Webcams,https://www.nationalparkcam.com/isle-royale-national-park-webcam,link,Wrangell-St. Elias Webcam,https://www.nationalparkcam.com/wrangell-st-elias-webcam
Isle Royale National Park Live Webcams,https://www.nationalparkcam.com/isle-royale-national-park-webcam,link,Yellowstone Webcam,https://www.nationalparkcam.com/yellowstone-webcam
Isle Royale National Park Live Webcams,https://www.nationalparkcam.com/isle-royale-national-park-webcam,link,Yosemite Webcam,https://www.nationalparkcam.com/yosemite-webcam
Isle Royale National Park Live Webcams,https://www.nationalparkcam.com/isle-royale-national-park-webcam,link,Zion Webcam,https://www.nationalparkcam.com/zion-webcam
Isle Royale National Park Live Webcams,https://www.nationalparkcam.com/isle-royale-national-park-webcam,link,"Isle Royale National Park Explore a rugged, isolated island far from our connected communities. Isle Royale offers adventures for backpackers, hikers, boaters, paddlers, and divers. Cross Lake Superior and make a commitment: Become a part of this island, and let it become a part of you. Find peace and refuge in island wilderness – because Isle Royale, in turn, finds refuge in us. Help Isle Royale stay wild.",https://www.google.com/url?q=https%3A%2F%2Fwww.nps.gov%2Fisro%2Findex.htm&sa=D&sntz=1&usg=AOvVaw0Wq-6i1z2jFEuLSJ58MDMM
Isle Royale National Park Live Webcams,https://www.nationalparkcam.com/isle-royale-national-park-webcam,link,.,https://americanalpineclub.org/gtcr-lodging
Isle Royale National Park Live Webcams,https://www.nationalparkcam.com/isle-royale-national-park-webcam,link,UNESCO International Biosphere Reserve,https://www.nps.gov/isro/learn/management/man-and-the-biosphere-program.htm
Isle Royale National Park Live Webcams,https://www.nationalparkcam.com/isle-royale-national-park-webcam,link,Wikipedia,https://en.wikipedia.org/wiki/Isle_Royale_National_Park
Isle Royale National Park Live Webcams,https://www.nationalparkcam.com/isle-royale-national-park-webcam,link,NPS site,https://www.nps.gov/isro/planyourvisit/day-hiking.htm
Isle Royale National Park Live Webcams,https://www.nationalparkcam.com/isle-royale-national-park-webcam,link,36 campgrounds,https://www.nps.gov/isro/planyourvisit/camping.htm
Isle Royale National Park Live Webcams,https://www.nationalparkcam.com/isle-royale-national-park-webcam,link,NPS website,https://www.nps.gov/isro/planyourvisit/greenstone-campground-table.htm
Isle Royale National Park Live Webcams,https://www.nationalparkcam.com/isle-royale-national-park-webcam,link,Isle Royal Queen IV,https://www.isleroyale.com/
Isle Royale National Park Live Webcams,https://www.nationalparkcam.com/isle-royale-national-park-webcam,link,Isle Royale Seaplanes,https://www.isleroyaleseaplanes.com/
Isle Royale National Park Live Webcams,https://www.nationalparkcam.com/isle-royale-national-park-webcam,link,Sea Hunter III,https://www.isleroyaleboats.com/
Isle Royale National Park Live Webcams,https://www.nationalparkcam.com/isle-royale-national-park-webcam,link,Permits,https://www.nps.gov/isro/planyourvisit/boater-permit-request.htm
Isle Royale National Park Live Webcams,https://www.nationalparkcam.com/isle-royale-national-park-webcam,link,NPS website.,https://www.nps.gov/isro/planyourvisit/boat-in-campgrounds.htm
Isle Royale National Park Live Webcams,https://www.nationalparkcam.com/isle-royale-national-park-webcam,link,backcountry permit,https://www.nps.gov/isro/planyourvisit/permits.htm
Isle Royale National Park Live Webcams,https://www.nationalparkcam.com/isle-royale-national-park-webcam,link,NPS website,https://www.nps.gov/isro/planyourvisit/campgrounds-with-group-sites.htm
Isle Royale National Park Live Webcams,https://www.nationalparkcam.com/isle-royale-national-park-webcam,link,Isle Royale Lodge and Marina,https://www.rockharborlodge.com/
Isle Royale National Park Live Webcams,https://www.nationalparkcam.com/isle-royale-national-park-webcam,link,Michigan Fishing,https://www.michigan.gov/dnr/things-to-do/fishing
Isle Royale National Park Live Webcams,https://www.nationalparkcam.com/isle-royale-national-park-webcam,link,NPS Fishing Requlation,https://www.nps.gov/isro/planyourvisit/fishing-regulations.htm
Isle Royale National Park Live Webcams,https://www.nationalparkcam.com/isle-royale-national-park-webcam,link,NPS website,https://www.nps.gov/isro/planyourvisit/rock-harbor-lodge.htm
Isle Royale National Park Live Webcams,https://www.nationalparkcam.com/isle-royale-national-park-webcam,link,Windigo Camper Cabins,https://www.rockharborlodge.com/lodging/windigo-camper-cabins/
Isle Royale National Park Live Webcams,https://www.nationalparkcam.com/isle-royale-national-park-webcam,link,Lighthouse Restaurant,https://www.rockharborlodge.com/dining/lighthouse-restaurant/
Isle Royale National Park Live Webcams,https://www.nationalparkcam.com/isle-royale-national-park-webcam,link,The Greenstone Grill,https://www.rockharborlodge.com/dining/greenstone-grill/
Isle Royale National Park Live Webcams,https://www.nationalparkcam.com/isle-royale-national-park-webcam,link,mailto:npcam012@gmail.com,mailto:npcam012@gmail.com
Isle Royale National Park Live Webcams,https://www.nationalparkcam.com/isle-royale-national-park-webcam,image,Image,https://lh3.googleusercontent.com/docsubipk/AP9E6xU-yoh2Q5wNWhS_TgMV2ikyX2JDEq0aCHb25dtiUXQbQewTxP47yf0cKMCZ7hVkOCHLXQ8Nageu8Jsp0XEehSpKsTrhBt8ak9o6IG8-x6kmV_j8z4mRQk2JINF1zXL8kgQC1_ghbvUY6w00loCsiHw6jTvXh8lilwomZa4uisTfBN2DSEMKMg
Isle Royale National Park Live Webcams,https://www.nationalparkcam.com/isle-royale-national-park-webcam,image,Email,https://ssl.gstatic.com/atari/images/sociallinks/email_white_28dp.png
Isle Royale National Park Live Webcams,https://www.nationalparkcam.com/isle-royale-national-park-webcam,embed,Custom embed,google-sites-frame:5aec7fe4f700359b_12
Isle Royale National Park Live Webcams,https://www.nationalparkcam.com/isle-royale-national-park-webcam,embed,Custom embed,google-sites-frame:a1a297d1b06103e_4
Isle Royale National Park Live Webcams,https://www.nationalparkcam.com/isle-royale-national-park-webcam,embed,"Map, Untitled Location","https://maps-api-ssl.google.com/maps?hl=en-US&ll=47.828339,-88.399976&output=embed&q=47.997274,-88.912354+(Untitled+Location)&z=8"
Isle Royale National Park Live Webcams,https://www.nationalparkcam.com/isle-royale-national-park-webcam,embed,Custom embed,google-sites-frame:57b9a16a0a4415b8_45
Isle Royale National Park Live Webcams,https://www.nationalparkcam.com/isle-royale-national-park-webcam,embed,Custom embed,google-sites-frame:57b9a16a0a4415b8_50
Isle Royale National Park Live Webcams,https://www.nationalparkcam.com/isle-royale-national-park-webcam,embed,Custom embed,google-sites-frame:57b9a16a0a4415b8_85
Isle Royale National Park Live Webcams,https://www.nationalparkcam.com/isle-royale-national-park-webcam,embed,Custom embed,google-sites-frame:57b9a16a0a4415b8_90
Isle Royale National Park Live Webcams,https://www.nationalparkcam.com/isle-royale-national-park-webcam,embed,Custom embed,google-sites-frame:57b9a16a0a4415b8_96
Isle Royale National Park Live Webcams,https://www.nationalparkcam.com/isle-royale-national-park-webcam,embed,Custom embed,google-sites-frame:57b9a16a0a4415b8_118
Isle Royale National Park Live Webcams,https://www.nationalparkcam.com/isle-royale-national-park-webcam,embed,Custom embed,google-sites-frame:57b9a16a0a4415b8_107
Isle Royale National Park Live Webcams,https://www.nationalparkcam.com/isle-royale-national-park-webcam,embed,Custom embed,google-sites-frame:49aebfbbad550de7_26
Isle Royale National Park Live Webcams,https://www.nationalparkcam.com/isle-royale-national-park-webcam,embed,Custom embed,google-sites-frame:49aebfbbad550de7_37
Joshua Tree National Park Live Webcams,https://www.nationalparkcam.com/joshua-tree-webcam,link,National Parks Webcams,https://www.nationalparkcam.com/national-park-webcam-home
Joshua Tree National Park Live Webcams,https://www.nationalparkcam.com/joshua-tree-webcam,link,Acadia Webcam,https://www.nationalparkcam.com/acadia-webcam
Joshua Tree National Park Live Webcams,https://www.nationalparkcam.com/joshua-tree-webcam,link,Arches Webcam,https://www.nationalparkcam.com/arches-webcam
Joshua Tree National Park Live Webcams,https://www.nationalparkcam.com/joshua-tree-webcam,link,Big Bend Webcam,https://www.nationalparkcam.com/big-bend-webcam
Joshua Tree National Park Live Webcams,https://www.nationalparkcam.com/joshua-tree-webcam,link,Black Canyon of the Gunnison Webcam,https://www.nationalparkcam.com/black-canyon-of-the-gunnison-webcam
Joshua Tree National Park Live Webcams,https://www.nationalparkcam.com/joshua-tree-webcam,link,Bryce Canyon Webcam,https://www.nationalparkcam.com/bryce-canyon-webcam
Joshua Tree National Park Live Webcams,https://www.nationalparkcam.com/joshua-tree-webcam,link,Channel Islands Webcam,https://www.nationalparkcam.com/channel-islands-webcam
Joshua Tree National Park Live Webcams,https://www.nationalparkcam.com/joshua-tree-webcam,link,Crater Lake Webcam,https://www.nationalparkcam.com/crater-lake-webcam
Joshua Tree National Park Live Webcams,https://www.nationalparkcam.com/joshua-tree-webcam,link,Denali Webcam,https://www.nationalparkcam.com/denali-webcam
Joshua Tree National Park Live Webcams,https://www.nationalparkcam.com/joshua-tree-webcam,link,Everglades Webcam,https://www.nationalparkcam.com/everglades-webcam
Joshua Tree National Park Live Webcams,https://www.nationalparkcam.com/joshua-tree-webcam,link,Glacier Bay Webcam,https://www.nationalparkcam.com/glacier-bay-webcam
Joshua Tree National Park Live Webcams,https://www.nationalparkcam.com/joshua-tree-webcam,link,Glacier Webcam,https://www.nationalparkcam.com/glacier-webcam
Joshua Tree National Park Live Webcams,https://www.nationalparkcam.com/joshua-tree-webcam,link,Grand Canyon Webcam,https://www.nationalparkcam.com/grand-canyon-webcam
Joshua Tree National Park Live Webcams,https://www.nationalparkcam.com/joshua-tree-webcam,link,Grand Tetons Webcam,https://www.nationalparkcam.com/grand-tetons-webcam
Joshua Tree National Park Live Webcams,https://www.nationalparkcam.com/joshua-tree-webcam,link,Great Smoky Mountains Webcam,https://www.nationalparkcam.com/great-smoky-mountains-webcam
Joshua Tree National Park Live Webcams,https://www.nationalparkcam.com/joshua-tree-webcam,link,Guadalupe Mountains Webcam,https://www.nationalparkcam.com/guadalupe-mountains-webcam
Joshua Tree National Park Live Webcams,https://www.nationalparkcam.com/joshua-tree-webcam,link,Haleakala Webcam,https://www.nationalparkcam.com/haleakala-webcam
Joshua Tree National Park Live Webcams,https://www.nationalparkcam.com/joshua-tree-webcam,link,Hawaii Volcanoes Webcam,https://www.nationalparkcam.com/hawaii-volcanoes-webcam
Joshua Tree National Park Live Webcams,https://www.nationalparkcam.com/joshua-tree-webcam,link,Isle Royale National Park Webcam,https://www.nationalparkcam.com/isle-royale-national-park-webcam
Joshua Tree National Park Live Webcams,https://www.nationalparkcam.com/joshua-tree-webcam,link,Joshua Tree Webcam,https://www.nationalparkcam.com/joshua-tree-webcam
Joshua Tree National Park Live Webcams,https://www.nationalparkcam.com/joshua-tree-webcam,link,Katmai Webcam,https://www.nationalparkcam.com/katmai-webcam
Joshua Tree National Park Live Webcams,https://www.nationalparkcam.com/joshua-tree-webcam,link,Kings Canyon Webcam,https://www.nationalparkcam.com/kings-canyon-webcam
Joshua Tree National Park Live Webcams,https://www.nationalparkcam.com/joshua-tree-webcam,link,Lassen Volcano Webcam,https://www.nationalparkcam.com/lassen-volcano-webcam
Joshua Tree National Park Live Webcams,https://www.nationalparkcam.com/joshua-tree-webcam,link,Mammoth Cave Webcam,https://www.nationalparkcam.com/mammoth-cave-webcam
Joshua Tree National Park Live Webcams,https://www.nationalparkcam.com/joshua-tree-webcam,link,Mount Rainier Webcam,https://www.nationalparkcam.com/mount-rainier-webcam
Joshua Tree National Park Live Webcams,https://www.nationalparkcam.com/joshua-tree-webcam,link,New River Gorge Webcam,https://www.nationalparkcam.com/new-river-gorge-webcam
Joshua Tree National Park Live Webcams,https://www.nationalparkcam.com/joshua-tree-webcam,link,North Cascades Webcam,https://www.nationalparkcam.com/north-cascades-webcam
Joshua Tree National Park Live Webcams,https://www.nationalparkcam.com/joshua-tree-webcam,link,Olympic Webcam,https://www.nationalparkcam.com/olympic-webcam
Joshua Tree National Park Live Webcams,https://www.nationalparkcam.com/joshua-tree-webcam,link,Petrified Forest Webcam,https://www.nationalparkcam.com/petrified-forest-webcam
Joshua Tree National Park Live Webcams,https://www.nationalparkcam.com/joshua-tree-webcam,link,Redwood National Park,https://www.nationalparkcam.com/redwood-national-park
Joshua Tree National Park Live Webcams,https://www.nationalparkcam.com/joshua-tree-webcam,link,Rocky Mountain Webcam,https://www.nationalparkcam.com/rocky-mountain-webcam
Joshua Tree National Park Live Webcams,https://www.nationalparkcam.com/joshua-tree-webcam,link,Shenandoah Webcam,https://www.nationalparkcam.com/shenandoah-webcam
Joshua Tree National Park Live Webcams,https://www.nationalparkcam.com/joshua-tree-webcam,link,Theodore Roosevelt Webcam,https://www.nationalparkcam.com/theodore-roosevelt-webcam
Joshua Tree National Park Live Webcams,https://www.nationalparkcam.com/joshua-tree-webcam,link,Virgin Islands Webcam,https://www.nationalparkcam.com/virgin-islands-webcam
Joshua Tree National Park Live Webcams,https://www.nationalparkcam.com/joshua-tree-webcam,link,Wrangell-St. Elias Webcam,https://www.nationalparkcam.com/wrangell-st-elias-webcam
Joshua Tree National Park Live Webcams,https://www.nationalparkcam.com/joshua-tree-webcam,link,Yellowstone Webcam,https://www.nationalparkcam.com/yellowstone-webcam
Joshua Tree National Park Live Webcams,https://www.nationalparkcam.com/joshua-tree-webcam,link,Yosemite Webcam,https://www.nationalparkcam.com/yosemite-webcam
Joshua Tree National Park Live Webcams,https://www.nationalparkcam.com/joshua-tree-webcam,link,Zion Webcam,https://www.nationalparkcam.com/zion-webcam
Joshua Tree National Park Live Webcams,https://www.nationalparkcam.com/joshua-tree-webcam,link,"Joshua Tree National Park Two distinct desert ecosystems, the Mojave and the Colorado, come together in Joshua Tree National Park. A fascinating variety of plants and animals make their homes in a land sculpted by strong winds and occasional torrents of rain. Dark night skies, a rich cultural history, and surreal geologic features add to the wonder of this vast wilderness in southern California. Come explore for yourself!",https://www.google.com/url?q=https%3A%2F%2Fwww.nps.gov%2Fjotr%2Findex.htm&sa=D&sntz=1&usg=AOvVaw1eF6KxeV0w0oCHRKlkkvd1
Joshua Tree National Park Live Webcams,https://www.nationalparkcam.com/joshua-tree-webcam,link,site,https://en.wikipedia.org/wiki/Joshua_Tree_National_Park
Joshua Tree National Park Live Webcams,https://www.nationalparkcam.com/joshua-tree-webcam,link,NPS website,https://www.nps.gov/jotr/planyourvisit/hiking.htm
Joshua Tree National Park Live Webcams,https://www.nationalparkcam.com/joshua-tree-webcam,link,The West Side Loop Trail,https://www.nps.gov/jotr/planyourvisit/black-rock-area-hiking.htm
Joshua Tree National Park Live Webcams,https://www.nationalparkcam.com/joshua-tree-webcam,link,Backpacking,https://www.nps.gov/jotr/planyourvisit/backpacking.htm
Joshua Tree National Park Live Webcams,https://www.nationalparkcam.com/joshua-tree-webcam,link,Recreation.gov,https://www.recreation.gov/permits/4675329
Joshua Tree National Park Live Webcams,https://www.nationalparkcam.com/joshua-tree-webcam,link,Recreation.gov,https://www.recreation.gov/search?q=Joshua%20Tree%20National%20Park&entity_id=2782&entity_type=recarea&inventory_type=camping&parent_asset_id=2782
Joshua Tree National Park Live Webcams,https://www.nationalparkcam.com/joshua-tree-webcam,link,Campgrounds,https://www.nps.gov/jotr/planyourvisit/campgrounds.htm
Joshua Tree National Park Live Webcams,https://www.nationalparkcam.com/joshua-tree-webcam,link,Black Rock Campground,https://www.nps.gov/jotr/planyourvisit/black-rock-campground.htm
Joshua Tree National Park Live Webcams,https://www.nationalparkcam.com/joshua-tree-webcam,link,Cottonwood Campground,https://www.nps.gov/jotr/planyourvisit/cottonwood-campground.htm
Joshua Tree National Park Live Webcams,https://www.nationalparkcam.com/joshua-tree-webcam,link,Indian Cove Campground,https://www.nps.gov/jotr/planyourvisit/indian-cove-campground.htm
Joshua Tree National Park Live Webcams,https://www.nationalparkcam.com/joshua-tree-webcam,link,Jumbo Rocks Campground,https://www.nps.gov/jotr/planyourvisit/jumbo-rocks-campground.htm
Joshua Tree National Park Live Webcams,https://www.nationalparkcam.com/joshua-tree-webcam,link,Ryan Campground,https://www.nps.gov/jotr/planyourvisit/ryan-campground.htm
Joshua Tree National Park Live Webcams,https://www.nationalparkcam.com/joshua-tree-webcam,link,Hidden Valley Campground,https://www.nps.gov/jotr/planyourvisit/hidden-valley-campground.htm
Joshua Tree National Park Live Webcams,https://www.nationalparkcam.com/joshua-tree-webcam,link,White Tank Campground,https://www.nps.gov/jotr/planyourvisit/white-tank-campground.htm
Joshua Tree National Park Live Webcams,https://www.nationalparkcam.com/joshua-tree-webcam,link,Belle Campground,https://www.nps.gov/jotr/planyourvisit/belle-campground.htm
Joshua Tree National Park Live Webcams,https://www.nationalparkcam.com/joshua-tree-webcam,link,Climbing,https://www.nps.gov/jotr/planyourvisit/climbing.htm
Joshua Tree National Park Live Webcams,https://www.nationalparkcam.com/joshua-tree-webcam,link,Biking,https://www.nps.gov/jotr/planyourvisit/mountain-biking.htm
Joshua Tree National Park Live Webcams,https://www.nationalparkcam.com/joshua-tree-webcam,link,mailto:npcam012@gmail.com,mailto:npcam012@gmail.com
Joshua Tree National Park Live Webcams,https://www.nationalparkcam.com/joshua-tree-webcam,image,Image,https://lh3.googleusercontent.com/docsubipk/AP9E6xXlXD3jfSt_esOBXzX9LyLOunt9EnYNgTceo2RFDQiMp4ZXWVkheqX63YthJpk1t-55dHSEsg8heaRBqsofyBtmIJk5LLTzePHxUpvX_qYnZl4TUh_sBSt43Wh_vd-8FvyEWYb4A0tJsHwUvFDJcZ2F5DrWVwP0baRd-lK_ctzgNB0JfTdk
Joshua Tree National Park Live Webcams,https://www.nationalparkcam.com/joshua-tree-webcam,image,Email,https://ssl.gstatic.com/atari/images/sociallinks/email_white_28dp.png
Joshua Tree National Park Live Webcams,https://www.nationalparkcam.com/joshua-tree-webcam,embed,Custom embed,google-sites-frame:5aec7fe4f700359b_16
Joshua Tree National Park Live Webcams,https://www.nationalparkcam.com/joshua-tree-webcam,embed,Custom embed,google-sites-frame:3473c977a85336c1_42
Joshua Tree National Park Live Webcams,https://www.nationalparkcam.com/joshua-tree-webcam,embed,"Map, Untitled Location","https://maps-api-ssl.google.com/maps?hl=en-US&ll=33.888314,-116.033632&output=embed&q=33.874976,-115.903015+(Untitled+Location)&z=9"
Joshua Tree National Park Live Webcams,https://www.nationalparkcam.com/joshua-tree-webcam,embed,Custom embed,google-sites-frame:3473c977a85336c1_23
Katmai National Park Live Webcams,https://www.nationalparkcam.com/katmai-webcam,link,National Parks Webcams,https://www.nationalparkcam.com/national-park-webcam-home
Katmai National Park Live Webcams,https://www.nationalparkcam.com/katmai-webcam,link,Acadia Webcam,https://www.nationalparkcam.com/acadia-webcam
Katmai National Park Live Webcams,https://www.nationalparkcam.com/katmai-webcam,link,Arches Webcam,https://www.nationalparkcam.com/arches-webcam
Katmai National Park Live Webcams,https://www.nationalparkcam.com/katmai-webcam,link,Big Bend Webcam,https://www.nationalparkcam.com/big-bend-webcam
Katmai National Park Live Webcams,https://www.nationalparkcam.com/katmai-webcam,link,Black Canyon of the Gunnison Webcam,https://www.nationalparkcam.com/black-canyon-of-the-gunnison-webcam
Katmai National Park Live Webcams,https://www.nationalparkcam.com/katmai-webcam,link,Bryce Canyon Webcam,https://www.nationalparkcam.com/bryce-canyon-webcam
Katmai National Park Live Webcams,https://www.nationalparkcam.com/katmai-webcam,link,Channel Islands Webcam,https://www.nationalparkcam.com/channel-islands-webcam
Katmai National Park Live Webcams,https://www.nationalparkcam.com/katmai-webcam,link,Crater Lake Webcam,https://www.nationalparkcam.com/crater-lake-webcam
Katmai National Park Live Webcams,https://www.nationalparkcam.com/katmai-webcam,link,Denali Webcam,https://www.nationalparkcam.com/denali-webcam
Katmai National Park Live Webcams,https://www.nationalparkcam.com/katmai-webcam,link,Everglades Webcam,https://www.nationalparkcam.com/everglades-webcam
Katmai National Park Live Webcams,https://www.nationalparkcam.com/katmai-webcam,link,Glacier Bay Webcam,https://www.nationalparkcam.com/glacier-bay-webcam
Katmai National Park Live Webcams,https://www.nationalparkcam.com/katmai-webcam,link,Glacier Webcam,https://www.nationalparkcam.com/glacier-webcam
Katmai National Park Live Webcams,https://www.nationalparkcam.com/katmai-webcam,link,Grand Canyon Webcam,https://www.nationalparkcam.com/grand-canyon-webcam
Katmai National Park Live Webcams,https://www.nationalparkcam.com/katmai-webcam,link,Grand Tetons Webcam,https://www.nationalparkcam.com/grand-tetons-webcam
Katmai National Park Live Webcams,https://www.nationalparkcam.com/katmai-webcam,link,Great Smoky Mountains Webcam,https://www.nationalparkcam.com/great-smoky-mountains-webcam
Katmai National Park Live Webcams,https://www.nationalparkcam.com/katmai-webcam,link,Guadalupe Mountains Webcam,https://www.nationalparkcam.com/guadalupe-mountains-webcam
Katmai National Park Live Webcams,https://www.nationalparkcam.com/katmai-webcam,link,Haleakala Webcam,https://www.nationalparkcam.com/haleakala-webcam
Katmai National Park Live Webcams,https://www.nationalparkcam.com/katmai-webcam,link,Hawaii Volcanoes Webcam,https://www.nationalparkcam.com/hawaii-volcanoes-webcam
Katmai National Park Live Webcams,https://www.nationalparkcam.com/katmai-webcam,link,Isle Royale National Park Webcam,https://www.nationalparkcam.com/isle-royale-national-park-webcam
Katmai National Park Live Webcams,https://www.nationalparkcam.com/katmai-webcam,link,Joshua Tree Webcam,https://www.nationalparkcam.com/joshua-tree-webcam
Katmai National Park Live Webcams,https://www.nationalparkcam.com/katmai-webcam,link,Katmai Webcam,https://www.nationalparkcam.com/katmai-webcam
Katmai National Park Live Webcams,https://www.nationalparkcam.com/katmai-webcam,link,Kings Canyon Webcam,https://www.nationalparkcam.com/kings-canyon-webcam
Katmai National Park Live Webcams,https://www.nationalparkcam.com/katmai-webcam,link,Lassen Volcano Webcam,https://www.nationalparkcam.com/lassen-volcano-webcam
Katmai National Park Live Webcams,https://www.nationalparkcam.com/katmai-webcam,link,Mammoth Cave Webcam,https://www.nationalparkcam.com/mammoth-cave-webcam
Katmai National Park Live Webcams,https://www.nationalparkcam.com/katmai-webcam,link,Mount Rainier Webcam,https://www.nationalparkcam.com/mount-rainier-webcam
Katmai National Park Live Webcams,https://www.nationalparkcam.com/katmai-webcam,link,New River Gorge Webcam,https://www.nationalparkcam.com/new-river-gorge-webcam
Katmai National Park Live Webcams,https://www.nationalparkcam.com/katmai-webcam,link,North Cascades Webcam,https://www.nationalparkcam.com/north-cascades-webcam
Katmai National Park Live Webcams,https://www.nationalparkcam.com/katmai-webcam,link,Olympic Webcam,https://www.nationalparkcam.com/olympic-webcam
Katmai National Park Live Webcams,https://www.nationalparkcam.com/katmai-webcam,link,Petrified Forest Webcam,https://www.nationalparkcam.com/petrified-forest-webcam
Katmai National Park Live Webcams,https://www.nationalparkcam.com/katmai-webcam,link,Redwood National Park,https://www.nationalparkcam.com/redwood-national-park
Katmai National Park Live Webcams,https://www.nationalparkcam.com/katmai-webcam,link,Rocky Mountain Webcam,https://www.nationalparkcam.com/rocky-mountain-webcam
Katmai National Park Live Webcams,https://www.nationalparkcam.com/katmai-webcam,link,Shenandoah Webcam,https://www.nationalparkcam.com/shenandoah-webcam
Katmai National Park Live Webcams,https://www.nationalparkcam.com/katmai-webcam,link,Theodore Roosevelt Webcam,https://www.nationalparkcam.com/theodore-roosevelt-webcam
Katmai National Park Live Webcams,https://www.nationalparkcam.com/katmai-webcam,link,Virgin Islands Webcam,https://www.nationalparkcam.com/virgin-islands-webcam
Katmai National Park Live Webcams,https://www.nationalparkcam.com/katmai-webcam,link,Wrangell-St. Elias Webcam,https://www.nationalparkcam.com/wrangell-st-elias-webcam
Katmai National Park Live Webcams,https://www.nationalparkcam.com/katmai-webcam,link,Yellowstone Webcam,https://www.nationalparkcam.com/yellowstone-webcam
Katmai National Park Live Webcams,https://www.nationalparkcam.com/katmai-webcam,link,Yosemite Webcam,https://www.nationalparkcam.com/yosemite-webcam
Katmai National Park Live Webcams,https://www.nationalparkcam.com/katmai-webcam,link,Zion Webcam,https://www.nationalparkcam.com/zion-webcam
Katmai National Park Live Webcams,https://www.nationalparkcam.com/katmai-webcam,link,"Katmai National Park & Preserve A landscape is alive underneath our feet, filled with creatures that remind us what it is to be wild. < br / > < br / > Katmai was established in 1918 to protect the volcanically devastated region surrounding Novarupta and the Valley of Ten Thousand Smokes. Today, Katmai National Park and Preserve also protects 9,000 years of human history and important habitat for salmon and thousands of brown bears.",https://www.google.com/url?q=https%3A%2F%2Fwww.nps.gov%2Fkatm%2Findex.htm&sa=D&sntz=1&usg=AOvVaw23mRZCdfyopPfugZbY75eQ
Katmai National Park Live Webcams,https://www.nationalparkcam.com/katmai-webcam,link,site,https://en.wikipedia.org/wiki/Katmai_National_Park_and_Preserve
Katmai National Park Live Webcams,https://www.nationalparkcam.com/katmai-webcam,link,Brooks Lodge,https://katmailand.com/the-lodge/
Katmai National Park Live Webcams,https://www.nationalparkcam.com/katmai-webcam,link,site,https://katmailand.com/brooks-lodge-lottery/
Katmai National Park Live Webcams,https://www.nationalparkcam.com/katmai-webcam,link,Grosvenor Lodge,https://grosvenorlodge.com/the-lodge/
Katmai National Park Live Webcams,https://www.nationalparkcam.com/katmai-webcam,link,site,https://grosvenorlodge.com/info/plan-your-trip/
Katmai National Park Live Webcams,https://www.nationalparkcam.com/katmai-webcam,link,how to use bear spray,https://www.rei.com/blog/hike/how-to-use-bear-spray
Katmai National Park Live Webcams,https://www.nationalparkcam.com/katmai-webcam,link,Brooks Camp,https://www.nps.gov/katm/planyourvisit/plyovicamp.htm
Katmai National Park Live Webcams,https://www.nationalparkcam.com/katmai-webcam,link,recreation.gov,https://www.recreation.gov/permits/249991
Katmai National Park Live Webcams,https://www.nationalparkcam.com/katmai-webcam,link,camp,https://www.nps.gov/katm/planyourvisit/campingbcdv.htm
Katmai National Park Live Webcams,https://www.nationalparkcam.com/katmai-webcam,link,mailto:npcam012@gmail.com,mailto:npcam012@gmail.com
Katmai National Park Live Webcams,https://www.nationalparkcam.com/katmai-webcam,image,Image,https://lh3.googleusercontent.com/docsubipk/AP9E6xXFPqde6fc-ipDjMJYP-aQ9KwFRgAgfq4H_S1jK7Y3-1NN-wXWlo6fWoX97m3vcEYNNGSuPJfs3qTQkeu6dD_RqZF4D4u2l8YYoZ4Rx4YkOTHlOXy-hqzFK8-DG6QS3ehHk4pzo3KSUfOgMDINt4DtNf2BQZsycw80WiqwGhtIkaBcFO4C7Dg
Katmai National Park Live Webcams,https://www.nationalparkcam.com/katmai-webcam,image,Email,https://ssl.gstatic.com/atari/images/sociallinks/email_white_28dp.png
Katmai National Park Live Webcams,https://www.nationalparkcam.com/katmai-webcam,embed,Custom embed,google-sites-frame:47ce2c0f2ebc94ad_16
Katmai National Park Live Webcams,https://www.nationalparkcam.com/katmai-webcam,embed,Custom embed,google-sites-frame:4917612c391190c7_8
Katmai National Park Live Webcams,https://www.nationalparkcam.com/katmai-webcam,embed,Custom embed,google-sites-frame:47ce2c0f2ebc94ad_26
Katmai National Park Live Webcams,https://www.nationalparkcam.com/katmai-webcam,embed,Map,"https://maps-api-ssl.google.com/maps?hl=en-US&ll=58.514309,-155.121592&output=embed&q=58.586198,-154.969775&z=8"
Katmai National Park Live Webcams,https://www.nationalparkcam.com/katmai-webcam,embed,"YouTube Video, Brooks Falls - Katmai National Park, Alaska 2025 powered by EXPLORE.org",https://www.youtube.com/embed/73-EekdVVU8?embed_config=%7B%22enc%22:%22AXH1ezl-g6gWgFZBAAhnVuGzbWqCHs_LQHtSpCDTTkjoxjLYElMGRByn-B4xY6AH6ml_NXGmO62lUEH49M7N2u9eCePshLcIzwvwNk5a21OdXEuMjIzkU4DK5qMue2Vn736-YGl3u40GtI1l4mbflide2gIw4rehCqs_KPLkZ11vZqHO%22%7D&errorlinks=1
Katmai National Park Live Webcams,https://www.nationalparkcam.com/katmai-webcam,embed,"YouTube Video, Riffles - Katmai National Park, Alaska powered by EXPLORE.org",https://www.youtube.com/embed/LM1YPBWn5jQ?embed_config=%7B%22enc%22:%22AXH1ezmlHA_0CC2AZyfNHbofmbz0WlsiRyeRZ1c7yX4wztItcevfTQA-Tni6EbemLlJndh3zgZ8tZigypefNvJWmhbYo7eaeRE6NEQSP8RJ-DvGpXXovUHwONNHk4p68G7vfO5TnmEzl8eTf3OP2AjD5CHxkRh4rw1KUh1CEyplmFmKN%22%7D&errorlinks=1
Katmai National Park Live Webcams,https://www.nationalparkcam.com/katmai-webcam,embed,"YouTube Video, Kat's River View - Katmai National Park, Alaska powered by EXPLORE.org",https://www.youtube.com/embed/vZ1e_m8Tl04?embed_config=%7B%22enc%22:%22AXH1ezmR9lCHWRitKSm0cijSNeZHmcsBMjlQ3dUvJhOMljFnNIgO0zbeyUIZabJcV1R2biINseSIB3GNhj_-h_Io9lZ4yIjMYI6MA8nwEDXx44pbambmnK5Qqlnr-HmHFLhN00G8fAMQwS70CeW1cmAqi14dxj_ZJ8JtCrgL8ZLuoC5W%22%7D&errorlinks=1
Katmai National Park Live Webcams,https://www.nationalparkcam.com/katmai-webcam,embed,"YouTube Video, River Watch - Katmai National Park, Alaska powered by EXPLORE.org",https://www.youtube.com/embed/-W_CTboaB4A?embed_config=%7B%22enc%22:%22AXH1ezkLpooRRfhQg3l0KkdmeUTGr749AolFTYzg8yWCotqPPS9JcTcb0YLr3UC1-fy6czh_4PgFL1uc-ZEzHb5qs1LWwo3BnqMfH9ZFGrJmdC2PMhFXq8ZE1Tvt74J1nMhCTxJXbCiuIwekBT3qDr8vzifIpqgtstNiybtVE5SLPQ98%22%7D&errorlinks=1
Katmai National Park Live Webcams,https://www.nationalparkcam.com/katmai-webcam,embed,"YouTube Video, Underwater Salmon Cam - Katmai National Park, Alaska powered by EXPLORE.org",https://www.youtube.com/embed/pfH8hlk2fUc?embed_config=%7B%22enc%22:%22AXH1ezmtR5vM9IwL8Oo9L6KArA5_HeAWh0t0t6T-F4ziwU79ALQMizf6Hvvtm7sLpb2ZBbyBKLJI3DB1d649GzjVxdpJo3F3JwU4vi4rP4v1Vq2kNrW3Lo3pp1TVNLJfMKlg6zrhaTo-3bVBXyf94CejjnwyoC76rIwxWw8PWbcKfQsT%22%7D&errorlinks=1
Katmai National Park Live Webcams,https://www.nationalparkcam.com/katmai-webcam,embed,"YouTube Video, Brooks Falls Brown Bears Low powered by  EXPLORE.org",https://www.youtube.com/embed/UHgF74ieHUM?embed_config=%7B%22enc%22:%22AXH1ezmEL4rXT6P357mLzxtHTcZJObIq5vdpglFNi2Uq9VlXYTJCP72j9wH_OQ12kOMr-1yLEeDzgo8LaTD4NxuyK3PkHWAxtKH-bzWp0Hpw-kqbxffhRYkhjOtDdQOmn0PFGEh3MVqGdcZRntpuBH08sIaL3BCL6f6-prN1nisyFyeo%22%7D&errorlinks=1
Katmai National Park Live Webcams,https://www.nationalparkcam.com/katmai-webcam,embed,"YouTube Video, Naknek River Cam powered by EXPLORE.org",https://www.youtube.com/embed/7B8ArsmXPyk?embed_config=%7B%22enc%22:%22AXH1ezm0ywfbxHLOXxMzVHExST5M8g77GiONTGFj9GAZONBAMe4NrIHj0_DJ6LAC8ONnk0t5uqyyglqtLZ-y9llRTPiUTkynSLgNdUdcpu5EGq0-aaffH8vhSwdD79EK3qwGAJNwSxVrhUFjts5nBHeelWfuzHvRBqk7iKRJsV5wZXLr%22%7D&errorlinks=1
Sequoia and Kings Canyon National Park Live Webcams,https://www.nationalparkcam.com/kings-canyon-webcam,link,National Parks Webcams,https://www.nationalparkcam.com/national-park-webcam-home
Sequoia and Kings Canyon National Park Live Webcams,https://www.nationalparkcam.com/kings-canyon-webcam,link,Acadia Webcam,https://www.nationalparkcam.com/acadia-webcam
Sequoia and Kings Canyon National Park Live Webcams,https://www.nationalparkcam.com/kings-canyon-webcam,link,Arches Webcam,https://www.nationalparkcam.com/arches-webcam
Sequoia and Kings Canyon National Park Live Webcams,https://www.nationalparkcam.com/kings-canyon-webcam,link,Big Bend Webcam,https://www.nationalparkcam.com/big-bend-webcam
Sequoia and Kings Canyon National Park Live Webcams,https://www.nationalparkcam.com/kings-canyon-webcam,link,Black Canyon of the Gunnison Webcam,https://www.nationalparkcam.com/black-canyon-of-the-gunnison-webcam
Sequoia and Kings Canyon National Park Live Webcams,https://www.nationalparkcam.com/kings-canyon-webcam,link,Bryce Canyon Webcam,https://www.nationalparkcam.com/bryce-canyon-webcam
Sequoia and Kings Canyon National Park Live Webcams,https://www.nationalparkcam.com/kings-canyon-webcam,link,Channel Islands Webcam,https://www.nationalparkcam.com/channel-islands-webcam
Sequoia and Kings Canyon National Park Live Webcams,https://www.nationalparkcam.com/kings-canyon-webcam,link,Crater Lake Webcam,https://www.nationalparkcam.com/crater-lake-webcam
Sequoia and Kings Canyon National Park Live Webcams,https://www.nationalparkcam.com/kings-canyon-webcam,link,Denali Webcam,https://www.nationalparkcam.com/denali-webcam
Sequoia and Kings Canyon National Park Live Webcams,https://www.nationalparkcam.com/kings-canyon-webcam,link,Everglades Webcam,https://www.nationalparkcam.com/everglades-webcam
Sequoia and Kings Canyon National Park Live Webcams,https://www.nationalparkcam.com/kings-canyon-webcam,link,Glacier Bay Webcam,https://www.nationalparkcam.com/glacier-bay-webcam
Sequoia and Kings Canyon National Park Live Webcams,https://www.nationalparkcam.com/kings-canyon-webcam,link,Glacier Webcam,https://www.nationalparkcam.com/glacier-webcam
Sequoia and Kings Canyon National Park Live Webcams,https://www.nationalparkcam.com/kings-canyon-webcam,link,Grand Canyon Webcam,https://www.nationalparkcam.com/grand-canyon-webcam
Sequoia and Kings Canyon National Park Live Webcams,https://www.nationalparkcam.com/kings-canyon-webcam,link,Grand Tetons Webcam,https://www.nationalparkcam.com/grand-tetons-webcam
Sequoia and Kings Canyon National Park Live Webcams,https://www.nationalparkcam.com/kings-canyon-webcam,link,Great Smoky Mountains Webcam,https://www.nationalparkcam.com/great-smoky-mountains-webcam
Sequoia and Kings Canyon National Park Live Webcams,https://www.nationalparkcam.com/kings-canyon-webcam,link,Guadalupe Mountains Webcam,https://www.nationalparkcam.com/guadalupe-mountains-webcam
Sequoia and Kings Canyon National Park Live Webcams,https://www.nationalparkcam.com/kings-canyon-webcam,link,Haleakala Webcam,https://www.nationalparkcam.com/haleakala-webcam
Sequoia and Kings Canyon National Park Live Webcams,https://www.nationalparkcam.com/kings-canyon-webcam,link,Hawaii Volcanoes Webcam,https://www.nationalparkcam.com/hawaii-volcanoes-webcam
Sequoia and Kings Canyon National Park Live Webcams,https://www.nationalparkcam.com/kings-canyon-webcam,link,Isle Royale National Park Webcam,https://www.nationalparkcam.com/isle-royale-national-park-webcam
Sequoia and Kings Canyon National Park Live Webcams,https://www.nationalparkcam.com/kings-canyon-webcam,link,Joshua Tree Webcam,https://www.nationalparkcam.com/joshua-tree-webcam
Sequoia and Kings Canyon National Park Live Webcams,https://www.nationalparkcam.com/kings-canyon-webcam,link,Katmai Webcam,https://www.nationalparkcam.com/katmai-webcam
Sequoia and Kings Canyon National Park Live Webcams,https://www.nationalparkcam.com/kings-canyon-webcam,link,Kings Canyon Webcam,https://www.nationalparkcam.com/kings-canyon-webcam
Sequoia and Kings Canyon National Park Live Webcams,https://www.nationalparkcam.com/kings-canyon-webcam,link,Lassen Volcano Webcam,https://www.nationalparkcam.com/lassen-volcano-webcam
Sequoia and Kings Canyon National Park Live Webcams,https://www.nationalparkcam.com/kings-canyon-webcam,link,Mammoth Cave Webcam,https://www.nationalparkcam.com/mammoth-cave-webcam
Sequoia and Kings Canyon National Park Live Webcams,https://www.nationalparkcam.com/kings-canyon-webcam,link,Mount Rainier Webcam,https://www.nationalparkcam.com/mount-rainier-webcam
Sequoia and Kings Canyon National Park Live Webcams,https://www.nationalparkcam.com/kings-canyon-webcam,link,New River Gorge Webcam,https://www.nationalparkcam.com/new-river-gorge-webcam
Sequoia and Kings Canyon National Park Live Webcams,https://www.nationalparkcam.com/kings-canyon-webcam,link,North Cascades Webcam,https://www.nationalparkcam.com/north-cascades-webcam
Sequoia and Kings Canyon National Park Live Webcams,https://www.nationalparkcam.com/kings-canyon-webcam,link,Olympic Webcam,https://www.nationalparkcam.com/olympic-webcam
Sequoia and Kings Canyon National Park Live Webcams,https://www.nationalparkcam.com/kings-canyon-webcam,link,Petrified Forest Webcam,https://www.nationalparkcam.com/petrified-forest-webcam
Sequoia and Kings Canyon National Park Live Webcams,https://www.nationalparkcam.com/kings-canyon-webcam,link,Redwood National Park,https://www.nationalparkcam.com/redwood-national-park
Sequoia and Kings Canyon National Park Live Webcams,https://www.nationalparkcam.com/kings-canyon-webcam,link,Rocky Mountain Webcam,https://www.nationalparkcam.com/rocky-mountain-webcam
Sequoia and Kings Canyon National Park Live Webcams,https://www.nationalparkcam.com/kings-canyon-webcam,link,Shenandoah Webcam,https://www.nationalparkcam.com/shenandoah-webcam
Sequoia and Kings Canyon National Park Live Webcams,https://www.nationalparkcam.com/kings-canyon-webcam,link,Theodore Roosevelt Webcam,https://www.nationalparkcam.com/theodore-roosevelt-webcam
Sequoia and Kings Canyon National Park Live Webcams,https://www.nationalparkcam.com/kings-canyon-webcam,link,Virgin Islands Webcam,https://www.nationalparkcam.com/virgin-islands-webcam
Sequoia and Kings Canyon National Park Live Webcams,https://www.nationalparkcam.com/kings-canyon-webcam,link,Wrangell-St. Elias Webcam,https://www.nationalparkcam.com/wrangell-st-elias-webcam
Sequoia and Kings Canyon National Park Live Webcams,https://www.nationalparkcam.com/kings-canyon-webcam,link,Yellowstone Webcam,https://www.nationalparkcam.com/yellowstone-webcam
Sequoia and Kings Canyon National Park Live Webcams,https://www.nationalparkcam.com/kings-canyon-webcam,link,Yosemite Webcam,https://www.nationalparkcam.com/yosemite-webcam
Sequoia and Kings Canyon National Park Live Webcams,https://www.nationalparkcam.com/kings-canyon-webcam,link,Zion Webcam,https://www.nationalparkcam.com/zion-webcam
Sequoia and Kings Canyon National Park Live Webcams,https://www.nationalparkcam.com/kings-canyon-webcam,link,"Sequoia & Kings Canyon National Parks Huge mountains, rugged foothills, deep canyons, vast caverns, and the world’s largest trees exemplify the diversity of landscapes, life, and beauty here. Explore these pages to plan your visit or to learn about the plants and animals here and the threats they face. Ancient giant sequoias may seem invincible, but they, too are vulnerable.",https://www.google.com/url?q=https%3A%2F%2Fwww.nps.gov%2Fseki%2Findex.htm&sa=D&sntz=1&usg=AOvVaw1YeDoROYoGEK4Vi6EGJzn7
Sequoia and Kings Canyon National Park Live Webcams,https://www.nationalparkcam.com/kings-canyon-webcam,link,Sequoia,https://en.wikipedia.org/wiki/Sequoia_National_Park
Sequoia and Kings Canyon National Park Live Webcams,https://www.nationalparkcam.com/kings-canyon-webcam,link,Kings Canyon,https://en.wikipedia.org/wiki/Kings_Canyon_National_Park
Sequoia and Kings Canyon National Park Live Webcams,https://www.nationalparkcam.com/kings-canyon-webcam,link,NPS website,https://www.nps.gov/seki/index.htm
Sequoia and Kings Canyon National Park Live Webcams,https://www.nationalparkcam.com/kings-canyon-webcam,link,Day Hikes,https://www.nps.gov/seki/planyourvisit/dayhikes.htm
Sequoia and Kings Canyon National Park Live Webcams,https://www.nationalparkcam.com/kings-canyon-webcam,link,Backpacking,https://www.nps.gov/seki/planyourvisit/backpacking.htm
Sequoia and Kings Canyon National Park Live Webcams,https://www.nationalparkcam.com/kings-canyon-webcam,link,Permits,https://www.recreation.gov/search?q=Sequoia%20and%20Kings%20Canyon%20National%20Parks%20Wilderness%20Permits&entity_type=permit
Sequoia and Kings Canyon National Park Live Webcams,https://www.nationalparkcam.com/kings-canyon-webcam,link,NPS website,https://www.nps.gov/seki/planyourvisit/fishing.htm
Sequoia and Kings Canyon National Park Live Webcams,https://www.nationalparkcam.com/kings-canyon-webcam,link,recreation.gov,https://www.recreation.gov/camping/gateways/2931
Sequoia and Kings Canyon National Park Live Webcams,https://www.nationalparkcam.com/kings-canyon-webcam,link,NPS website,https://www.nps.gov/seki/planyourvisit/campgrounds.htm
Sequoia and Kings Canyon National Park Live Webcams,https://www.nationalparkcam.com/kings-canyon-webcam,link,Azalea,https://www.nps.gov/seki/planyourvisit/azalea.htm
Sequoia and Kings Canyon National Park Live Webcams,https://www.nationalparkcam.com/kings-canyon-webcam,link,Sunset,https://www.nps.gov/seki/planyourvisit/sunset.htm
Sequoia and Kings Canyon National Park Live Webcams,https://www.nationalparkcam.com/kings-canyon-webcam,link,Crystal Springs,https://www.nps.gov/seki/planyourvisit/crystal_springs.htm
Sequoia and Kings Canyon National Park Live Webcams,https://www.nationalparkcam.com/kings-canyon-webcam,link,Potwisha,https://www.nps.gov/seki/planyourvisit/potwisha.htm
Sequoia and Kings Canyon National Park Live Webcams,https://www.nationalparkcam.com/kings-canyon-webcam,link,Buckeye Flat,https://www.nps.gov/seki/planyourvisit/buckeye.htm
Sequoia and Kings Canyon National Park Live Webcams,https://www.nationalparkcam.com/kings-canyon-webcam,link,Lodgepole,https://www.nps.gov/seki/planyourvisit/lodgepole.htm
Sequoia and Kings Canyon National Park Live Webcams,https://www.nationalparkcam.com/kings-canyon-webcam,link,Dorst Creek Campground,https://www.nps.gov/seki/planyourvisit/dorst.htm
Sequoia and Kings Canyon National Park Live Webcams,https://www.nationalparkcam.com/kings-canyon-webcam,link,Atwell Mill,https://www.nps.gov/seki/planyourvisit/atwell.htm
Sequoia and Kings Canyon National Park Live Webcams,https://www.nationalparkcam.com/kings-canyon-webcam,link,Cold Springs,https://www.nps.gov/seki/planyourvisit/cold_springs.htm
Sequoia and Kings Canyon National Park Live Webcams,https://www.nationalparkcam.com/kings-canyon-webcam,link,Canyon View,https://www.nps.gov/seki/planyourvisit/canyon_view.htm
Sequoia and Kings Canyon National Park Live Webcams,https://www.nationalparkcam.com/kings-canyon-webcam,link,Moraine,https://www.nps.gov/seki/planyourvisit/moraine.htm
Sequoia and Kings Canyon National Park Live Webcams,https://www.nationalparkcam.com/kings-canyon-webcam,link,Sheep Creek,https://www.nps.gov/seki/planyourvisit/sheep_creek.htm
Sequoia and Kings Canyon National Park Live Webcams,https://www.nationalparkcam.com/kings-canyon-webcam,link,Sentinel,https://www.nps.gov/seki/planyourvisit/sentinel.htm
Sequoia and Kings Canyon National Park Live Webcams,https://www.nationalparkcam.com/kings-canyon-webcam,link,visitsequoia.com,https://www.visitsequoia.com/lodging
Sequoia and Kings Canyon National Park Live Webcams,https://www.nationalparkcam.com/kings-canyon-webcam,link,John Muir Lodge,https://www.visitsequoia.com/lodging/john-muir-lodge
Sequoia and Kings Canyon National Park Live Webcams,https://www.nationalparkcam.com/kings-canyon-webcam,link,Grant Grove Cabins,https://www.visitsequoia.com/lodging/grant-grove-cabins
Sequoia and Kings Canyon National Park Live Webcams,https://www.nationalparkcam.com/kings-canyon-webcam,link,Cedar Grove Lodge,https://www.visitsequoia.com/lodging/cedar-grove-lodge
Sequoia and Kings Canyon National Park Live Webcams,https://www.nationalparkcam.com/kings-canyon-webcam,link,mailto:npcam012@gmail.com,mailto:npcam012@gmail.com
Sequoia and Kings Canyon National Park Live Webcams,https://www.nationalparkcam.com/kings-canyon-webcam,image,Image,https://lh3.googleusercontent.com/docsubipk/AP9E6xVdNKOY2TMcyC8MCIdo6OEATHCX2_s9oQiUIfpzfHfCPILjJxUWnTnKmOV9XMzEWWvMssnzIURAZ4sBVNXUO99jSxSNlRT6nZyo55ROwHPCv_DYVyMQ42Axz_20JnbgIcGvszzg705UPkipzhIt3jX5wQlSa78KEr3wVI9FeMJ7qlwuRiNxAQ
Sequoia and Kings Canyon National Park Live Webcams,https://www.nationalparkcam.com/kings-canyon-webcam,image,Email,https://ssl.gstatic.com/atari/images/sociallinks/email_white_28dp.png
Sequoia and Kings Canyon National Park Live Webcams,https://www.nationalparkcam.com/kings-canyon-webcam,embed,Custom embed,google-sites-frame:5aec7fe4f700359b_20
Sequoia and Kings Canyon National Park Live Webcams,https://www.nationalparkcam.com/kings-canyon-webcam,embed,Custom embed,google-sites-frame:372dfdc91827dbc8_20
Sequoia and Kings Canyon National Park Live Webcams,https://www.nationalparkcam.com/kings-canyon-webcam,embed,"Map, Untitled Location","https://maps-api-ssl.google.com/maps?hl=en-US&ll=36.587228,-118.619433&output=embed&q=36.602113,-118.585101+(Untitled+Location)&z=10"
Sequoia and Kings Canyon National Park Live Webcams,https://www.nationalparkcam.com/kings-canyon-webcam,embed,Custom embed,google-sites-frame:402df8111c9231a1_23
Lassen Volcano National Park Live Webcams,https://www.nationalparkcam.com/lassen-volcano-webcam,link,National Parks Webcams,https://www.nationalparkcam.com/national-park-webcam-home
Lassen Volcano National Park Live Webcams,https://www.nationalparkcam.com/lassen-volcano-webcam,link,Acadia Webcam,https://www.nationalparkcam.com/acadia-webcam
Lassen Volcano National Park Live Webcams,https://www.nationalparkcam.com/lassen-volcano-webcam,link,Arches Webcam,https://www.nationalparkcam.com/arches-webcam
Lassen Volcano National Park Live Webcams,https://www.nationalparkcam.com/lassen-volcano-webcam,link,Big Bend Webcam,https://www.nationalparkcam.com/big-bend-webcam
Lassen Volcano National Park Live Webcams,https://www.nationalparkcam.com/lassen-volcano-webcam,link,Black Canyon of the Gunnison Webcam,https://www.nationalparkcam.com/black-canyon-of-the-gunnison-webcam
Lassen Volcano National Park Live Webcams,https://www.nationalparkcam.com/lassen-volcano-webcam,link,Bryce Canyon Webcam,https://www.nationalparkcam.com/bryce-canyon-webcam
Lassen Volcano National Park Live Webcams,https://www.nationalparkcam.com/lassen-volcano-webcam,link,Channel Islands Webcam,https://www.nationalparkcam.com/channel-islands-webcam
Lassen Volcano National Park Live Webcams,https://www.nationalparkcam.com/lassen-volcano-webcam,link,Crater Lake Webcam,https://www.nationalparkcam.com/crater-lake-webcam
Lassen Volcano National Park Live Webcams,https://www.nationalparkcam.com/lassen-volcano-webcam,link,Denali Webcam,https://www.nationalparkcam.com/denali-webcam
Lassen Volcano National Park Live Webcams,https://www.nationalparkcam.com/lassen-volcano-webcam,link,Everglades Webcam,https://www.nationalparkcam.com/everglades-webcam
Lassen Volcano National Park Live Webcams,https://www.nationalparkcam.com/lassen-volcano-webcam,link,Glacier Bay Webcam,https://www.nationalparkcam.com/glacier-bay-webcam
Lassen Volcano National Park Live Webcams,https://www.nationalparkcam.com/lassen-volcano-webcam,link,Glacier Webcam,https://www.nationalparkcam.com/glacier-webcam
Lassen Volcano National Park Live Webcams,https://www.nationalparkcam.com/lassen-volcano-webcam,link,Grand Canyon Webcam,https://www.nationalparkcam.com/grand-canyon-webcam
Lassen Volcano National Park Live Webcams,https://www.nationalparkcam.com/lassen-volcano-webcam,link,Grand Tetons Webcam,https://www.nationalparkcam.com/grand-tetons-webcam
Lassen Volcano National Park Live Webcams,https://www.nationalparkcam.com/lassen-volcano-webcam,link,Great Smoky Mountains Webcam,https://www.nationalparkcam.com/great-smoky-mountains-webcam
Lassen Volcano National Park Live Webcams,https://www.nationalparkcam.com/lassen-volcano-webcam,link,Guadalupe Mountains Webcam,https://www.nationalparkcam.com/guadalupe-mountains-webcam
Lassen Volcano National Park Live Webcams,https://www.nationalparkcam.com/lassen-volcano-webcam,link,Haleakala Webcam,https://www.nationalparkcam.com/haleakala-webcam
Lassen Volcano National Park Live Webcams,https://www.nationalparkcam.com/lassen-volcano-webcam,link,Hawaii Volcanoes Webcam,https://www.nationalparkcam.com/hawaii-volcanoes-webcam
Lassen Volcano National Park Live Webcams,https://www.nationalparkcam.com/lassen-volcano-webcam,link,Isle Royale National Park Webcam,https://www.nationalparkcam.com/isle-royale-national-park-webcam
Lassen Volcano National Park Live Webcams,https://www.nationalparkcam.com/lassen-volcano-webcam,link,Joshua Tree Webcam,https://www.nationalparkcam.com/joshua-tree-webcam
Lassen Volcano National Park Live Webcams,https://www.nationalparkcam.com/lassen-volcano-webcam,link,Katmai Webcam,https://www.nationalparkcam.com/katmai-webcam
Lassen Volcano National Park Live Webcams,https://www.nationalparkcam.com/lassen-volcano-webcam,link,Kings Canyon Webcam,https://www.nationalparkcam.com/kings-canyon-webcam
Lassen Volcano National Park Live Webcams,https://www.nationalparkcam.com/lassen-volcano-webcam,link,Lassen Volcano Webcam,https://www.nationalparkcam.com/lassen-volcano-webcam
Lassen Volcano National Park Live Webcams,https://www.nationalparkcam.com/lassen-volcano-webcam,link,Mammoth Cave Webcam,https://www.nationalparkcam.com/mammoth-cave-webcam
Lassen Volcano National Park Live Webcams,https://www.nationalparkcam.com/lassen-volcano-webcam,link,Mount Rainier Webcam,https://www.nationalparkcam.com/mount-rainier-webcam
Lassen Volcano National Park Live Webcams,https://www.nationalparkcam.com/lassen-volcano-webcam,link,New River Gorge Webcam,https://www.nationalparkcam.com/new-river-gorge-webcam
Lassen Volcano National Park Live Webcams,https://www.nationalparkcam.com/lassen-volcano-webcam,link,North Cascades Webcam,https://www.nationalparkcam.com/north-cascades-webcam
Lassen Volcano National Park Live Webcams,https://www.nationalparkcam.com/lassen-volcano-webcam,link,Olympic Webcam,https://www.nationalparkcam.com/olympic-webcam
Lassen Volcano National Park Live Webcams,https://www.nationalparkcam.com/lassen-volcano-webcam,link,Petrified Forest Webcam,https://www.nationalparkcam.com/petrified-forest-webcam
Lassen Volcano National Park Live Webcams,https://www.nationalparkcam.com/lassen-volcano-webcam,link,Redwood National Park,https://www.nationalparkcam.com/redwood-national-park
Lassen Volcano National Park Live Webcams,https://www.nationalparkcam.com/lassen-volcano-webcam,link,Rocky Mountain Webcam,https://www.nationalparkcam.com/rocky-mountain-webcam
Lassen Volcano National Park Live Webcams,https://www.nationalparkcam.com/lassen-volcano-webcam,link,Shenandoah Webcam,https://www.nationalparkcam.com/shenandoah-webcam
Lassen Volcano National Park Live Webcams,https://www.nationalparkcam.com/lassen-volcano-webcam,link,Theodore Roosevelt Webcam,https://www.nationalparkcam.com/theodore-roosevelt-webcam
Lassen Volcano National Park Live Webcams,https://www.nationalparkcam.com/lassen-volcano-webcam,link,Virgin Islands Webcam,https://www.nationalparkcam.com/virgin-islands-webcam
Lassen Volcano National Park Live Webcams,https://www.nationalparkcam.com/lassen-volcano-webcam,link,Wrangell-St. Elias Webcam,https://www.nationalparkcam.com/wrangell-st-elias-webcam
Lassen Volcano National Park Live Webcams,https://www.nationalparkcam.com/lassen-volcano-webcam,link,Yellowstone Webcam,https://www.nationalparkcam.com/yellowstone-webcam
Lassen Volcano National Park Live Webcams,https://www.nationalparkcam.com/lassen-volcano-webcam,link,Yosemite Webcam,https://www.nationalparkcam.com/yosemite-webcam
Lassen Volcano National Park Live Webcams,https://www.nationalparkcam.com/lassen-volcano-webcam,link,Zion Webcam,https://www.nationalparkcam.com/zion-webcam
Lassen Volcano National Park Live Webcams,https://www.nationalparkcam.com/lassen-volcano-webcam,link,"Lassen Volcanic National Park Lassen Volcanic National Park is home to steaming fumaroles, meadows freckled with wildflowers, clear mountain lakes, and numerous volcanoes. Jagged peaks tell the story of its eruptive past while hot water continues to shape the land.",https://www.google.com/url?q=https%3A%2F%2Fwww.nps.gov%2Flavo%2Findex.htm&sa=D&sntz=1&usg=AOvVaw3Nh416VbZGtwqf9G7byZ0Z
Lassen Volcano National Park Live Webcams,https://www.nationalparkcam.com/lassen-volcano-webcam,link,Wikipedia,https://en.wikipedia.org/wiki/Lassen_Volcanic_National_Park
Lassen Volcano National Park Live Webcams,https://www.nationalparkcam.com/lassen-volcano-webcam,link,top day hikes,https://www.nps.gov/lavo/planyourvisit/hiking_lassen_park.htm
Lassen Volcano National Park Live Webcams,https://www.nationalparkcam.com/lassen-volcano-webcam,link,The Cinder Cone Trail,https://www.nps.gov/places/cinder_cone.htm
Lassen Volcano National Park Live Webcams,https://www.nationalparkcam.com/lassen-volcano-webcam,link,The Lassen Peak Trail,https://www.nps.gov/thingstodo/hikelassenpeak.htm
Lassen Volcano National Park Live Webcams,https://www.nationalparkcam.com/lassen-volcano-webcam,link,Backpacking,https://www.nps.gov/lavo/planyourvisit/wilderness-permit-information.htm
Lassen Volcano National Park Live Webcams,https://www.nationalparkcam.com/lassen-volcano-webcam,link,Recreation.gov,https://www.recreation.gov/permits/4675334
Lassen Volcano National Park Live Webcams,https://www.nationalparkcam.com/lassen-volcano-webcam,link,NPS website,https://www.nps.gov/lavo/learn/management/backcountryregulations.htm#CP_JUMP_6546376
Lassen Volcano National Park Live Webcams,https://www.nationalparkcam.com/lassen-volcano-webcam,link,NPS website,https://www.nps.gov/lavo/planyourvisit/camping-in-campgrounds.htm#CP_JUMP_5345086
Lassen Volcano National Park Live Webcams,https://www.nationalparkcam.com/lassen-volcano-webcam,link,recreation.gov,https://www.recreation.gov/camping/gateways/2803
Lassen Volcano National Park Live Webcams,https://www.nationalparkcam.com/lassen-volcano-webcam,link,Manzanita Lake Campground,https://www.nps.gov/lavo/planyourvisit/manzanita-lake-campground.htm
Lassen Volcano National Park Live Webcams,https://www.nationalparkcam.com/lassen-volcano-webcam,link,Summit Lake North Campground,https://www.nps.gov/lavo/planyourvisit/summit-lake-campground.htm
Lassen Volcano National Park Live Webcams,https://www.nationalparkcam.com/lassen-volcano-webcam,link,Southwest Walk-In Campground,https://www.nps.gov/lavo/planyourvisit/southwest-walk-in-campground.htm
Lassen Volcano National Park Live Webcams,https://www.nationalparkcam.com/lassen-volcano-webcam,link,Warner Valley Campground,https://www.nps.gov/lavo/planyourvisit/warner-valley-campground.htm
Lassen Volcano National Park Live Webcams,https://www.nationalparkcam.com/lassen-volcano-webcam,link,Juniper Lake Campground,https://www.nps.gov/lavo/planyourvisit/juniper-lake-campground.htm
Lassen Volcano National Park Live Webcams,https://www.nationalparkcam.com/lassen-volcano-webcam,link,Butte Lake Campground,https://www.nps.gov/lavo/planyourvisit/butte-lake-campground.htm
Lassen Volcano National Park Live Webcams,https://www.nationalparkcam.com/lassen-volcano-webcam,link,Lost Creek Group Campground,https://www.nps.gov/lavo/planyourvisit/lost-creek-group-campground.htm
Lassen Volcano National Park Live Webcams,https://www.nationalparkcam.com/lassen-volcano-webcam,link,lodging,https://www.nps.gov/lavo/planyourvisit/eatingsleeping.htm
Lassen Volcano National Park Live Webcams,https://www.nationalparkcam.com/lassen-volcano-webcam,link,Drakesbad Guest Ranch,https://lassenlodging.com/drakesbad/
Lassen Volcano National Park Live Webcams,https://www.nationalparkcam.com/lassen-volcano-webcam,link,recreation.gov,https://www.recreation.gov/camping/campgrounds/233257
Lassen Volcano National Park Live Webcams,https://www.nationalparkcam.com/lassen-volcano-webcam,link,restaurants,https://www.nps.gov/lavo/planyourvisit/eatingsleeping.htm
Lassen Volcano National Park Live Webcams,https://www.nationalparkcam.com/lassen-volcano-webcam,link,Lassen Cafe & Gift,https://lassenlodging.com/food-service/
Lassen Volcano National Park Live Webcams,https://www.nationalparkcam.com/lassen-volcano-webcam,link,mailto:npcam012@gmail.com,mailto:npcam012@gmail.com
Lassen Volcano National Park Live Webcams,https://www.nationalparkcam.com/lassen-volcano-webcam,image,Image,https://lh3.googleusercontent.com/docsubipk/AP9E6xWp9_auWFROC5Q3hMbaYQQ3atbr9Eu6beYJPbX1W9UC3fKMTEA6QUb6KyZ1IBJoM84_T_u13SqYd5IP1fN8gjouBT41qGv5oTJjln9QKUzRCsqS0AD6MDcRFLen_ZtzBAQC6ptUY_q6uo3y-bwniqJ13gJ-Sqeu2uG6eng3EvbQM_eipXVQuz8
Lassen Volcano National Park Live Webcams,https://www.nationalparkcam.com/lassen-volcano-webcam,image,Email,https://ssl.gstatic.com/atari/images/sociallinks/email_white_28dp.png
Lassen Volcano National Park Live Webcams,https://www.nationalparkcam.com/lassen-volcano-webcam,embed,Custom embed,google-sites-frame:23f550e30acca468_11
Lassen Volcano National Park Live Webcams,https://www.nationalparkcam.com/lassen-volcano-webcam,embed,Custom embed,google-sites-frame:372dfdc91827dbc8_83
Lassen Volcano National Park Live Webcams,https://www.nationalparkcam.com/lassen-volcano-webcam,embed,"Map, Untitled Location","https://maps-api-ssl.google.com/maps?hl=en-US&ll=40.497191,-121.427161&output=embed&q=40.497713,-121.477972+(Untitled+Location)&z=10"
Lassen Volcano National Park Live Webcams,https://www.nationalparkcam.com/lassen-volcano-webcam,embed,Custom embed,google-sites-frame:372dfdc91827dbc8_62
Mammoth Cave National Park Live Webcams,https://www.nationalparkcam.com/mammoth-cave-webcam,link,National Parks Webcams,https://www.nationalparkcam.com/national-park-webcam-home
Mammoth Cave National Park Live Webcams,https://www.nationalparkcam.com/mammoth-cave-webcam,link,Acadia Webcam,https://www.nationalparkcam.com/acadia-webcam
Mammoth Cave National Park Live Webcams,https://www.nationalparkcam.com/mammoth-cave-webcam,link,Arches Webcam,https://www.nationalparkcam.com/arches-webcam
Mammoth Cave National Park Live Webcams,https://www.nationalparkcam.com/mammoth-cave-webcam,link,Big Bend Webcam,https://www.nationalparkcam.com/big-bend-webcam
Mammoth Cave National Park Live Webcams,https://www.nationalparkcam.com/mammoth-cave-webcam,link,Black Canyon of the Gunnison Webcam,https://www.nationalparkcam.com/black-canyon-of-the-gunnison-webcam
Mammoth Cave National Park Live Webcams,https://www.nationalparkcam.com/mammoth-cave-webcam,link,Bryce Canyon Webcam,https://www.nationalparkcam.com/bryce-canyon-webcam
Mammoth Cave National Park Live Webcams,https://www.nationalparkcam.com/mammoth-cave-webcam,link,Channel Islands Webcam,https://www.nationalparkcam.com/channel-islands-webcam
Mammoth Cave National Park Live Webcams,https://www.nationalparkcam.com/mammoth-cave-webcam,link,Crater Lake Webcam,https://www.nationalparkcam.com/crater-lake-webcam
Mammoth Cave National Park Live Webcams,https://www.nationalparkcam.com/mammoth-cave-webcam,link,Denali Webcam,https://www.nationalparkcam.com/denali-webcam
Mammoth Cave National Park Live Webcams,https://www.nationalparkcam.com/mammoth-cave-webcam,link,Everglades Webcam,https://www.nationalparkcam.com/everglades-webcam
Mammoth Cave National Park Live Webcams,https://www.nationalparkcam.com/mammoth-cave-webcam,link,Glacier Bay Webcam,https://www.nationalparkcam.com/glacier-bay-webcam
Mammoth Cave National Park Live Webcams,https://www.nationalparkcam.com/mammoth-cave-webcam,link,Glacier Webcam,https://www.nationalparkcam.com/glacier-webcam
Mammoth Cave National Park Live Webcams,https://www.nationalparkcam.com/mammoth-cave-webcam,link,Grand Canyon Webcam,https://www.nationalparkcam.com/grand-canyon-webcam
Mammoth Cave National Park Live Webcams,https://www.nationalparkcam.com/mammoth-cave-webcam,link,Grand Tetons Webcam,https://www.nationalparkcam.com/grand-tetons-webcam
Mammoth Cave National Park Live Webcams,https://www.nationalparkcam.com/mammoth-cave-webcam,link,Great Smoky Mountains Webcam,https://www.nationalparkcam.com/great-smoky-mountains-webcam
Mammoth Cave National Park Live Webcams,https://www.nationalparkcam.com/mammoth-cave-webcam,link,Guadalupe Mountains Webcam,https://www.nationalparkcam.com/guadalupe-mountains-webcam
Mammoth Cave National Park Live Webcams,https://www.nationalparkcam.com/mammoth-cave-webcam,link,Haleakala Webcam,https://www.nationalparkcam.com/haleakala-webcam
Mammoth Cave National Park Live Webcams,https://www.nationalparkcam.com/mammoth-cave-webcam,link,Hawaii Volcanoes Webcam,https://www.nationalparkcam.com/hawaii-volcanoes-webcam
Mammoth Cave National Park Live Webcams,https://www.nationalparkcam.com/mammoth-cave-webcam,link,Isle Royale National Park Webcam,https://www.nationalparkcam.com/isle-royale-national-park-webcam
Mammoth Cave National Park Live Webcams,https://www.nationalparkcam.com/mammoth-cave-webcam,link,Joshua Tree Webcam,https://www.nationalparkcam.com/joshua-tree-webcam
Mammoth Cave National Park Live Webcams,https://www.nationalparkcam.com/mammoth-cave-webcam,link,Katmai Webcam,https://www.nationalparkcam.com/katmai-webcam
Mammoth Cave National Park Live Webcams,https://www.nationalparkcam.com/mammoth-cave-webcam,link,Kings Canyon Webcam,https://www.nationalparkcam.com/kings-canyon-webcam
Mammoth Cave National Park Live Webcams,https://www.nationalparkcam.com/mammoth-cave-webcam,link,Lassen Volcano Webcam,https://www.nationalparkcam.com/lassen-volcano-webcam
Mammoth Cave National Park Live Webcams,https://www.nationalparkcam.com/mammoth-cave-webcam,link,Mammoth Cave Webcam,https://www.nationalparkcam.com/mammoth-cave-webcam
Mammoth Cave National Park Live Webcams,https://www.nationalparkcam.com/mammoth-cave-webcam,link,Mount Rainier Webcam,https://www.nationalparkcam.com/mount-rainier-webcam
Mammoth Cave National Park Live Webcams,https://www.nationalparkcam.com/mammoth-cave-webcam,link,New River Gorge Webcam,https://www.nationalparkcam.com/new-river-gorge-webcam
Mammoth Cave National Park Live Webcams,https://www.nationalparkcam.com/mammoth-cave-webcam,link,North Cascades Webcam,https://www.nationalparkcam.com/north-cascades-webcam
Mammoth Cave National Park Live Webcams,https://www.nationalparkcam.com/mammoth-cave-webcam,link,Olympic Webcam,https://www.nationalparkcam.com/olympic-webcam
Mammoth Cave National Park Live Webcams,https://www.nationalparkcam.com/mammoth-cave-webcam,link,Petrified Forest Webcam,https://www.nationalparkcam.com/petrified-forest-webcam
Mammoth Cave National Park Live Webcams,https://www.nationalparkcam.com/mammoth-cave-webcam,link,Redwood National Park,https://www.nationalparkcam.com/redwood-national-park
Mammoth Cave National Park Live Webcams,https://www.nationalparkcam.com/mammoth-cave-webcam,link,Rocky Mountain Webcam,https://www.nationalparkcam.com/rocky-mountain-webcam
Mammoth Cave National Park Live Webcams,https://www.nationalparkcam.com/mammoth-cave-webcam,link,Shenandoah Webcam,https://www.nationalparkcam.com/shenandoah-webcam
Mammoth Cave National Park Live Webcams,https://www.nationalparkcam.com/mammoth-cave-webcam,link,Theodore Roosevelt Webcam,https://www.nationalparkcam.com/theodore-roosevelt-webcam
Mammoth Cave National Park Live Webcams,https://www.nationalparkcam.com/mammoth-cave-webcam,link,Virgin Islands Webcam,https://www.nationalparkcam.com/virgin-islands-webcam
Mammoth Cave National Park Live Webcams,https://www.nationalparkcam.com/mammoth-cave-webcam,link,Wrangell-St. Elias Webcam,https://www.nationalparkcam.com/wrangell-st-elias-webcam
Mammoth Cave National Park Live Webcams,https://www.nationalparkcam.com/mammoth-cave-webcam,link,Yellowstone Webcam,https://www.nationalparkcam.com/yellowstone-webcam
Mammoth Cave National Park Live Webcams,https://www.nationalparkcam.com/mammoth-cave-webcam,link,Yosemite Webcam,https://www.nationalparkcam.com/yosemite-webcam
Mammoth Cave National Park Live Webcams,https://www.nationalparkcam.com/mammoth-cave-webcam,link,Zion Webcam,https://www.nationalparkcam.com/zion-webcam
Mammoth Cave National Park Live Webcams,https://www.nationalparkcam.com/mammoth-cave-webcam,link,"Mammoth Cave National Park Rolling hills, deep river valleys, and the world ' s longest known cave system. Mammoth Cave National Park is home to thousands of years of human history and a rich diversity of plant and animal life, earning it the title of UNESCO World Heritage Site and International Biosphere Reserve.",https://www.google.com/url?q=https%3A%2F%2Fwww.nps.gov%2Fmaca%2Findex.htm&sa=D&sntz=1&usg=AOvVaw1rLa8a5L7E91FIJ9gL75X4
Mammoth Cave National Park Live Webcams,https://www.nationalparkcam.com/mammoth-cave-webcam,link,World Heritage Site,https://whc.unesco.org/en/list/150/
Mammoth Cave National Park Live Webcams,https://www.nationalparkcam.com/mammoth-cave-webcam,link,Biosphere Reserve,https://www.unesco.org/en/mab/mammoth-cave-area
Mammoth Cave National Park Live Webcams,https://www.nationalparkcam.com/mammoth-cave-webcam,link,Wikipedia site,https://en.wikipedia.org/wiki/Mammoth_Cave_National_Park
Mammoth Cave National Park Live Webcams,https://www.nationalparkcam.com/mammoth-cave-webcam,link,recreation.gov,https://www.recreation.gov/camping/gateways/2818
Mammoth Cave National Park Live Webcams,https://www.nationalparkcam.com/mammoth-cave-webcam,link,NPS website,https://www.nps.gov/maca/planyourvisit/cave-tours.htm
Mammoth Cave National Park Live Webcams,https://www.nationalparkcam.com/mammoth-cave-webcam,link,hiking,https://www.nps.gov/maca/planyourvisit/hiking.htm
Mammoth Cave National Park Live Webcams,https://www.nationalparkcam.com/mammoth-cave-webcam,link,Visitor Center,https://www.nps.gov/maca/planyourvisit/visitor-center-area-and-south-side-trails.htm
Mammoth Cave National Park Live Webcams,https://www.nationalparkcam.com/mammoth-cave-webcam,link,North Side,https://www.nps.gov/maca/planyourvisit/backcountry-trails.htm
Mammoth Cave National Park Live Webcams,https://www.nationalparkcam.com/mammoth-cave-webcam,link,Cedar Sink,https://www.nps.gov/thingstodo/cedar-sink-trail.htm
Mammoth Cave National Park Live Webcams,https://www.nationalparkcam.com/mammoth-cave-webcam,link,Biking,https://www.nps.gov/maca/planyourvisit/bicycling.htm
Mammoth Cave National Park Live Webcams,https://www.nationalparkcam.com/mammoth-cave-webcam,link,Mammoth Cave Campground,https://www.nps.gov/maca/planyourvisit/macacampground.htm
Mammoth Cave National Park Live Webcams,https://www.nationalparkcam.com/mammoth-cave-webcam,link,Maple Springs Campground,https://www.nps.gov/maca/planyourvisit/maplespringscg.htm
Mammoth Cave National Park Live Webcams,https://www.nationalparkcam.com/mammoth-cave-webcam,link,Houchin Ferry Campground,https://www.nps.gov/maca/planyourvisit/houchinferrycg.htm
Mammoth Cave National Park Live Webcams,https://www.nationalparkcam.com/mammoth-cave-webcam,link,Lodging,https://www.nps.gov/maca/planyourvisit/lodging.htm
Mammoth Cave National Park Live Webcams,https://www.nationalparkcam.com/mammoth-cave-webcam,link,website,https://mammothcavelodge.com/lodging-mammoth-cave/
Mammoth Cave National Park Live Webcams,https://www.nationalparkcam.com/mammoth-cave-webcam,link,Restaurants,https://www.nps.gov/maca/planyourvisit/wheretoeat.htm
Mammoth Cave National Park Live Webcams,https://www.nationalparkcam.com/mammoth-cave-webcam,link,mailto:npcam012@gmail.com,mailto:npcam012@gmail.com
Mammoth Cave National Park Live Webcams,https://www.nationalparkcam.com/mammoth-cave-webcam,image,Image,https://lh3.googleusercontent.com/docsubipk/AP9E6xXXn3_GNzW3dOEFelWuAm2lhq5AoBM05v1Hj4DpQZ1paZSumueI0nOfPjJ0nn8LNTVwp2UtJQ0ffliElZZLTpO43mlKZZSojHcRBAVDHC8hFR90-jtoGokO0MgCVyl8obnY41UjG8XFMmhG1sjwfs1pXXlp9hsOcNiheqNjtYE18mvHc4VF840
Mammoth Cave National Park Live Webcams,https://www.nationalparkcam.com/mammoth-cave-webcam,image,Email,https://ssl.gstatic.com/atari/images/sociallinks/email_white_28dp.png
Mammoth Cave National Park Live Webcams,https://www.nationalparkcam.com/mammoth-cave-webcam,embed,Custom embed,google-sites-frame:372dfdc91827dbc8_136
Mammoth Cave National Park Live Webcams,https://www.nationalparkcam.com/mammoth-cave-webcam,embed,"Map, Untitled Location","https://maps-api-ssl.google.com/maps?hl=en-US&ll=37.18616,-86.099975&output=embed&q=37.184997,-86.102379+(Untitled+Location)&z=13"
Mammoth Cave National Park Live Webcams,https://www.nationalparkcam.com/mammoth-cave-webcam,embed,Custom embed,google-sites-frame:23f550e30acca468_15
Mammoth Cave National Park Live Webcams,https://www.nationalparkcam.com/mammoth-cave-webcam,embed,Custom embed,google-sites-frame:372dfdc91827dbc8_122
Mesa Verde National Park Guide,https://www.national-parks.us/mesa-verde-national-park,embed,"Map, Mesa Verde National Park","https://maps-api-ssl.google.com/maps?hl=en-US&ll=37.2309,-108.4618&output=embed&q=37.2309,-108.4618+(Mesa+Verde+National+Park)&z=10"
Mesa Verde National Park Guide,https://www.national-parks.us/mesa-verde-national-park,link,"Mesa Verde National Park (U.S. National Park Service) Mesa Verde protects Ancestral Pueblo archeological sites, cliff dwellings, mesa-top communities, and canyon landscapes in southwestern Colorado.",https://www.nps.gov/meve/index.htm
Mesa Verde National Park Guide,https://www.national-parks.us/mesa-verde-national-park,link,Maps,https://www.nps.gov/meve/planyourvisit/maps.htm
Mesa Verde National Park Guide,https://www.national-parks.us/mesa-verde-national-park,link,Hiking,https://www.nps.gov/meve/planyourvisit/hiking.htm
Mesa Verde National Park Guide,https://www.national-parks.us/mesa-verde-national-park,link,Morefield Campground,https://www.nps.gov/meve/planyourvisit/camping.htm
Mesa Verde National Park Guide,https://www.national-parks.us/mesa-verde-national-park,link,Camping,https://www.nps.gov/meve/planyourvisit/camping.htm
Mesa Verde National Park Guide,https://www.national-parks.us/mesa-verde-national-park,link,Cliff Dwelling Tours,https://www.nps.gov/meve/planyourvisit/cliff_dwelling_tours.htm
Mesa Verde National Park Guide,https://www.national-parks.us/mesa-verde-national-park,link,History and Culture,https://www.nps.gov/meve/learn/historyculture/index.htm
Mesa Verde National Park Guide,https://www.national-parks.us/mesa-verde-national-park,link,Wikipedia,https://en.wikipedia.org/wiki/Mesa_Verde_National_Park
Mount Rainier National Park Live Webcams,https://www.nationalparkcam.com/mount-rainier-webcam,link,National Parks Webcams,https://www.nationalparkcam.com/national-park-webcam-home
Mount Rainier National Park Live Webcams,https://www.nationalparkcam.com/mount-rainier-webcam,link,Acadia Webcam,https://www.nationalparkcam.com/acadia-webcam
Mount Rainier National Park Live Webcams,https://www.nationalparkcam.com/mount-rainier-webcam,link,Arches Webcam,https://www.nationalparkcam.com/arches-webcam
Mount Rainier National Park Live Webcams,https://www.nationalparkcam.com/mount-rainier-webcam,link,Big Bend Webcam,https://www.nationalparkcam.com/big-bend-webcam
Mount Rainier National Park Live Webcams,https://www.nationalparkcam.com/mount-rainier-webcam,link,Black Canyon of the Gunnison Webcam,https://www.nationalparkcam.com/black-canyon-of-the-gunnison-webcam
Mount Rainier National Park Live Webcams,https://www.nationalparkcam.com/mount-rainier-webcam,link,Bryce Canyon Webcam,https://www.nationalparkcam.com/bryce-canyon-webcam
Mount Rainier National Park Live Webcams,https://www.nationalparkcam.com/mount-rainier-webcam,link,Channel Islands Webcam,https://www.nationalparkcam.com/channel-islands-webcam
Mount Rainier National Park Live Webcams,https://www.nationalparkcam.com/mount-rainier-webcam,link,Crater Lake Webcam,https://www.nationalparkcam.com/crater-lake-webcam
Mount Rainier National Park Live Webcams,https://www.nationalparkcam.com/mount-rainier-webcam,link,Denali Webcam,https://www.nationalparkcam.com/denali-webcam
Mount Rainier National Park Live Webcams,https://www.nationalparkcam.com/mount-rainier-webcam,link,Everglades Webcam,https://www.nationalparkcam.com/everglades-webcam
Mount Rainier National Park Live Webcams,https://www.nationalparkcam.com/mount-rainier-webcam,link,Glacier Bay Webcam,https://www.nationalparkcam.com/glacier-bay-webcam
Mount Rainier National Park Live Webcams,https://www.nationalparkcam.com/mount-rainier-webcam,link,Glacier Webcam,https://www.nationalparkcam.com/glacier-webcam
Mount Rainier National Park Live Webcams,https://www.nationalparkcam.com/mount-rainier-webcam,link,Grand Canyon Webcam,https://www.nationalparkcam.com/grand-canyon-webcam
Mount Rainier National Park Live Webcams,https://www.nationalparkcam.com/mount-rainier-webcam,link,Grand Tetons Webcam,https://www.nationalparkcam.com/grand-tetons-webcam
Mount Rainier National Park Live Webcams,https://www.nationalparkcam.com/mount-rainier-webcam,link,Great Smoky Mountains Webcam,https://www.nationalparkcam.com/great-smoky-mountains-webcam
Mount Rainier National Park Live Webcams,https://www.nationalparkcam.com/mount-rainier-webcam,link,Guadalupe Mountains Webcam,https://www.nationalparkcam.com/guadalupe-mountains-webcam
Mount Rainier National Park Live Webcams,https://www.nationalparkcam.com/mount-rainier-webcam,link,Haleakala Webcam,https://www.nationalparkcam.com/haleakala-webcam
Mount Rainier National Park Live Webcams,https://www.nationalparkcam.com/mount-rainier-webcam,link,Hawaii Volcanoes Webcam,https://www.nationalparkcam.com/hawaii-volcanoes-webcam
Mount Rainier National Park Live Webcams,https://www.nationalparkcam.com/mount-rainier-webcam,link,Isle Royale National Park Webcam,https://www.nationalparkcam.com/isle-royale-national-park-webcam
Mount Rainier National Park Live Webcams,https://www.nationalparkcam.com/mount-rainier-webcam,link,Joshua Tree Webcam,https://www.nationalparkcam.com/joshua-tree-webcam
Mount Rainier National Park Live Webcams,https://www.nationalparkcam.com/mount-rainier-webcam,link,Katmai Webcam,https://www.nationalparkcam.com/katmai-webcam
Mount Rainier National Park Live Webcams,https://www.nationalparkcam.com/mount-rainier-webcam,link,Kings Canyon Webcam,https://www.nationalparkcam.com/kings-canyon-webcam
Mount Rainier National Park Live Webcams,https://www.nationalparkcam.com/mount-rainier-webcam,link,Lassen Volcano Webcam,https://www.nationalparkcam.com/lassen-volcano-webcam
Mount Rainier National Park Live Webcams,https://www.nationalparkcam.com/mount-rainier-webcam,link,Mammoth Cave Webcam,https://www.nationalparkcam.com/mammoth-cave-webcam
Mount Rainier National Park Live Webcams,https://www.nationalparkcam.com/mount-rainier-webcam,link,Mount Rainier Webcam,https://www.nationalparkcam.com/mount-rainier-webcam
Mount Rainier National Park Live Webcams,https://www.nationalparkcam.com/mount-rainier-webcam,link,New River Gorge Webcam,https://www.nationalparkcam.com/new-river-gorge-webcam
Mount Rainier National Park Live Webcams,https://www.nationalparkcam.com/mount-rainier-webcam,link,North Cascades Webcam,https://www.nationalparkcam.com/north-cascades-webcam
Mount Rainier National Park Live Webcams,https://www.nationalparkcam.com/mount-rainier-webcam,link,Olympic Webcam,https://www.nationalparkcam.com/olympic-webcam
Mount Rainier National Park Live Webcams,https://www.nationalparkcam.com/mount-rainier-webcam,link,Petrified Forest Webcam,https://www.nationalparkcam.com/petrified-forest-webcam
Mount Rainier National Park Live Webcams,https://www.nationalparkcam.com/mount-rainier-webcam,link,Redwood National Park,https://www.nationalparkcam.com/redwood-national-park
Mount Rainier National Park Live Webcams,https://www.nationalparkcam.com/mount-rainier-webcam,link,Rocky Mountain Webcam,https://www.nationalparkcam.com/rocky-mountain-webcam
Mount Rainier National Park Live Webcams,https://www.nationalparkcam.com/mount-rainier-webcam,link,Shenandoah Webcam,https://www.nationalparkcam.com/shenandoah-webcam
Mount Rainier National Park Live Webcams,https://www.nationalparkcam.com/mount-rainier-webcam,link,Theodore Roosevelt Webcam,https://www.nationalparkcam.com/theodore-roosevelt-webcam
Mount Rainier National Park Live Webcams,https://www.nationalparkcam.com/mount-rainier-webcam,link,Virgin Islands Webcam,https://www.nationalparkcam.com/virgin-islands-webcam
Mount Rainier National Park Live Webcams,https://www.nationalparkcam.com/mount-rainier-webcam,link,Wrangell-St. Elias Webcam,https://www.nationalparkcam.com/wrangell-st-elias-webcam
Mount Rainier National Park Live Webcams,https://www.nationalparkcam.com/mount-rainier-webcam,link,Yellowstone Webcam,https://www.nationalparkcam.com/yellowstone-webcam
Mount Rainier National Park Live Webcams,https://www.nationalparkcam.com/mount-rainier-webcam,link,Yosemite Webcam,https://www.nationalparkcam.com/yosemite-webcam
Mount Rainier National Park Live Webcams,https://www.nationalparkcam.com/mount-rainier-webcam,link,Zion Webcam,https://www.nationalparkcam.com/zion-webcam
Mount Rainier National Park Live Webcams,https://www.nationalparkcam.com/mount-rainier-webcam,link,"Mount Rainier National Park Ascending to 14,410 feet above sea level, Mount Rainier stands as an icon in the Washington landscape. An active volcano, Mount Rainier is the most glaciated peak in the contiguous U.S.A., spawning five major rivers. Subalpine wildflower meadows ring the icy volcano while ancient forest cloaks Mount Rainier’s lower slopes. Wildlife abounds in the park’s ecosystems. A lifetime of discovery awaits.",https://www.google.com/url?q=https%3A%2F%2Fwww.nps.gov%2Fmora%2Findex.htm&sa=D&sntz=1&usg=AOvVaw1UOsE3x0D8pJL4zEzuqIEO
Mount Rainier National Park Live Webcams,https://www.nationalparkcam.com/mount-rainier-webcam,link,reservations,https://www.nps.gov/mora/planyourvisit/timed-entry-reservations.htm
Mount Rainier National Park Live Webcams,https://www.nationalparkcam.com/mount-rainier-webcam,link,wikipedia,https://en.wikipedia.org/wiki/Mount_Rainier_National_Park
Mount Rainier National Park Live Webcams,https://www.nationalparkcam.com/mount-rainier-webcam,link,Day Hikes,https://www.nps.gov/mora/planyourvisit/day-hiking-at-mount-rainier.htm
Mount Rainier National Park Live Webcams,https://www.nationalparkcam.com/mount-rainier-webcam,link,Backpacking/Climbing,https://www.nps.gov/mora/planyourvisit/climbing.htm
Mount Rainier National Park Live Webcams,https://www.nationalparkcam.com/mount-rainier-webcam,link,NPS website,https://www.nps.gov/mora/planyourvisit/wilderness-guidelines-and-regulations.htm
Mount Rainier National Park Live Webcams,https://www.nationalparkcam.com/mount-rainier-webcam,link,Permits,https://www.nps.gov/mora/planyourvisit/wilderness-permit.htm
Mount Rainier National Park Live Webcams,https://www.nationalparkcam.com/mount-rainier-webcam,link,recreation.gov,https://www.recreation.gov/permits/4675317
Mount Rainier National Park Live Webcams,https://www.nationalparkcam.com/mount-rainier-webcam,link,Wonderland Trail,https://www.nps.gov/mora/planyourvisit/the-wonderland-trail.htm
Mount Rainier National Park Live Webcams,https://www.nationalparkcam.com/mount-rainier-webcam,link,Northern Loop Trail,https://www.nps.gov/mora/planyourvisit/northern-loop.htm
Mount Rainier National Park Live Webcams,https://www.nationalparkcam.com/mount-rainier-webcam,link,Climbing Mount Rainier,https://www.nps.gov/mora/planyourvisit/climbing-fee-faqs.htm
Mount Rainier National Park Live Webcams,https://www.nationalparkcam.com/mount-rainier-webcam,link,routes,https://www.nps.gov/mora/planyourvisit/bicycling.htm
Mount Rainier National Park Live Webcams,https://www.nationalparkcam.com/mount-rainier-webcam,link,campgrounds,https://www.nps.gov/mora/planyourvisit/campgrounds.htm
Mount Rainier National Park Live Webcams,https://www.nationalparkcam.com/mount-rainier-webcam,link,recreation.gov,https://www.recreation.gov/camping/gateways/2835
Mount Rainier National Park Live Webcams,https://www.nationalparkcam.com/mount-rainier-webcam,link,Cougar Rock Campground,https://www.nps.gov/mora/planyourvisit/upload/CougarRock2006.pdf
Mount Rainier National Park Live Webcams,https://www.nationalparkcam.com/mount-rainier-webcam,link,Ohanapecosh Campground,https://www.nps.gov/mora/planyourvisit/upload/Ohanapecosh7-2019_.pdf
Mount Rainier National Park Live Webcams,https://www.nationalparkcam.com/mount-rainier-webcam,link,White River Campground,https://www.nps.gov/mora/planyourvisit/upload/WhiteRiver2008.pdf
Mount Rainier National Park Live Webcams,https://www.nationalparkcam.com/mount-rainier-webcam,link,Rainer Guest Services,https://mtrainierguestservices.com/accommodations/national-park-inn/
Mount Rainier National Park Live Webcams,https://www.nationalparkcam.com/mount-rainier-webcam,link,The Paradise Inn,https://mtrainierguestservices.com/accommodations/paradise-inn/
Mount Rainier National Park Live Webcams,https://www.nationalparkcam.com/mount-rainier-webcam,link,Summit House Restaurant,https://www.crystalmountainresort.com/things-to-do/dining/summit-house-restaurant
Mount Rainier National Park Live Webcams,https://www.nationalparkcam.com/mount-rainier-webcam,link,National Park Inn Dining Room,https://mtrainierguestservices.com/nationalparkinndining/
Mount Rainier National Park Live Webcams,https://www.nationalparkcam.com/mount-rainier-webcam,link,The Snorting Elk Cellar,https://www.crystalhotels.com/dining
Mount Rainier National Park Live Webcams,https://www.nationalparkcam.com/mount-rainier-webcam,link,Alpine Inn Restaurant,https://www.crystalhotels.com/dining
Mount Rainier National Park Live Webcams,https://www.nationalparkcam.com/mount-rainier-webcam,link,Sunrise Day Lodge,https://mtrainierguestservices.com/sunrisedaylodgedining/
Mount Rainier National Park Live Webcams,https://www.nationalparkcam.com/mount-rainier-webcam,link,mailto:npcam012@gmail.com,mailto:npcam012@gmail.com
Mount Rainier National Park Live Webcams,https://www.nationalparkcam.com/mount-rainier-webcam,image,Image,https://lh3.googleusercontent.com/docsubipk/AP9E6xXQiSDBjYpv2s7lanI6hNzOl6gwjiO4t3e0svE3mzbUCtzeMLWdcS84Xwqji1fHu81PLuuLo-uSytnO742gycB_JOBfj_BnmzhQDsBz43dQdGWAR9ZQ1AjP3N0VJ6n-xVDndQVJPIiYISo3zMtEt06Q5N0f1mS2o8c-lbOlo6tx8kbMPDu_2g
Mount Rainier National Park Live Webcams,https://www.nationalparkcam.com/mount-rainier-webcam,image,Email,https://ssl.gstatic.com/atari/images/sociallinks/email_white_28dp.png
Mount Rainier National Park Live Webcams,https://www.nationalparkcam.com/mount-rainier-webcam,embed,Custom embed,google-sites-frame:23f550e30acca468_19
Mount Rainier National Park Live Webcams,https://www.nationalparkcam.com/mount-rainier-webcam,embed,Custom embed,google-sites-frame:41813e149f5d7729_43
Mount Rainier National Park Live Webcams,https://www.nationalparkcam.com/mount-rainier-webcam,embed,"Map, Untitled Location","https://maps-api-ssl.google.com/maps?hl=en-US&ll=46.868662,-121.735435&output=embed&q=46.846593,-121.739555+(Untitled+Location)&z=10"
Mount Rainier National Park Live Webcams,https://www.nationalparkcam.com/mount-rainier-webcam,embed,Custom embed,google-sites-frame:41813e149f5d7729_24
Mount Rainier National Park Live Webcams,https://www.nationalparkcam.com/mount-rainier-webcam,embed,Custom embed,google-sites-frame:41813e149f5d7729_29
Mount Rainier National Park Live Webcams,https://www.nationalparkcam.com/mount-rainier-webcam,embed,Custom embed,google-sites-frame:41813e149f5d7729_54
Mount Rainier National Park Live Webcams,https://www.nationalparkcam.com/mount-rainier-webcam,embed,Custom embed,google-sites-frame:41813e149f5d7729_59
Mount Rainier National Park Live Webcams,https://www.nationalparkcam.com/mount-rainier-webcam,embed,Custom embed,google-sites-frame:2c6e05abb440a895_11
Mount Rainier National Park Live Webcams,https://www.nationalparkcam.com/mount-rainier-webcam,embed,Custom embed,google-sites-frame:2c6e05abb440a895_16
Mount Rainier National Park Live Webcams,https://www.nationalparkcam.com/mount-rainier-webcam,embed,Custom embed,google-sites-frame:41813e149f5d7729_65
Mount Rainier National Park Live Webcams,https://www.nationalparkcam.com/mount-rainier-webcam,embed,Custom embed,google-sites-frame:41813e149f5d7729_70
Mount Rainier National Park Live Webcams,https://www.nationalparkcam.com/mount-rainier-webcam,embed,Custom embed,google-sites-frame:56396d2ab1302056_3
Mount Rainier National Park Live Webcams,https://www.nationalparkcam.com/mount-rainier-webcam,embed,Custom embed,google-sites-frame:152111100abb2133_3
Mount Rainier National Park Live Webcams,https://www.nationalparkcam.com/mount-rainier-webcam,embed,Custom embed,google-sites-frame:152111100abb2133_9
Mount Rainier National Park Live Webcams,https://www.nationalparkcam.com/mount-rainier-webcam,embed,Custom embed,google-sites-frame:152111100abb2133_14
National Park of American Samoa Guide,https://www.national-parks.us/national-park-of-american-samoa,embed,"Map, National Park of American Samoa","https://maps-api-ssl.google.com/maps?hl=en-US&ll=-14.2583,-170.6833&output=embed&q=-14.2583,-170.6833+(National+Park+of+American+Samoa)&z=9"
National Park of American Samoa Guide,https://www.national-parks.us/national-park-of-american-samoa,link,"National Park of American Samoa (U.S. National Park Service) The National Park of American Samoa protects tropical rainforest, coral reefs, volcanic islands, Samoan culture, and South Pacific wildlife across Tutuila, Ofu, and Ta'u.",https://www.nps.gov/npsa/index.htm
National Park of American Samoa Guide,https://www.national-parks.us/national-park-of-american-samoa,link,Maps,https://www.nps.gov/npsa/planyourvisit/maps.htm
National Park of American Samoa Guide,https://www.national-parks.us/national-park-of-american-samoa,link,Plan Your Visit,https://www.nps.gov/npsa/planyourvisit/index.htm
National Park of American Samoa Guide,https://www.national-parks.us/national-park-of-american-samoa,link,Places To Go,https://www.nps.gov/npsa/planyourvisit/placestogo.htm
National Park of American Samoa Guide,https://www.national-parks.us/national-park-of-american-samoa,link,Hiking,https://www.nps.gov/npsa/planyourvisit/hiking.htm
National Park of American Samoa Guide,https://www.national-parks.us/national-park-of-american-samoa,link,Directions and Transportation,https://www.nps.gov/npsa/planyourvisit/directions-transportation.htm
National Park of American Samoa Guide,https://www.national-parks.us/national-park-of-american-samoa,link,Laws and Policies,https://www.nps.gov/npsa/learn/management/lawsandpolicies.htm
National Park of American Samoa Guide,https://www.national-parks.us/national-park-of-american-samoa,link,Wikipedia,https://en.wikipedia.org/wiki/National_Park_of_American_Samoa
New River Gorge National Park Live Webcams,https://www.nationalparkcam.com/new-river-gorge-webcam,link,National Parks Webcams,https://www.nationalparkcam.com/national-park-webcam-home
New River Gorge National Park Live Webcams,https://www.nationalparkcam.com/new-river-gorge-webcam,link,Acadia Webcam,https://www.nationalparkcam.com/acadia-webcam
New River Gorge National Park Live Webcams,https://www.nationalparkcam.com/new-river-gorge-webcam,link,Arches Webcam,https://www.nationalparkcam.com/arches-webcam
New River Gorge National Park Live Webcams,https://www.nationalparkcam.com/new-river-gorge-webcam,link,Big Bend Webcam,https://www.nationalparkcam.com/big-bend-webcam
New River Gorge National Park Live Webcams,https://www.nationalparkcam.com/new-river-gorge-webcam,link,Black Canyon of the Gunnison Webcam,https://www.nationalparkcam.com/black-canyon-of-the-gunnison-webcam
New River Gorge National Park Live Webcams,https://www.nationalparkcam.com/new-river-gorge-webcam,link,Bryce Canyon Webcam,https://www.nationalparkcam.com/bryce-canyon-webcam
New River Gorge National Park Live Webcams,https://www.nationalparkcam.com/new-river-gorge-webcam,link,Channel Islands Webcam,https://www.nationalparkcam.com/channel-islands-webcam
New River Gorge National Park Live Webcams,https://www.nationalparkcam.com/new-river-gorge-webcam,link,Crater Lake Webcam,https://www.nationalparkcam.com/crater-lake-webcam
New River Gorge National Park Live Webcams,https://www.nationalparkcam.com/new-river-gorge-webcam,link,Denali Webcam,https://www.nationalparkcam.com/denali-webcam
New River Gorge National Park Live Webcams,https://www.nationalparkcam.com/new-river-gorge-webcam,link,Everglades Webcam,https://www.nationalparkcam.com/everglades-webcam
New River Gorge National Park Live Webcams,https://www.nationalparkcam.com/new-river-gorge-webcam,link,Glacier Bay Webcam,https://www.nationalparkcam.com/glacier-bay-webcam
New River Gorge National Park Live Webcams,https://www.nationalparkcam.com/new-river-gorge-webcam,link,Glacier Webcam,https://www.nationalparkcam.com/glacier-webcam
New River Gorge National Park Live Webcams,https://www.nationalparkcam.com/new-river-gorge-webcam,link,Grand Canyon Webcam,https://www.nationalparkcam.com/grand-canyon-webcam
New River Gorge National Park Live Webcams,https://www.nationalparkcam.com/new-river-gorge-webcam,link,Grand Tetons Webcam,https://www.nationalparkcam.com/grand-tetons-webcam
New River Gorge National Park Live Webcams,https://www.nationalparkcam.com/new-river-gorge-webcam,link,Great Smoky Mountains Webcam,https://www.nationalparkcam.com/great-smoky-mountains-webcam
New River Gorge National Park Live Webcams,https://www.nationalparkcam.com/new-river-gorge-webcam,link,Guadalupe Mountains Webcam,https://www.nationalparkcam.com/guadalupe-mountains-webcam
New River Gorge National Park Live Webcams,https://www.nationalparkcam.com/new-river-gorge-webcam,link,Haleakala Webcam,https://www.nationalparkcam.com/haleakala-webcam
New River Gorge National Park Live Webcams,https://www.nationalparkcam.com/new-river-gorge-webcam,link,Hawaii Volcanoes Webcam,https://www.nationalparkcam.com/hawaii-volcanoes-webcam
New River Gorge National Park Live Webcams,https://www.nationalparkcam.com/new-river-gorge-webcam,link,Isle Royale National Park Webcam,https://www.nationalparkcam.com/isle-royale-national-park-webcam
New River Gorge National Park Live Webcams,https://www.nationalparkcam.com/new-river-gorge-webcam,link,Joshua Tree Webcam,https://www.nationalparkcam.com/joshua-tree-webcam
New River Gorge National Park Live Webcams,https://www.nationalparkcam.com/new-river-gorge-webcam,link,Katmai Webcam,https://www.nationalparkcam.com/katmai-webcam
New River Gorge National Park Live Webcams,https://www.nationalparkcam.com/new-river-gorge-webcam,link,Kings Canyon Webcam,https://www.nationalparkcam.com/kings-canyon-webcam
New River Gorge National Park Live Webcams,https://www.nationalparkcam.com/new-river-gorge-webcam,link,Lassen Volcano Webcam,https://www.nationalparkcam.com/lassen-volcano-webcam
New River Gorge National Park Live Webcams,https://www.nationalparkcam.com/new-river-gorge-webcam,link,Mammoth Cave Webcam,https://www.nationalparkcam.com/mammoth-cave-webcam
New River Gorge National Park Live Webcams,https://www.nationalparkcam.com/new-river-gorge-webcam,link,Mount Rainier Webcam,https://www.nationalparkcam.com/mount-rainier-webcam
New River Gorge National Park Live Webcams,https://www.nationalparkcam.com/new-river-gorge-webcam,link,New River Gorge Webcam,https://www.nationalparkcam.com/new-river-gorge-webcam
New River Gorge National Park Live Webcams,https://www.nationalparkcam.com/new-river-gorge-webcam,link,North Cascades Webcam,https://www.nationalparkcam.com/north-cascades-webcam
New River Gorge National Park Live Webcams,https://www.nationalparkcam.com/new-river-gorge-webcam,link,Olympic Webcam,https://www.nationalparkcam.com/olympic-webcam
New River Gorge National Park Live Webcams,https://www.nationalparkcam.com/new-river-gorge-webcam,link,Petrified Forest Webcam,https://www.nationalparkcam.com/petrified-forest-webcam
New River Gorge National Park Live Webcams,https://www.nationalparkcam.com/new-river-gorge-webcam,link,Redwood National Park,https://www.nationalparkcam.com/redwood-national-park
New River Gorge National Park Live Webcams,https://www.nationalparkcam.com/new-river-gorge-webcam,link,Rocky Mountain Webcam,https://www.nationalparkcam.com/rocky-mountain-webcam
New River Gorge National Park Live Webcams,https://www.nationalparkcam.com/new-river-gorge-webcam,link,Shenandoah Webcam,https://www.nationalparkcam.com/shenandoah-webcam
New River Gorge National Park Live Webcams,https://www.nationalparkcam.com/new-river-gorge-webcam,link,Theodore Roosevelt Webcam,https://www.nationalparkcam.com/theodore-roosevelt-webcam
New River Gorge National Park Live Webcams,https://www.nationalparkcam.com/new-river-gorge-webcam,link,Virgin Islands Webcam,https://www.nationalparkcam.com/virgin-islands-webcam
New River Gorge National Park Live Webcams,https://www.nationalparkcam.com/new-river-gorge-webcam,link,Wrangell-St. Elias Webcam,https://www.nationalparkcam.com/wrangell-st-elias-webcam
New River Gorge National Park Live Webcams,https://www.nationalparkcam.com/new-river-gorge-webcam,link,Yellowstone Webcam,https://www.nationalparkcam.com/yellowstone-webcam
New River Gorge National Park Live Webcams,https://www.nationalparkcam.com/new-river-gorge-webcam,link,Yosemite Webcam,https://www.nationalparkcam.com/yosemite-webcam
New River Gorge National Park Live Webcams,https://www.nationalparkcam.com/new-river-gorge-webcam,link,Zion Webcam,https://www.nationalparkcam.com/zion-webcam
New River Gorge National Park Live Webcams,https://www.nationalparkcam.com/new-river-gorge-webcam,link,"New River Gorge National Park & Preserve A rugged, whitewater river flowing northward through deep canyons, the New River is among the oldest rivers on the continent. The park encompasses over 70,000 acres of land along the New River, is rich in cultural and natural history, and offers an abundance of scenic and recreational opportunities.",https://www.google.com/url?q=https%3A%2F%2Fwww.nps.gov%2Fneri%2Findex.htm&sa=D&sntz=1&usg=AOvVaw3hEK-p2tVTqN4JF6CKeyaS
New River Gorge National Park Live Webcams,https://www.nationalparkcam.com/new-river-gorge-webcam,link,Wikipedia,https://en.wikipedia.org/wiki/New_River_Gorge_National_Park_and_Preserve
New River Gorge National Park Live Webcams,https://www.nationalparkcam.com/new-river-gorge-webcam,link,Day Hiking,https://www.nps.gov/neri/planyourvisit/hiking.htm
New River Gorge National Park Live Webcams,https://www.nationalparkcam.com/new-river-gorge-webcam,link,Endless Wall Trail,https://www.nps.gov/places/endless-wall-trail.htm
New River Gorge National Park Live Webcams,https://www.nationalparkcam.com/new-river-gorge-webcam,link,Kaymoor Miners Trail,https://www.nps.gov/places/kaymoor-miners-trail.htm
New River Gorge National Park Live Webcams,https://www.nationalparkcam.com/new-river-gorge-webcam,link,Glade Creek Trail,https://www.nps.gov/places/glade-creek-trail.htm
New River Gorge National Park Live Webcams,https://www.nationalparkcam.com/new-river-gorge-webcam,link,Grandview Rim Trail,https://www.nps.gov/places/grandview-rim-trail.htm
New River Gorge National Park Live Webcams,https://www.nationalparkcam.com/new-river-gorge-webcam,link,Backpacking,https://www.nps.gov/neri/planyourvisit/backpacking.htm
New River Gorge National Park Live Webcams,https://www.nationalparkcam.com/new-river-gorge-webcam,link,Rafting,https://www.nps.gov/neri/planyourvisit/whitewater.htm
New River Gorge National Park Live Webcams,https://www.nationalparkcam.com/new-river-gorge-webcam,link,USGS site.,https://dashboard.waterdata.usgs.gov/
New River Gorge National Park Live Webcams,https://www.nationalparkcam.com/new-river-gorge-webcam,link,Commercial Whitewater Companies,https://www.nps.gov/neri/planyourvisit/whitewater_commercial.htm
New River Gorge National Park Live Webcams,https://www.nationalparkcam.com/new-river-gorge-webcam,link,drives,https://www.nps.gov/neri/planyourvisit/scenic-drives.htm
New River Gorge National Park Live Webcams,https://www.nationalparkcam.com/new-river-gorge-webcam,link,NPS website,https://www.nps.gov/neri/planyourvisit/camping.htm
New River Gorge National Park Live Webcams,https://www.nationalparkcam.com/new-river-gorge-webcam,link,Army Camp Campground,https://www.nps.gov/neri/planyourvisit/army-camp-campground.htm
New River Gorge National Park Live Webcams,https://www.nationalparkcam.com/new-river-gorge-webcam,link,Glade Creek Campground,https://www.nps.gov/neri/planyourvisit/glade-creek-campground.htm
New River Gorge National Park Live Webcams,https://www.nationalparkcam.com/new-river-gorge-webcam,link,Meadow Creek Campground,https://www.nps.gov/neri/planyourvisit/meadow-creek-campground.htm
New River Gorge National Park Live Webcams,https://www.nationalparkcam.com/new-river-gorge-webcam,link,Grandview Sandbar Campground,https://www.nps.gov/neri/planyourvisit/grandview-sandbar-campground.htm
New River Gorge National Park Live Webcams,https://www.nationalparkcam.com/new-river-gorge-webcam,link,Stone Cliff Beach Campground,https://www.nps.gov/neri/planyourvisit/stone-cliff-beach-campground.htm
New River Gorge National Park Live Webcams,https://www.nationalparkcam.com/new-river-gorge-webcam,link,War Ridge/Backus Mountain Campground,https://www.nps.gov/neri/planyourvisit/war-ridge-backus-mountain-campground.htm
New River Gorge National Park Live Webcams,https://www.nationalparkcam.com/new-river-gorge-webcam,link,Brooklyn Campground,https://www.nps.gov/neri/planyourvisit/brooklyn-campground.htm
New River Gorge National Park Live Webcams,https://www.nationalparkcam.com/new-river-gorge-webcam,link,Thayer Campground,https://www.nps.gov/neri/planyourvisit/thayer-campground.htm
New River Gorge National Park Live Webcams,https://www.nationalparkcam.com/new-river-gorge-webcam,link,Gauley Tailwaters Campground,https://www.nps.gov/gari/planyourvisit/gauley-tailwaters-campground.htm
New River Gorge National Park Live Webcams,https://www.nationalparkcam.com/new-river-gorge-webcam,link,mailto:npcam012@gmail.com,mailto:npcam012@gmail.com
New River Gorge National Park Live Webcams,https://www.nationalparkcam.com/new-river-gorge-webcam,image,Image,https://lh3.googleusercontent.com/docsubipk/AP9E6xXyYtnams5XQ8At7fo_WxsnVXZVjyXpNMccvliR4EYr7rR0Hxbs9PjK3VgkfxJFcSpUvAtah09sSvK6CC6ULJ2RtT3vGwljC3fW-MKEsLYkhSu9-EeL5xjVpM8cRnVZQNjFJClOypNr5BWTgusUFTrqKfxPCgDGSustpz4ZEHX_eG5p2g-w0Q
New River Gorge National Park Live Webcams,https://www.nationalparkcam.com/new-river-gorge-webcam,image,Email,https://ssl.gstatic.com/atari/images/sociallinks/email_white_28dp.png
New River Gorge National Park Live Webcams,https://www.nationalparkcam.com/new-river-gorge-webcam,embed,Custom embed,google-sites-frame:23f550e30acca468_37
New River Gorge National Park Live Webcams,https://www.nationalparkcam.com/new-river-gorge-webcam,embed,Custom embed,google-sites-frame:41813e149f5d7729_141
New River Gorge National Park Live Webcams,https://www.nationalparkcam.com/new-river-gorge-webcam,embed,"Map, Untitled Location","https://maps-api-ssl.google.com/maps?hl=en-US&ll=37.892791,-81.050278&output=embed&q=37.872468,-81.074998+(Untitled+Location)&z=11"
New River Gorge National Park Live Webcams,https://www.nationalparkcam.com/new-river-gorge-webcam,embed,Custom embed,google-sites-frame:41813e149f5d7729_122
North Cascades National Park Live Webcams,https://www.nationalparkcam.com/north-cascades-webcam,link,National Parks Webcams,https://www.nationalparkcam.com/national-park-webcam-home
North Cascades National Park Live Webcams,https://www.nationalparkcam.com/north-cascades-webcam,link,Acadia Webcam,https://www.nationalparkcam.com/acadia-webcam
North Cascades National Park Live Webcams,https://www.nationalparkcam.com/north-cascades-webcam,link,Arches Webcam,https://www.nationalparkcam.com/arches-webcam
North Cascades National Park Live Webcams,https://www.nationalparkcam.com/north-cascades-webcam,link,Big Bend Webcam,https://www.nationalparkcam.com/big-bend-webcam
North Cascades National Park Live Webcams,https://www.nationalparkcam.com/north-cascades-webcam,link,Black Canyon of the Gunnison Webcam,https://www.nationalparkcam.com/black-canyon-of-the-gunnison-webcam
North Cascades National Park Live Webcams,https://www.nationalparkcam.com/north-cascades-webcam,link,Bryce Canyon Webcam,https://www.nationalparkcam.com/bryce-canyon-webcam
North Cascades National Park Live Webcams,https://www.nationalparkcam.com/north-cascades-webcam,link,Channel Islands Webcam,https://www.nationalparkcam.com/channel-islands-webcam
North Cascades National Park Live Webcams,https://www.nationalparkcam.com/north-cascades-webcam,link,Crater Lake Webcam,https://www.nationalparkcam.com/crater-lake-webcam
North Cascades National Park Live Webcams,https://www.nationalparkcam.com/north-cascades-webcam,link,Denali Webcam,https://www.nationalparkcam.com/denali-webcam
North Cascades National Park Live Webcams,https://www.nationalparkcam.com/north-cascades-webcam,link,Everglades Webcam,https://www.nationalparkcam.com/everglades-webcam
North Cascades National Park Live Webcams,https://www.nationalparkcam.com/north-cascades-webcam,link,Glacier Bay Webcam,https://www.nationalparkcam.com/glacier-bay-webcam
North Cascades National Park Live Webcams,https://www.nationalparkcam.com/north-cascades-webcam,link,Glacier Webcam,https://www.nationalparkcam.com/glacier-webcam
North Cascades National Park Live Webcams,https://www.nationalparkcam.com/north-cascades-webcam,link,Grand Canyon Webcam,https://www.nationalparkcam.com/grand-canyon-webcam
North Cascades National Park Live Webcams,https://www.nationalparkcam.com/north-cascades-webcam,link,Grand Tetons Webcam,https://www.nationalparkcam.com/grand-tetons-webcam
North Cascades National Park Live Webcams,https://www.nationalparkcam.com/north-cascades-webcam,link,Great Smoky Mountains Webcam,https://www.nationalparkcam.com/great-smoky-mountains-webcam
North Cascades National Park Live Webcams,https://www.nationalparkcam.com/north-cascades-webcam,link,Guadalupe Mountains Webcam,https://www.nationalparkcam.com/guadalupe-mountains-webcam
North Cascades National Park Live Webcams,https://www.nationalparkcam.com/north-cascades-webcam,link,Haleakala Webcam,https://www.nationalparkcam.com/haleakala-webcam
North Cascades National Park Live Webcams,https://www.nationalparkcam.com/north-cascades-webcam,link,Hawaii Volcanoes Webcam,https://www.nationalparkcam.com/hawaii-volcanoes-webcam
North Cascades National Park Live Webcams,https://www.nationalparkcam.com/north-cascades-webcam,link,Isle Royale National Park Webcam,https://www.nationalparkcam.com/isle-royale-national-park-webcam
North Cascades National Park Live Webcams,https://www.nationalparkcam.com/north-cascades-webcam,link,Joshua Tree Webcam,https://www.nationalparkcam.com/joshua-tree-webcam
North Cascades National Park Live Webcams,https://www.nationalparkcam.com/north-cascades-webcam,link,Katmai Webcam,https://www.nationalparkcam.com/katmai-webcam
North Cascades National Park Live Webcams,https://www.nationalparkcam.com/north-cascades-webcam,link,Kings Canyon Webcam,https://www.nationalparkcam.com/kings-canyon-webcam
North Cascades National Park Live Webcams,https://www.nationalparkcam.com/north-cascades-webcam,link,Lassen Volcano Webcam,https://www.nationalparkcam.com/lassen-volcano-webcam
North Cascades National Park Live Webcams,https://www.nationalparkcam.com/north-cascades-webcam,link,Mammoth Cave Webcam,https://www.nationalparkcam.com/mammoth-cave-webcam
North Cascades National Park Live Webcams,https://www.nationalparkcam.com/north-cascades-webcam,link,Mount Rainier Webcam,https://www.nationalparkcam.com/mount-rainier-webcam
North Cascades National Park Live Webcams,https://www.nationalparkcam.com/north-cascades-webcam,link,New River Gorge Webcam,https://www.nationalparkcam.com/new-river-gorge-webcam
North Cascades National Park Live Webcams,https://www.nationalparkcam.com/north-cascades-webcam,link,North Cascades Webcam,https://www.nationalparkcam.com/north-cascades-webcam
North Cascades National Park Live Webcams,https://www.nationalparkcam.com/north-cascades-webcam,link,Olympic Webcam,https://www.nationalparkcam.com/olympic-webcam
North Cascades National Park Live Webcams,https://www.nationalparkcam.com/north-cascades-webcam,link,Petrified Forest Webcam,https://www.nationalparkcam.com/petrified-forest-webcam
North Cascades National Park Live Webcams,https://www.nationalparkcam.com/north-cascades-webcam,link,Redwood National Park,https://www.nationalparkcam.com/redwood-national-park
North Cascades National Park Live Webcams,https://www.nationalparkcam.com/north-cascades-webcam,link,Rocky Mountain Webcam,https://www.nationalparkcam.com/rocky-mountain-webcam
North Cascades National Park Live Webcams,https://www.nationalparkcam.com/north-cascades-webcam,link,Shenandoah Webcam,https://www.nationalparkcam.com/shenandoah-webcam
North Cascades National Park Live Webcams,https://www.nationalparkcam.com/north-cascades-webcam,link,Theodore Roosevelt Webcam,https://www.nationalparkcam.com/theodore-roosevelt-webcam
North Cascades National Park Live Webcams,https://www.nationalparkcam.com/north-cascades-webcam,link,Virgin Islands Webcam,https://www.nationalparkcam.com/virgin-islands-webcam
North Cascades National Park Live Webcams,https://www.nationalparkcam.com/north-cascades-webcam,link,Wrangell-St. Elias Webcam,https://www.nationalparkcam.com/wrangell-st-elias-webcam
North Cascades National Park Live Webcams,https://www.nationalparkcam.com/north-cascades-webcam,link,Yellowstone Webcam,https://www.nationalparkcam.com/yellowstone-webcam
North Cascades National Park Live Webcams,https://www.nationalparkcam.com/north-cascades-webcam,link,Yosemite Webcam,https://www.nationalparkcam.com/yosemite-webcam
North Cascades National Park Live Webcams,https://www.nationalparkcam.com/north-cascades-webcam,link,Zion Webcam,https://www.nationalparkcam.com/zion-webcam
North Cascades National Park Live Webcams,https://www.nationalparkcam.com/north-cascades-webcam,link,"North Cascades National Park Less than three hours from Seattle, an alpine landscape beckons. Discover communities of life adapted to moisture in the west and recurring fire in the east. Explore jagged peaks crowned by more than 300 glaciers. Listen to cascading waters in forested valleys. Witness a landscape sensitive to the Earth ' s changing climate. Help steward the ecological heart of the Cascades.",https://www.google.com/url?q=https%3A%2F%2Fwww.nps.gov%2Fnoca%2Findex.htm&sa=D&sntz=1&usg=AOvVaw11xt9Vx7UpU6LzrjGVwAje
North Cascades National Park Live Webcams,https://www.nationalparkcam.com/north-cascades-webcam,link,page,https://en.wikipedia.org/wiki/North_Cascades_National_Park
North Cascades National Park Live Webcams,https://www.nationalparkcam.com/north-cascades-webcam,link,NPS site,https://www.nps.gov/noca/planyourvisit/maps.htm
North Cascades National Park Live Webcams,https://www.nationalparkcam.com/north-cascades-webcam,link,how to use bear spray,https://www.rei.com/blog/hike/how-to-use-bear-spray
North Cascades National Park Live Webcams,https://www.nationalparkcam.com/north-cascades-webcam,link,website,https://www.nps.gov/noca/planyourvisit/day-hiking.htm
North Cascades National Park Live Webcams,https://www.nationalparkcam.com/north-cascades-webcam,link,Easy Pass-Fisher Creek Trail,https://www.nps.gov/noca/planyourvisit/easy-pass-trail.htm
North Cascades National Park Live Webcams,https://www.nationalparkcam.com/north-cascades-webcam,link,The Cascade Pass Trail,https://www.nps.gov/noca/planyourvisit/cascade-pass-trail.htm
North Cascades National Park Live Webcams,https://www.nationalparkcam.com/north-cascades-webcam,link,The Thornton Lake Trail,https://www.nps.gov/places/thornton-lake-trail.htm
North Cascades National Park Live Webcams,https://www.nationalparkcam.com/north-cascades-webcam,link,The Sourdough Mountain Trail,https://www.nps.gov/noca/planyourvisit/sourdough-mountain-trail.htm
North Cascades National Park Live Webcams,https://www.nationalparkcam.com/north-cascades-webcam,link,Backpacking,https://www.nps.gov/neri/planyourvisit/backpacking.htm
North Cascades National Park Live Webcams,https://www.nationalparkcam.com/north-cascades-webcam,link,map,https://www.nps.gov/noca/planyourvisit/upload/NOCA_Wilderness_Trip_Planner-Compliant_508_for-web_508-2.pdf
North Cascades National Park Live Webcams,https://www.nationalparkcam.com/north-cascades-webcam,link,recreation.gov,https://www.recreation.gov/permits/4675322
North Cascades National Park Live Webcams,https://www.nationalparkcam.com/north-cascades-webcam,link,recreation.gov,https://www.recreation.gov/camping/gateways/2845
North Cascades National Park Live Webcams,https://www.nationalparkcam.com/north-cascades-webcam,link,Newhalem Creek Campground,https://www.nps.gov/noca/planyourvisit/newhalem-creek-campground.htm
North Cascades National Park Live Webcams,https://www.nationalparkcam.com/north-cascades-webcam,link,Colonial Creek North Campground,https://www.nps.gov/noca/planyourvisit/colonial-creek-north-campground.htm
North Cascades National Park Live Webcams,https://www.nationalparkcam.com/north-cascades-webcam,link,Gorge Lake Campground,https://www.nps.gov/noca/planyourvisit/gorge-lake-campground.htm
North Cascades National Park Live Webcams,https://www.nationalparkcam.com/north-cascades-webcam,link,Goodell Creek Campground,https://www.nps.gov/noca/planyourvisit/goodell-creek-campground.htm
North Cascades National Park Live Webcams,https://www.nationalparkcam.com/north-cascades-webcam,link,Colonial Creek South,https://www.nps.gov/noca/planyourvisit/colonial-creek-south-campground.htm
North Cascades National Park Live Webcams,https://www.nationalparkcam.com/north-cascades-webcam,link,Lower Goodell Creek Group,https://www.nps.gov/noca/planyourvisit/lower-goodell-creek-group-campground.htm
North Cascades National Park Live Webcams,https://www.nationalparkcam.com/north-cascades-webcam,link,mailto:npcam012@gmail.com,mailto:npcam012@gmail.com
North Cascades National Park Live Webcams,https://www.nationalparkcam.com/north-cascades-webcam,image,Image,https://lh3.googleusercontent.com/docsubipk/AP9E6xW8LtAutR50UczvNoEYJ2fZDocT7Dwmvfo6orjde5DPi-IKBGMnf4yWNRyt1quooYHcIp-8IxvvmmYl5qt6wNBS4n6isWYa3j9iRtsF8Ori_wuc2NrjCX20_ei63aDwYsYLK9w5w9C4CBT7yPybqR21Wg6eiIE4BW7Zf3ZVKljkfiQ9-RSxO9s
North Cascades National Park Live Webcams,https://www.nationalparkcam.com/north-cascades-webcam,image,Email,https://ssl.gstatic.com/atari/images/sociallinks/email_white_28dp.png
North Cascades National Park Live Webcams,https://www.nationalparkcam.com/north-cascades-webcam,embed,Custom embed,google-sites-frame:23f550e30acca468_41
North Cascades National Park Live Webcams,https://www.nationalparkcam.com/north-cascades-webcam,embed,Custom embed,google-sites-frame:6529b6ec403d892f_70
North Cascades National Park Live Webcams,https://www.nationalparkcam.com/north-cascades-webcam,embed,"Map, Untitled Location","https://maps-api-ssl.google.com/maps?hl=en-US&ll=48.75302,-121.225346&output=embed&q=48.772483,-121.298676+(Untitled+Location)&z=10"
North Cascades National Park Live Webcams,https://www.nationalparkcam.com/north-cascades-webcam,embed,Custom embed,google-sites-frame:6529b6ec403d892f_23
Olympic National Park Live Webcams,https://www.nationalparkcam.com/olympic-webcam,link,National Parks Webcams,https://www.nationalparkcam.com/national-park-webcam-home
Olympic National Park Live Webcams,https://www.nationalparkcam.com/olympic-webcam,link,Acadia Webcam,https://www.nationalparkcam.com/acadia-webcam
Olympic National Park Live Webcams,https://www.nationalparkcam.com/olympic-webcam,link,Arches Webcam,https://www.nationalparkcam.com/arches-webcam
Olympic National Park Live Webcams,https://www.nationalparkcam.com/olympic-webcam,link,Big Bend Webcam,https://www.nationalparkcam.com/big-bend-webcam
Olympic National Park Live Webcams,https://www.nationalparkcam.com/olympic-webcam,link,Black Canyon of the Gunnison Webcam,https://www.nationalparkcam.com/black-canyon-of-the-gunnison-webcam
Olympic National Park Live Webcams,https://www.nationalparkcam.com/olympic-webcam,link,Bryce Canyon Webcam,https://www.nationalparkcam.com/bryce-canyon-webcam
Olympic National Park Live Webcams,https://www.nationalparkcam.com/olympic-webcam,link,Channel Islands Webcam,https://www.nationalparkcam.com/channel-islands-webcam
Olympic National Park Live Webcams,https://www.nationalparkcam.com/olympic-webcam,link,Crater Lake Webcam,https://www.nationalparkcam.com/crater-lake-webcam
Olympic National Park Live Webcams,https://www.nationalparkcam.com/olympic-webcam,link,Denali Webcam,https://www.nationalparkcam.com/denali-webcam
Olympic National Park Live Webcams,https://www.nationalparkcam.com/olympic-webcam,link,Everglades Webcam,https://www.nationalparkcam.com/everglades-webcam
Olympic National Park Live Webcams,https://www.nationalparkcam.com/olympic-webcam,link,Glacier Bay Webcam,https://www.nationalparkcam.com/glacier-bay-webcam
Olympic National Park Live Webcams,https://www.nationalparkcam.com/olympic-webcam,link,Glacier Webcam,https://www.nationalparkcam.com/glacier-webcam
Olympic National Park Live Webcams,https://www.nationalparkcam.com/olympic-webcam,link,Grand Canyon Webcam,https://www.nationalparkcam.com/grand-canyon-webcam
Olympic National Park Live Webcams,https://www.nationalparkcam.com/olympic-webcam,link,Grand Tetons Webcam,https://www.nationalparkcam.com/grand-tetons-webcam
Olympic National Park Live Webcams,https://www.nationalparkcam.com/olympic-webcam,link,Great Smoky Mountains Webcam,https://www.nationalparkcam.com/great-smoky-mountains-webcam
Olympic National Park Live Webcams,https://www.nationalparkcam.com/olympic-webcam,link,Guadalupe Mountains Webcam,https://www.nationalparkcam.com/guadalupe-mountains-webcam
Olympic National Park Live Webcams,https://www.nationalparkcam.com/olympic-webcam,link,Haleakala Webcam,https://www.nationalparkcam.com/haleakala-webcam
Olympic National Park Live Webcams,https://www.nationalparkcam.com/olympic-webcam,link,Hawaii Volcanoes Webcam,https://www.nationalparkcam.com/hawaii-volcanoes-webcam
Olympic National Park Live Webcams,https://www.nationalparkcam.com/olympic-webcam,link,Isle Royale National Park Webcam,https://www.nationalparkcam.com/isle-royale-national-park-webcam
Olympic National Park Live Webcams,https://www.nationalparkcam.com/olympic-webcam,link,Joshua Tree Webcam,https://www.nationalparkcam.com/joshua-tree-webcam
Olympic National Park Live Webcams,https://www.nationalparkcam.com/olympic-webcam,link,Katmai Webcam,https://www.nationalparkcam.com/katmai-webcam
Olympic National Park Live Webcams,https://www.nationalparkcam.com/olympic-webcam,link,Kings Canyon Webcam,https://www.nationalparkcam.com/kings-canyon-webcam
Olympic National Park Live Webcams,https://www.nationalparkcam.com/olympic-webcam,link,Lassen Volcano Webcam,https://www.nationalparkcam.com/lassen-volcano-webcam
Olympic National Park Live Webcams,https://www.nationalparkcam.com/olympic-webcam,link,Mammoth Cave Webcam,https://www.nationalparkcam.com/mammoth-cave-webcam
Olympic National Park Live Webcams,https://www.nationalparkcam.com/olympic-webcam,link,Mount Rainier Webcam,https://www.nationalparkcam.com/mount-rainier-webcam
Olympic National Park Live Webcams,https://www.nationalparkcam.com/olympic-webcam,link,New River Gorge Webcam,https://www.nationalparkcam.com/new-river-gorge-webcam
Olympic National Park Live Webcams,https://www.nationalparkcam.com/olympic-webcam,link,North Cascades Webcam,https://www.nationalparkcam.com/north-cascades-webcam
Olympic National Park Live Webcams,https://www.nationalparkcam.com/olympic-webcam,link,Olympic Webcam,https://www.nationalparkcam.com/olympic-webcam
Olympic National Park Live Webcams,https://www.nationalparkcam.com/olympic-webcam,link,Petrified Forest Webcam,https://www.nationalparkcam.com/petrified-forest-webcam
Olympic National Park Live Webcams,https://www.nationalparkcam.com/olympic-webcam,link,Redwood National Park,https://www.nationalparkcam.com/redwood-national-park
Olympic National Park Live Webcams,https://www.nationalparkcam.com/olympic-webcam,link,Rocky Mountain Webcam,https://www.nationalparkcam.com/rocky-mountain-webcam
Olympic National Park Live Webcams,https://www.nationalparkcam.com/olympic-webcam,link,Shenandoah Webcam,https://www.nationalparkcam.com/shenandoah-webcam
Olympic National Park Live Webcams,https://www.nationalparkcam.com/olympic-webcam,link,Theodore Roosevelt Webcam,https://www.nationalparkcam.com/theodore-roosevelt-webcam
Olympic National Park Live Webcams,https://www.nationalparkcam.com/olympic-webcam,link,Virgin Islands Webcam,https://www.nationalparkcam.com/virgin-islands-webcam
Olympic National Park Live Webcams,https://www.nationalparkcam.com/olympic-webcam,link,Wrangell-St. Elias Webcam,https://www.nationalparkcam.com/wrangell-st-elias-webcam
Olympic National Park Live Webcams,https://www.nationalparkcam.com/olympic-webcam,link,Yellowstone Webcam,https://www.nationalparkcam.com/yellowstone-webcam
Olympic National Park Live Webcams,https://www.nationalparkcam.com/olympic-webcam,link,Yosemite Webcam,https://www.nationalparkcam.com/yosemite-webcam
Olympic National Park Live Webcams,https://www.nationalparkcam.com/olympic-webcam,link,Zion Webcam,https://www.nationalparkcam.com/zion-webcam
Olympic National Park Live Webcams,https://www.nationalparkcam.com/olympic-webcam,link,"Olympic National Park With its incredible range of precipitation and elevation, diversity is the hallmark of Olympic National Park. Encompassing nearly a million acres, the park protects a vast wilderness, thousands of years of human history, and several distinctly different ecosystems, including glacier-capped mountains, old-growth temperate rain forests, and over 70 miles of wild coastline. Come explore!",https://www.google.com/url?q=https%3A%2F%2Fwww.nps.gov%2Folym%2Findex.htm&sa=D&sntz=1&usg=AOvVaw3u3ZQiLig9jD-VbsiE88FP
Olympic National Park Live Webcams,https://www.nationalparkcam.com/olympic-webcam,link,website,https://en.wikipedia.org/wiki/Olympic_National_Park
Olympic National Park Live Webcams,https://www.nationalparkcam.com/olympic-webcam,link,NPS website,https://www.nps.gov/olym/planyourvisit/day-hiking.htm
Olympic National Park Live Webcams,https://www.nationalparkcam.com/olympic-webcam,link,Backpacking,https://www.nps.gov/olym/planyourvisit/visiting-wilderness.htm
Olympic National Park Live Webcams,https://www.nationalparkcam.com/olympic-webcam,link,recreation.gov,https://www.recreation.gov/permits/4098362
Olympic National Park Live Webcams,https://www.nationalparkcam.com/olympic-webcam,link,recreation.gov,https://www.recreation.gov/camping/gateways/2881
Olympic National Park Live Webcams,https://www.nationalparkcam.com/olympic-webcam,link,NPS website,https://www.nps.gov/olym/planyourvisit/camping.htm
Olympic National Park Live Webcams,https://www.nationalparkcam.com/olympic-webcam,link,status,https://www.nps.gov/olym/planyourvisit/campgroundstatus.htm
Olympic National Park Live Webcams,https://www.nationalparkcam.com/olympic-webcam,link,recreation.gov,https://www.recreation.gov/camping/campgrounds/259084
Olympic National Park Live Webcams,https://www.nationalparkcam.com/olympic-webcam,link,recreation.gov,https://www.recreation.gov/camping/campgrounds/247592
Olympic National Park Live Webcams,https://www.nationalparkcam.com/olympic-webcam,link,recreation.gov,https://www.recreation.gov/camping/campgrounds/232464
Olympic National Park Live Webcams,https://www.nationalparkcam.com/olympic-webcam,link,recreation.gov,https://www.recreation.gov/camping/campgrounds/247591
Olympic National Park Live Webcams,https://www.nationalparkcam.com/olympic-webcam,link,recreation.gov,https://www.recreation.gov/camping/campgrounds/251906
Olympic National Park Live Webcams,https://www.nationalparkcam.com/olympic-webcam,link,recreation.gov,https://www.recreation.gov/camping/campgrounds/247586
Olympic National Park Live Webcams,https://www.nationalparkcam.com/olympic-webcam,link,Lake Crescent Lodge,https://www.olympicnationalparks.com/lodging/lake-crescent-lodge/
Olympic National Park Live Webcams,https://www.nationalparkcam.com/olympic-webcam,link,Kalaloch Lodge,https://www.thekalalochlodge.com/
Olympic National Park Live Webcams,https://www.nationalparkcam.com/olympic-webcam,link,Lake Quinault Lodge,https://www.olympicnationalparks.com/lodging/lake-quinault-lodge/
Olympic National Park Live Webcams,https://www.nationalparkcam.com/olympic-webcam,link,Log Cabin Resort,https://www.olympicnationalparks.com/lodging/log-cabin-resort/
Olympic National Park Live Webcams,https://www.nationalparkcam.com/olympic-webcam,link,Sol Duc Hot Springs Resort,https://www.olympicnationalparks.com/lodging/sol-duc-hot-springs-resort/
Olympic National Park Live Webcams,https://www.nationalparkcam.com/olympic-webcam,link,The Quileute Oceanside Resort,https://quileuteoceanside.com/
Olympic National Park Live Webcams,https://www.nationalparkcam.com/olympic-webcam,link,mailto:npcam012@gmail.com,mailto:npcam012@gmail.com
Olympic National Park Live Webcams,https://www.nationalparkcam.com/olympic-webcam,image,Image,https://lh3.googleusercontent.com/docsubipk/AP9E6xUPyPgLXAFk9x00lW-Wuo3_6_Ov-Rc7Tsv7l8jOsR8VsIDinNDH4xWRZfCnsBRDVK_cgY5ocX2Qj6Z7v07z_BLxUb6dUi15BDjR3HEnozfYyQ5ZzsQdVVjMR00w5cx_Rh54pzdW-neEKMnWpSMJlxHY580XnASCeFnosvChcs_Bgs4M6h1uCWI
Olympic National Park Live Webcams,https://www.nationalparkcam.com/olympic-webcam,image,Email,https://ssl.gstatic.com/atari/images/sociallinks/email_white_28dp.png
Olympic National Park Live Webcams,https://www.nationalparkcam.com/olympic-webcam,embed,Custom embed,google-sites-frame:23f550e30acca468_45
Olympic National Park Live Webcams,https://www.nationalparkcam.com/olympic-webcam,embed,Custom embed,google-sites-frame:41813e149f5d7729_217
Olympic National Park Live Webcams,https://www.nationalparkcam.com/olympic-webcam,embed,"Map, Untitled Location","https://maps-api-ssl.google.com/maps?hl=en-US&ll=47.773274,-123.674694&output=embed&q=47.845214,-123.443981+(Untitled+Location)&z=8"
Olympic National Park Live Webcams,https://www.nationalparkcam.com/olympic-webcam,embed,Custom embed,google-sites-frame:41813e149f5d7729_176
Olympic National Park Live Webcams,https://www.nationalparkcam.com/olympic-webcam,embed,Custom embed,google-sites-frame:41813e149f5d7729_181
Olympic National Park Live Webcams,https://www.nationalparkcam.com/olympic-webcam,embed,Custom embed,google-sites-frame:41813e149f5d7729_187
Olympic National Park Live Webcams,https://www.nationalparkcam.com/olympic-webcam,embed,Custom embed,google-sites-frame:41813e149f5d7729_192
Olympic National Park Live Webcams,https://www.nationalparkcam.com/olympic-webcam,embed,Custom embed,google-sites-frame:41813e149f5d7729_198
Olympic National Park Live Webcams,https://www.nationalparkcam.com/olympic-webcam,embed,Custom embed,google-sites-frame:41813e149f5d7729_203
Petrified Forest National Park Live Webcams,https://www.nationalparkcam.com/petrified-forest-webcam,link,National Parks Webcams,https://www.nationalparkcam.com/national-park-webcam-home
Petrified Forest National Park Live Webcams,https://www.nationalparkcam.com/petrified-forest-webcam,link,Acadia Webcam,https://www.nationalparkcam.com/acadia-webcam
Petrified Forest National Park Live Webcams,https://www.nationalparkcam.com/petrified-forest-webcam,link,Arches Webcam,https://www.nationalparkcam.com/arches-webcam
Petrified Forest National Park Live Webcams,https://www.nationalparkcam.com/petrified-forest-webcam,link,Big Bend Webcam,https://www.nationalparkcam.com/big-bend-webcam
Petrified Forest National Park Live Webcams,https://www.nationalparkcam.com/petrified-forest-webcam,link,Black Canyon of the Gunnison Webcam,https://www.nationalparkcam.com/black-canyon-of-the-gunnison-webcam
Petrified Forest National Park Live Webcams,https://www.nationalparkcam.com/petrified-forest-webcam,link,Bryce Canyon Webcam,https://www.nationalparkcam.com/bryce-canyon-webcam
Petrified Forest National Park Live Webcams,https://www.nationalparkcam.com/petrified-forest-webcam,link,Channel Islands Webcam,https://www.nationalparkcam.com/channel-islands-webcam
Petrified Forest National Park Live Webcams,https://www.nationalparkcam.com/petrified-forest-webcam,link,Crater Lake Webcam,https://www.nationalparkcam.com/crater-lake-webcam
Petrified Forest National Park Live Webcams,https://www.nationalparkcam.com/petrified-forest-webcam,link,Denali Webcam,https://www.nationalparkcam.com/denali-webcam
Petrified Forest National Park Live Webcams,https://www.nationalparkcam.com/petrified-forest-webcam,link,Everglades Webcam,https://www.nationalparkcam.com/everglades-webcam
Petrified Forest National Park Live Webcams,https://www.nationalparkcam.com/petrified-forest-webcam,link,Glacier Bay Webcam,https://www.nationalparkcam.com/glacier-bay-webcam
Petrified Forest National Park Live Webcams,https://www.nationalparkcam.com/petrified-forest-webcam,link,Glacier Webcam,https://www.nationalparkcam.com/glacier-webcam
Petrified Forest National Park Live Webcams,https://www.nationalparkcam.com/petrified-forest-webcam,link,Grand Canyon Webcam,https://www.nationalparkcam.com/grand-canyon-webcam
Petrified Forest National Park Live Webcams,https://www.nationalparkcam.com/petrified-forest-webcam,link,Grand Tetons Webcam,https://www.nationalparkcam.com/grand-tetons-webcam
Petrified Forest National Park Live Webcams,https://www.nationalparkcam.com/petrified-forest-webcam,link,Great Smoky Mountains Webcam,https://www.nationalparkcam.com/great-smoky-mountains-webcam
Petrified Forest National Park Live Webcams,https://www.nationalparkcam.com/petrified-forest-webcam,link,Guadalupe Mountains Webcam,https://www.nationalparkcam.com/guadalupe-mountains-webcam
Petrified Forest National Park Live Webcams,https://www.nationalparkcam.com/petrified-forest-webcam,link,Haleakala Webcam,https://www.nationalparkcam.com/haleakala-webcam
Petrified Forest National Park Live Webcams,https://www.nationalparkcam.com/petrified-forest-webcam,link,Hawaii Volcanoes Webcam,https://www.nationalparkcam.com/hawaii-volcanoes-webcam
Petrified Forest National Park Live Webcams,https://www.nationalparkcam.com/petrified-forest-webcam,link,Isle Royale National Park Webcam,https://www.nationalparkcam.com/isle-royale-national-park-webcam
Petrified Forest National Park Live Webcams,https://www.nationalparkcam.com/petrified-forest-webcam,link,Joshua Tree Webcam,https://www.nationalparkcam.com/joshua-tree-webcam
Petrified Forest National Park Live Webcams,https://www.nationalparkcam.com/petrified-forest-webcam,link,Katmai Webcam,https://www.nationalparkcam.com/katmai-webcam
Petrified Forest National Park Live Webcams,https://www.nationalparkcam.com/petrified-forest-webcam,link,Kings Canyon Webcam,https://www.nationalparkcam.com/kings-canyon-webcam
Petrified Forest National Park Live Webcams,https://www.nationalparkcam.com/petrified-forest-webcam,link,Lassen Volcano Webcam,https://www.nationalparkcam.com/lassen-volcano-webcam
Petrified Forest National Park Live Webcams,https://www.nationalparkcam.com/petrified-forest-webcam,link,Mammoth Cave Webcam,https://www.nationalparkcam.com/mammoth-cave-webcam
Petrified Forest National Park Live Webcams,https://www.nationalparkcam.com/petrified-forest-webcam,link,Mount Rainier Webcam,https://www.nationalparkcam.com/mount-rainier-webcam
Petrified Forest National Park Live Webcams,https://www.nationalparkcam.com/petrified-forest-webcam,link,New River Gorge Webcam,https://www.nationalparkcam.com/new-river-gorge-webcam
Petrified Forest National Park Live Webcams,https://www.nationalparkcam.com/petrified-forest-webcam,link,North Cascades Webcam,https://www.nationalparkcam.com/north-cascades-webcam
Petrified Forest National Park Live Webcams,https://www.nationalparkcam.com/petrified-forest-webcam,link,Olympic Webcam,https://www.nationalparkcam.com/olympic-webcam
Petrified Forest National Park Live Webcams,https://www.nationalparkcam.com/petrified-forest-webcam,link,Petrified Forest Webcam,https://www.nationalparkcam.com/petrified-forest-webcam
Petrified Forest National Park Live Webcams,https://www.nationalparkcam.com/petrified-forest-webcam,link,Redwood National Park,https://www.nationalparkcam.com/redwood-national-park
Petrified Forest National Park Live Webcams,https://www.nationalparkcam.com/petrified-forest-webcam,link,Rocky Mountain Webcam,https://www.nationalparkcam.com/rocky-mountain-webcam
Petrified Forest National Park Live Webcams,https://www.nationalparkcam.com/petrified-forest-webcam,link,Shenandoah Webcam,https://www.nationalparkcam.com/shenandoah-webcam
Petrified Forest National Park Live Webcams,https://www.nationalparkcam.com/petrified-forest-webcam,link,Theodore Roosevelt Webcam,https://www.nationalparkcam.com/theodore-roosevelt-webcam
Petrified Forest National Park Live Webcams,https://www.nationalparkcam.com/petrified-forest-webcam,link,Virgin Islands Webcam,https://www.nationalparkcam.com/virgin-islands-webcam
Petrified Forest National Park Live Webcams,https://www.nationalparkcam.com/petrified-forest-webcam,link,Wrangell-St. Elias Webcam,https://www.nationalparkcam.com/wrangell-st-elias-webcam
Petrified Forest National Park Live Webcams,https://www.nationalparkcam.com/petrified-forest-webcam,link,Yellowstone Webcam,https://www.nationalparkcam.com/yellowstone-webcam
Petrified Forest National Park Live Webcams,https://www.nationalparkcam.com/petrified-forest-webcam,link,Yosemite Webcam,https://www.nationalparkcam.com/yosemite-webcam
Petrified Forest National Park Live Webcams,https://www.nationalparkcam.com/petrified-forest-webcam,link,Zion Webcam,https://www.nationalparkcam.com/zion-webcam
Petrified Forest National Park Live Webcams,https://www.nationalparkcam.com/petrified-forest-webcam,link,"Petrified Forest National Park Park Hours: 8am to 5pm, MST. Don ' t forget that Arizona does not observe Daylight Savings. < br / > < br / > Petrified Forest is best known for its Triassic fossils. It ' s like having two parks in one, an ecosystem over 200 million years old with plants and animals now represented in the surreal landscape of the Painted Desert. There is also a living park with its own denizens adapted to a demanding environment.",https://www.google.com/url?q=https%3A%2F%2Fwww.nps.gov%2Fpefo%2Findex.htm&sa=D&sntz=1&usg=AOvVaw0-9gIoKG0UACrUgclarfxe
Petrified Forest National Park Live Webcams,https://www.nationalparkcam.com/petrified-forest-webcam,link,page,https://en.wikipedia.org/wiki/Petrified_Forest_National_Park
Petrified Forest National Park Live Webcams,https://www.nationalparkcam.com/petrified-forest-webcam,link,Day Hikes,https://www.nps.gov/pefo/planyourvisit/trails.htm
Petrified Forest National Park Live Webcams,https://www.nationalparkcam.com/petrified-forest-webcam,link,Backpacking,https://www.nps.gov/pefo/planyourvisit/backpacking.htm
Petrified Forest National Park Live Webcams,https://www.nationalparkcam.com/petrified-forest-webcam,link,mailto:npcam012@gmail.com,mailto:npcam012@gmail.com
Petrified Forest National Park Live Webcams,https://www.nationalparkcam.com/petrified-forest-webcam,image,Image,https://lh3.googleusercontent.com/docsubipk/AP9E6xXICxX-gWF3wHS3OHKXHChgXtTqOOy_1xfcHd_DjwfawkmVdTOOlPpshzHn09V149Yrxtfa-etrPluiwcJuXCKbDDDKtRwOqKaVw24Tpc54LDNduXdmJ63ddGFlWKDvl-snSOd69kfk58fdn-xUVYsQGazMgPV358AZ5oCKFTPzq89IK2pKPks
Petrified Forest National Park Live Webcams,https://www.nationalparkcam.com/petrified-forest-webcam,image,Email,https://ssl.gstatic.com/atari/images/sociallinks/email_white_28dp.png
Petrified Forest National Park Live Webcams,https://www.nationalparkcam.com/petrified-forest-webcam,embed,Custom embed,google-sites-frame:23f550e30acca468_49
Petrified Forest National Park Live Webcams,https://www.nationalparkcam.com/petrified-forest-webcam,embed,Custom embed,google-sites-frame:4c5689ed593a7570_64
Petrified Forest National Park Live Webcams,https://www.nationalparkcam.com/petrified-forest-webcam,embed,"Map, Untitled Location","https://maps-api-ssl.google.com/maps?hl=en-US&ll=35.084616,-109.780152&output=embed&q=35.081596,-109.788391+(Untitled+Location)&z=13"
Petrified Forest National Park Live Webcams,https://www.nationalparkcam.com/petrified-forest-webcam,embed,Custom embed,google-sites-frame:4c5689ed593a7570_23
Pinnacles National Park Guide,https://www.national-parks.us/pinnacles-national-park,embed,"Map, Pinnacles National Park","https://maps-api-ssl.google.com/maps?hl=en-US&ll=36.4915,-121.1972&output=embed&q=36.4915,-121.1972+(Pinnacles+National+Park)&z=11"
Pinnacles National Park Guide,https://www.national-parks.us/pinnacles-national-park,link,"Pinnacles National Park (U.S. National Park Service) Pinnacles protects volcanic spires, talus caves, chaparral, oak woodlands, rare wildlife, and California condor habitat in central California.",https://www.nps.gov/pinn/index.htm
Pinnacles National Park Guide,https://www.national-parks.us/pinnacles-national-park,link,Maps,https://www.nps.gov/pinn/planyourvisit/maps.htm
Pinnacles National Park Guide,https://www.national-parks.us/pinnacles-national-park,link,Hiking,https://www.nps.gov/pinn/planyourvisit/trails.htm
Pinnacles National Park Guide,https://www.national-parks.us/pinnacles-national-park,link,Pinnacles Campground,https://www.nps.gov/pinn/planyourvisit/camp.htm
Pinnacles National Park Guide,https://www.national-parks.us/pinnacles-national-park,link,Camping,https://www.nps.gov/pinn/planyourvisit/camp.htm
Pinnacles National Park Guide,https://www.national-parks.us/pinnacles-national-park,link,Cave Status,https://www.nps.gov/pinn/planyourvisit/cavestatus.htm
Pinnacles National Park Guide,https://www.national-parks.us/pinnacles-national-park,link,California Condors,https://www.nps.gov/pinn/learn/nature/condors.htm
Pinnacles National Park Guide,https://www.national-parks.us/pinnacles-national-park,link,History and Culture,https://www.nps.gov/pinn/learn/historyculture/index.htm
Pinnacles National Park Guide,https://www.national-parks.us/pinnacles-national-park,link,Wikipedia,https://en.wikipedia.org/wiki/Pinnacles_National_Park
Redwood National Park Live Webcams,https://www.nationalparkcam.com/redwood-national-park,link,National Parks Webcams,https://www.nationalparkcam.com/national-park-webcam-home
Redwood National Park Live Webcams,https://www.nationalparkcam.com/redwood-national-park,link,Acadia Webcam,https://www.nationalparkcam.com/acadia-webcam
Redwood National Park Live Webcams,https://www.nationalparkcam.com/redwood-national-park,link,Arches Webcam,https://www.nationalparkcam.com/arches-webcam
Redwood National Park Live Webcams,https://www.nationalparkcam.com/redwood-national-park,link,Big Bend Webcam,https://www.nationalparkcam.com/big-bend-webcam
Redwood National Park Live Webcams,https://www.nationalparkcam.com/redwood-national-park,link,Black Canyon of the Gunnison Webcam,https://www.nationalparkcam.com/black-canyon-of-the-gunnison-webcam
Redwood National Park Live Webcams,https://www.nationalparkcam.com/redwood-national-park,link,Bryce Canyon Webcam,https://www.nationalparkcam.com/bryce-canyon-webcam
Redwood National Park Live Webcams,https://www.nationalparkcam.com/redwood-national-park,link,Channel Islands Webcam,https://www.nationalparkcam.com/channel-islands-webcam
Redwood National Park Live Webcams,https://www.nationalparkcam.com/redwood-national-park,link,Crater Lake Webcam,https://www.nationalparkcam.com/crater-lake-webcam
Redwood National Park Live Webcams,https://www.nationalparkcam.com/redwood-national-park,link,Denali Webcam,https://www.nationalparkcam.com/denali-webcam
Redwood National Park Live Webcams,https://www.nationalparkcam.com/redwood-national-park,link,Everglades Webcam,https://www.nationalparkcam.com/everglades-webcam
Redwood National Park Live Webcams,https://www.nationalparkcam.com/redwood-national-park,link,Glacier Bay Webcam,https://www.nationalparkcam.com/glacier-bay-webcam
Redwood National Park Live Webcams,https://www.nationalparkcam.com/redwood-national-park,link,Glacier Webcam,https://www.nationalparkcam.com/glacier-webcam
Redwood National Park Live Webcams,https://www.nationalparkcam.com/redwood-national-park,link,Grand Canyon Webcam,https://www.nationalparkcam.com/grand-canyon-webcam
Redwood National Park Live Webcams,https://www.nationalparkcam.com/redwood-national-park,link,Grand Tetons Webcam,https://www.nationalparkcam.com/grand-tetons-webcam
Redwood National Park Live Webcams,https://www.nationalparkcam.com/redwood-national-park,link,Great Smoky Mountains Webcam,https://www.nationalparkcam.com/great-smoky-mountains-webcam
Redwood National Park Live Webcams,https://www.nationalparkcam.com/redwood-national-park,link,Guadalupe Mountains Webcam,https://www.nationalparkcam.com/guadalupe-mountains-webcam
Redwood National Park Live Webcams,https://www.nationalparkcam.com/redwood-national-park,link,Haleakala Webcam,https://www.nationalparkcam.com/haleakala-webcam
Redwood National Park Live Webcams,https://www.nationalparkcam.com/redwood-national-park,link,Hawaii Volcanoes Webcam,https://www.nationalparkcam.com/hawaii-volcanoes-webcam
Redwood National Park Live Webcams,https://www.nationalparkcam.com/redwood-national-park,link,Isle Royale National Park Webcam,https://www.nationalparkcam.com/isle-royale-national-park-webcam
Redwood National Park Live Webcams,https://www.nationalparkcam.com/redwood-national-park,link,Joshua Tree Webcam,https://www.nationalparkcam.com/joshua-tree-webcam
Redwood National Park Live Webcams,https://www.nationalparkcam.com/redwood-national-park,link,Katmai Webcam,https://www.nationalparkcam.com/katmai-webcam
Redwood National Park Live Webcams,https://www.nationalparkcam.com/redwood-national-park,link,Kings Canyon Webcam,https://www.nationalparkcam.com/kings-canyon-webcam
Redwood National Park Live Webcams,https://www.nationalparkcam.com/redwood-national-park,link,Lassen Volcano Webcam,https://www.nationalparkcam.com/lassen-volcano-webcam
Redwood National Park Live Webcams,https://www.nationalparkcam.com/redwood-national-park,link,Mammoth Cave Webcam,https://www.nationalparkcam.com/mammoth-cave-webcam
Redwood National Park Live Webcams,https://www.nationalparkcam.com/redwood-national-park,link,Mount Rainier Webcam,https://www.nationalparkcam.com/mount-rainier-webcam
Redwood National Park Live Webcams,https://www.nationalparkcam.com/redwood-national-park,link,New River Gorge Webcam,https://www.nationalparkcam.com/new-river-gorge-webcam
Redwood National Park Live Webcams,https://www.nationalparkcam.com/redwood-national-park,link,North Cascades Webcam,https://www.nationalparkcam.com/north-cascades-webcam
Redwood National Park Live Webcams,https://www.nationalparkcam.com/redwood-national-park,link,Olympic Webcam,https://www.nationalparkcam.com/olympic-webcam
Redwood National Park Live Webcams,https://www.nationalparkcam.com/redwood-national-park,link,Petrified Forest Webcam,https://www.nationalparkcam.com/petrified-forest-webcam
Redwood National Park Live Webcams,https://www.nationalparkcam.com/redwood-national-park,link,Redwood National Park,https://www.nationalparkcam.com/redwood-national-park
Redwood National Park Live Webcams,https://www.nationalparkcam.com/redwood-national-park,link,Rocky Mountain Webcam,https://www.nationalparkcam.com/rocky-mountain-webcam
Redwood National Park Live Webcams,https://www.nationalparkcam.com/redwood-national-park,link,Shenandoah Webcam,https://www.nationalparkcam.com/shenandoah-webcam
Redwood National Park Live Webcams,https://www.nationalparkcam.com/redwood-national-park,link,Theodore Roosevelt Webcam,https://www.nationalparkcam.com/theodore-roosevelt-webcam
Redwood National Park Live Webcams,https://www.nationalparkcam.com/redwood-national-park,link,Virgin Islands Webcam,https://www.nationalparkcam.com/virgin-islands-webcam
Redwood National Park Live Webcams,https://www.nationalparkcam.com/redwood-national-park,link,Wrangell-St. Elias Webcam,https://www.nationalparkcam.com/wrangell-st-elias-webcam
Redwood National Park Live Webcams,https://www.nationalparkcam.com/redwood-national-park,link,Yellowstone Webcam,https://www.nationalparkcam.com/yellowstone-webcam
Redwood National Park Live Webcams,https://www.nationalparkcam.com/redwood-national-park,link,Yosemite Webcam,https://www.nationalparkcam.com/yosemite-webcam
Redwood National Park Live Webcams,https://www.nationalparkcam.com/redwood-national-park,link,Zion Webcam,https://www.nationalparkcam.com/zion-webcam
Redwood National Park Live Webcams,https://www.nationalparkcam.com/redwood-national-park,link,"Redwood National and State Parks Renowned for the world’s tallest trees, Redwood’s landscapes span from open prairies and oak woodlands to pristine rivers and untamed coastline. This ancient home has supported people for thousands of years. The National Park Service and California State Parks now work to safeguard and rejuvenate these lands for everyone’s enjoyment, learning, and inspiration.",https://www.google.com/url?q=https%3A%2F%2Fwww.nps.gov%2Fredw%2Findex.htm&sa=D&sntz=1&usg=AOvVaw2Ort6DkisYwhMh5TBuy9qn
Redwood National Park Live Webcams,https://www.nationalparkcam.com/redwood-national-park,link,Day Hikes,https://www.nps.gov/tripideas/halfday.htm
Redwood National Park Live Webcams,https://www.nationalparkcam.com/redwood-national-park,link,Stout Grove Trail,https://www.nps.gov/thingstodo/stout-grove-trail.htm
Redwood National Park Live Webcams,https://www.nationalparkcam.com/redwood-national-park,link,James Irvine Trail to Fern Canyon,https://www.nps.gov/thingstodo/jamesirvine-ferncanyonloop.htm
Redwood National Park Live Webcams,https://www.nationalparkcam.com/redwood-national-park,link,Backpacking,https://www.nps.gov/redw/planyourvisit/backcountry.htm
Redwood National Park Live Webcams,https://www.nationalparkcam.com/redwood-national-park,link,website,https://redwoodparksconservancy.org/backcountry-camping/
Redwood National Park Live Webcams,https://www.nationalparkcam.com/redwood-national-park,link,https://drive.google.com/open?id=1P4vpGjcch0X47MeQCf0iZsjAPW7a8rblbnlgrbw3Md8,https://drive.google.com/open?id=1P4vpGjcch0X47MeQCf0iZsjAPW7a8rblbnlgrbw3Md8
Redwood National Park Live Webcams,https://www.nationalparkcam.com/redwood-national-park,link,Jedediah Smith Campground,https://www.nps.gov/redw/planyourvisit/jedediah-smith-campground.htm
Redwood National Park Live Webcams,https://www.nationalparkcam.com/redwood-national-park,link,reservecalifornia,https://www.reservecalifornia.com/Web/
Redwood National Park Live Webcams,https://www.nationalparkcam.com/redwood-national-park,link,Mill Creek Campground,https://www.nps.gov/redw/planyourvisit/mill-creek-campground.htm
Redwood National Park Live Webcams,https://www.nationalparkcam.com/redwood-national-park,link,Gold Bluffs Beach Campground,https://www.nps.gov/redw/planyourvisit/gold-bluffs-beach-campground.htm
Redwood National Park Live Webcams,https://www.nationalparkcam.com/redwood-national-park,link,Elk Prairie Campground,https://www.nps.gov/redw/planyourvisit/elk-prairie-campground.htm
Redwood National Park Live Webcams,https://www.nationalparkcam.com/redwood-national-park,link,mailto:npcam012@gmail.com,mailto:npcam012@gmail.com
Redwood National Park Live Webcams,https://www.nationalparkcam.com/redwood-national-park,image,Image,https://lh3.googleusercontent.com/docsubipk/AP9E6xWq4Yyge00nZcktJ7HJXo7QqHhBqaHBmMXhM06g9eyD4wczQBTnQfnPM63XvC2-hf_belFB1epiNnw-8VS82TKvhwZ_d67Uxl7pv8iYIjUmQ0fUFwlqyhi4MKNCGR1IWZlBh84gwvyJya_pbuUgTcYCZ6En4E_epkWBbb_euXZxp09cPJJukAM
Redwood National Park Live Webcams,https://www.nationalparkcam.com/redwood-national-park,image,Image,https://www.gstatic.com/images/icons/material/product/1x/sheets_32dp.png
Redwood National Park Live Webcams,https://www.nationalparkcam.com/redwood-national-park,image,Email,https://ssl.gstatic.com/atari/images/sociallinks/email_white_28dp.png
Redwood National Park Live Webcams,https://www.nationalparkcam.com/redwood-national-park,embed,Custom embed,google-sites-frame:77d7e962aeac289b_5
Redwood National Park Live Webcams,https://www.nationalparkcam.com/redwood-national-park,embed,Custom embed,google-sites-frame:77d7e962aeac289b_64
Redwood National Park Live Webcams,https://www.nationalparkcam.com/redwood-national-park,embed,Map,"https://maps-api-ssl.google.com/maps?hl=en-US&ll=41.372481,-123.956124&output=embed&q=41.401716,-124.041711&z=10"
Redwood National Park Live Webcams,https://www.nationalparkcam.com/redwood-national-park,embed,Custom embed,google-sites-frame:77d7e962aeac289b_26
Redwood National Park Live Webcams,https://www.nationalparkcam.com/redwood-national-park,embed,Custom embed,google-sites-frame:77d7e962aeac289b_75
Redwood National Park Live Webcams,https://www.nationalparkcam.com/redwood-national-park,embed,Custom embed,google-sites-frame:77d7e962aeac289b_81
Rocky Mountain National Park Live Webcams,https://www.nationalparkcam.com/rocky-mountain-webcam,link,National Parks Webcams,https://www.nationalparkcam.com/national-park-webcam-home
Rocky Mountain National Park Live Webcams,https://www.nationalparkcam.com/rocky-mountain-webcam,link,Acadia Webcam,https://www.nationalparkcam.com/acadia-webcam
Rocky Mountain National Park Live Webcams,https://www.nationalparkcam.com/rocky-mountain-webcam,link,Arches Webcam,https://www.nationalparkcam.com/arches-webcam
Rocky Mountain National Park Live Webcams,https://www.nationalparkcam.com/rocky-mountain-webcam,link,Big Bend Webcam,https://www.nationalparkcam.com/big-bend-webcam
Rocky Mountain National Park Live Webcams,https://www.nationalparkcam.com/rocky-mountain-webcam,link,Black Canyon of the Gunnison Webcam,https://www.nationalparkcam.com/black-canyon-of-the-gunnison-webcam
Rocky Mountain National Park Live Webcams,https://www.nationalparkcam.com/rocky-mountain-webcam,link,Bryce Canyon Webcam,https://www.nationalparkcam.com/bryce-canyon-webcam
Rocky Mountain National Park Live Webcams,https://www.nationalparkcam.com/rocky-mountain-webcam,link,Channel Islands Webcam,https://www.nationalparkcam.com/channel-islands-webcam
Rocky Mountain National Park Live Webcams,https://www.nationalparkcam.com/rocky-mountain-webcam,link,Crater Lake Webcam,https://www.nationalparkcam.com/crater-lake-webcam
Rocky Mountain National Park Live Webcams,https://www.nationalparkcam.com/rocky-mountain-webcam,link,Denali Webcam,https://www.nationalparkcam.com/denali-webcam
Rocky Mountain National Park Live Webcams,https://www.nationalparkcam.com/rocky-mountain-webcam,link,Everglades Webcam,https://www.nationalparkcam.com/everglades-webcam
Rocky Mountain National Park Live Webcams,https://www.nationalparkcam.com/rocky-mountain-webcam,link,Glacier Bay Webcam,https://www.nationalparkcam.com/glacier-bay-webcam
Rocky Mountain National Park Live Webcams,https://www.nationalparkcam.com/rocky-mountain-webcam,link,Glacier Webcam,https://www.nationalparkcam.com/glacier-webcam
Rocky Mountain National Park Live Webcams,https://www.nationalparkcam.com/rocky-mountain-webcam,link,Grand Canyon Webcam,https://www.nationalparkcam.com/grand-canyon-webcam
Rocky Mountain National Park Live Webcams,https://www.nationalparkcam.com/rocky-mountain-webcam,link,Grand Tetons Webcam,https://www.nationalparkcam.com/grand-tetons-webcam
Rocky Mountain National Park Live Webcams,https://www.nationalparkcam.com/rocky-mountain-webcam,link,Great Smoky Mountains Webcam,https://www.nationalparkcam.com/great-smoky-mountains-webcam
Rocky Mountain National Park Live Webcams,https://www.nationalparkcam.com/rocky-mountain-webcam,link,Guadalupe Mountains Webcam,https://www.nationalparkcam.com/guadalupe-mountains-webcam
Rocky Mountain National Park Live Webcams,https://www.nationalparkcam.com/rocky-mountain-webcam,link,Haleakala Webcam,https://www.nationalparkcam.com/haleakala-webcam
Rocky Mountain National Park Live Webcams,https://www.nationalparkcam.com/rocky-mountain-webcam,link,Hawaii Volcanoes Webcam,https://www.nationalparkcam.com/hawaii-volcanoes-webcam
Rocky Mountain National Park Live Webcams,https://www.nationalparkcam.com/rocky-mountain-webcam,link,Isle Royale National Park Webcam,https://www.nationalparkcam.com/isle-royale-national-park-webcam
Rocky Mountain National Park Live Webcams,https://www.nationalparkcam.com/rocky-mountain-webcam,link,Joshua Tree Webcam,https://www.nationalparkcam.com/joshua-tree-webcam
Rocky Mountain National Park Live Webcams,https://www.nationalparkcam.com/rocky-mountain-webcam,link,Katmai Webcam,https://www.nationalparkcam.com/katmai-webcam
Rocky Mountain National Park Live Webcams,https://www.nationalparkcam.com/rocky-mountain-webcam,link,Kings Canyon Webcam,https://www.nationalparkcam.com/kings-canyon-webcam
Rocky Mountain National Park Live Webcams,https://www.nationalparkcam.com/rocky-mountain-webcam,link,Lassen Volcano Webcam,https://www.nationalparkcam.com/lassen-volcano-webcam
Rocky Mountain National Park Live Webcams,https://www.nationalparkcam.com/rocky-mountain-webcam,link,Mammoth Cave Webcam,https://www.nationalparkcam.com/mammoth-cave-webcam
Rocky Mountain National Park Live Webcams,https://www.nationalparkcam.com/rocky-mountain-webcam,link,Mount Rainier Webcam,https://www.nationalparkcam.com/mount-rainier-webcam
Rocky Mountain National Park Live Webcams,https://www.nationalparkcam.com/rocky-mountain-webcam,link,New River Gorge Webcam,https://www.nationalparkcam.com/new-river-gorge-webcam
Rocky Mountain National Park Live Webcams,https://www.nationalparkcam.com/rocky-mountain-webcam,link,North Cascades Webcam,https://www.nationalparkcam.com/north-cascades-webcam
Rocky Mountain National Park Live Webcams,https://www.nationalparkcam.com/rocky-mountain-webcam,link,Olympic Webcam,https://www.nationalparkcam.com/olympic-webcam
Rocky Mountain National Park Live Webcams,https://www.nationalparkcam.com/rocky-mountain-webcam,link,Petrified Forest Webcam,https://www.nationalparkcam.com/petrified-forest-webcam
Rocky Mountain National Park Live Webcams,https://www.nationalparkcam.com/rocky-mountain-webcam,link,Redwood National Park,https://www.nationalparkcam.com/redwood-national-park
Rocky Mountain National Park Live Webcams,https://www.nationalparkcam.com/rocky-mountain-webcam,link,Rocky Mountain Webcam,https://www.nationalparkcam.com/rocky-mountain-webcam
Rocky Mountain National Park Live Webcams,https://www.nationalparkcam.com/rocky-mountain-webcam,link,Shenandoah Webcam,https://www.nationalparkcam.com/shenandoah-webcam
Rocky Mountain National Park Live Webcams,https://www.nationalparkcam.com/rocky-mountain-webcam,link,Theodore Roosevelt Webcam,https://www.nationalparkcam.com/theodore-roosevelt-webcam
Rocky Mountain National Park Live Webcams,https://www.nationalparkcam.com/rocky-mountain-webcam,link,Virgin Islands Webcam,https://www.nationalparkcam.com/virgin-islands-webcam
Rocky Mountain National Park Live Webcams,https://www.nationalparkcam.com/rocky-mountain-webcam,link,Wrangell-St. Elias Webcam,https://www.nationalparkcam.com/wrangell-st-elias-webcam
Rocky Mountain National Park Live Webcams,https://www.nationalparkcam.com/rocky-mountain-webcam,link,Yellowstone Webcam,https://www.nationalparkcam.com/yellowstone-webcam
Rocky Mountain National Park Live Webcams,https://www.nationalparkcam.com/rocky-mountain-webcam,link,Yosemite Webcam,https://www.nationalparkcam.com/yosemite-webcam
Rocky Mountain National Park Live Webcams,https://www.nationalparkcam.com/rocky-mountain-webcam,link,Zion Webcam,https://www.nationalparkcam.com/zion-webcam
Rocky Mountain National Park Live Webcams,https://www.nationalparkcam.com/rocky-mountain-webcam,link,"Rocky Mountain National Park Rocky Mountain National Park ' s 415 square miles (265,807 acres) encompasses a spectacular range of mountain environments. From meadows found in the montane life zone to glistening alpine lakes and up to the towering mountain peaks, there is something for everyone to discover. Along the way explore over 300 miles of hiking trails and incredible wildlife viewing.",https://www.google.com/url?q=https%3A%2F%2Fwww.nps.gov%2Fromo%2Findex.htm&sa=D&sntz=1&usg=AOvVaw3pdGPSuWJPwfA9tJp1dgEx
Rocky Mountain National Park Live Webcams,https://www.nationalparkcam.com/rocky-mountain-webcam,link,UNESCO Biosphere Reserve,https://www.unesco.org/en/mab/rocky-mountains
Rocky Mountain National Park Live Webcams,https://www.nationalparkcam.com/rocky-mountain-webcam,link,Wikipedia,https://en.wikipedia.org/wiki/Rocky_Mountain_National_Park
Rocky Mountain National Park Live Webcams,https://www.nationalparkcam.com/rocky-mountain-webcam,link,Recreation.gov,https://www.recreation.gov/timed-entry/10086910
Rocky Mountain National Park Live Webcams,https://www.nationalparkcam.com/rocky-mountain-webcam,link,Day Hikes,https://www.nps.gov/romo/planyourvisit/hiking.htm
Rocky Mountain National Park Live Webcams,https://www.nationalparkcam.com/rocky-mountain-webcam,link,Backpacking,https://www.nps.gov/romo/planyourvisit/wilderness-overnight-backpacking.htm#11/40.3455/-105.6061
Rocky Mountain National Park Live Webcams,https://www.nationalparkcam.com/rocky-mountain-webcam,link,Permits,https://www.recreation.gov/permits/4675320
Rocky Mountain National Park Live Webcams,https://www.nationalparkcam.com/rocky-mountain-webcam,link,Sport fishing,https://www.nps.gov/romo/planyourvisit/fishing.htm
Rocky Mountain National Park Live Webcams,https://www.nationalparkcam.com/rocky-mountain-webcam,link,recreation.gov,https://www.recreation.gov/camping/gateways/2907
Rocky Mountain National Park Live Webcams,https://www.nationalparkcam.com/rocky-mountain-webcam,link,Aspenglen Campground,https://www.nps.gov/romo/planyourvisit/agcg.htm
Rocky Mountain National Park Live Webcams,https://www.nationalparkcam.com/rocky-mountain-webcam,link,Glacier Basin Campground,https://www.nps.gov/romo/planyourvisit/gbcg.htm
Rocky Mountain National Park Live Webcams,https://www.nationalparkcam.com/rocky-mountain-webcam,link,Longs Peak Campground,https://www.nps.gov/romo/planyourvisit/lpcg.htm
Rocky Mountain National Park Live Webcams,https://www.nationalparkcam.com/rocky-mountain-webcam,link,Moraine Park Campground,https://www.nps.gov/romo/planyourvisit/mpcg.htm
Rocky Mountain National Park Live Webcams,https://www.nationalparkcam.com/rocky-mountain-webcam,link,Timber Creek Campground,https://www.nps.gov/romo/planyourvisit/tccg.htm
Rocky Mountain National Park Live Webcams,https://www.nationalparkcam.com/rocky-mountain-webcam,link,mailto:npcam012@gmail.com,mailto:npcam012@gmail.com
Rocky Mountain National Park Live Webcams,https://www.nationalparkcam.com/rocky-mountain-webcam,image,Image,https://lh3.googleusercontent.com/docsubipk/AP9E6xXQvCWpBjtRA0rkzF1YPiYRtHH9-F2oI5R5liWSyox-6Lx0DY9y7P5V-NwU28dWKLcsm450D9PUxUl17bMJAEuLN_M3LXp-7NVQCA_SVmLVB7ARN_t6wzGySDqArN4kGXz7wgEyktRsrmu4pv61jBiqb-fqCdOLLLo7pjZAaoPV0Zg13U9L-w8
Rocky Mountain National Park Live Webcams,https://www.nationalparkcam.com/rocky-mountain-webcam,image,Email,https://ssl.gstatic.com/atari/images/sociallinks/email_white_28dp.png
Rocky Mountain National Park Live Webcams,https://www.nationalparkcam.com/rocky-mountain-webcam,embed,Custom embed,google-sites-frame:23f550e30acca468_53
Rocky Mountain National Park Live Webcams,https://www.nationalparkcam.com/rocky-mountain-webcam,embed,Custom embed,google-sites-frame:58f41d93505f4cc_73
Rocky Mountain National Park Live Webcams,https://www.nationalparkcam.com/rocky-mountain-webcam,embed,"Map, Untitled Location","https://maps-api-ssl.google.com/maps?hl=en-US&ll=40.33154,-105.684623&output=embed&q=40.342881,-105.68367+(Untitled+Location)&z=11"
Rocky Mountain National Park Live Webcams,https://www.nationalparkcam.com/rocky-mountain-webcam,embed,Custom embed,google-sites-frame:58f41d93505f4cc_27
Rocky Mountain National Park Live Webcams,https://www.nationalparkcam.com/rocky-mountain-webcam,embed,Custom embed,google-sites-frame:58f41d93505f4cc_32
Rocky Mountain National Park Live Webcams,https://www.nationalparkcam.com/rocky-mountain-webcam,embed,Custom embed,google-sites-frame:58f41d93505f4cc_38
Rocky Mountain National Park Live Webcams,https://www.nationalparkcam.com/rocky-mountain-webcam,embed,Custom embed,google-sites-frame:58f41d93505f4cc_43
Rocky Mountain National Park Live Webcams,https://www.nationalparkcam.com/rocky-mountain-webcam,embed,Custom embed,google-sites-frame:58f41d93505f4cc_49
Rocky Mountain National Park Live Webcams,https://www.nationalparkcam.com/rocky-mountain-webcam,embed,Custom embed,google-sites-frame:58f41d93505f4cc_54
Rocky Mountain National Park Live Webcams,https://www.nationalparkcam.com/rocky-mountain-webcam,embed,Custom embed,google-sites-frame:2c6e05abb440a895_22
Saguaro National Park Guide,https://www.national-parks.us/saguaro-national-park,link,National Parks Guide,https://www.national-parks.us/
Saguaro National Park Guide,https://www.national-parks.us/saguaro-national-park,link,View cameras from other national parks,https://www.nationalparkcam.com/national-park-webcam-home
Saguaro National Park Guide,https://www.national-parks.us/saguaro-national-park,link,official NPS page,https://www.nps.gov/sagu/index.htm
Saguaro National Park Guide,https://www.national-parks.us/saguaro-national-park,link,park map,https://www.nps.gov/sagu/planyourvisit/maps.htm
Saguaro National Park Guide,https://www.national-parks.us/saguaro-national-park,link,NPS Hiking page,https://www.nps.gov/sagu/planyourvisit/saguaro_hiking.htm
Saguaro National Park Guide,https://www.national-parks.us/saguaro-national-park,link,NPS Camping page,https://www.nps.gov/sagu/planyourvisit/camping.htm
Saguaro National Park Guide,https://www.national-parks.us/saguaro-national-park,link,Plan Your Visit,https://www.nps.gov/sagu/planyourvisit/
Saguaro National Park Guide,https://www.national-parks.us/saguaro-national-park,link,Wikipedia,https://en.wikipedia.org/wiki/Saguaro_National_Park
Saguaro National Park Guide,https://www.national-parks.us/saguaro-national-park,embed,"Map, Saguaro National Park","https://maps-api-ssl.google.com/maps?hl=en-US&ll=32.25,-110.5&output=embed&q=32.25,-110.5+(Saguaro+National+Park)&z=9"
Shenandoah National Park Live Webcams,https://www.nationalparkcam.com/shenandoah-webcam,link,National Parks Webcams,https://www.nationalparkcam.com/national-park-webcam-home
Shenandoah National Park Live Webcams,https://www.nationalparkcam.com/shenandoah-webcam,link,Acadia Webcam,https://www.nationalparkcam.com/acadia-webcam
Shenandoah National Park Live Webcams,https://www.nationalparkcam.com/shenandoah-webcam,link,Arches Webcam,https://www.nationalparkcam.com/arches-webcam
Shenandoah National Park Live Webcams,https://www.nationalparkcam.com/shenandoah-webcam,link,Big Bend Webcam,https://www.nationalparkcam.com/big-bend-webcam
Shenandoah National Park Live Webcams,https://www.nationalparkcam.com/shenandoah-webcam,link,Black Canyon of the Gunnison Webcam,https://www.nationalparkcam.com/black-canyon-of-the-gunnison-webcam
Shenandoah National Park Live Webcams,https://www.nationalparkcam.com/shenandoah-webcam,link,Bryce Canyon Webcam,https://www.nationalparkcam.com/bryce-canyon-webcam
Shenandoah National Park Live Webcams,https://www.nationalparkcam.com/shenandoah-webcam,link,Channel Islands Webcam,https://www.nationalparkcam.com/channel-islands-webcam
Shenandoah National Park Live Webcams,https://www.nationalparkcam.com/shenandoah-webcam,link,Crater Lake Webcam,https://www.nationalparkcam.com/crater-lake-webcam
Shenandoah National Park Live Webcams,https://www.nationalparkcam.com/shenandoah-webcam,link,Denali Webcam,https://www.nationalparkcam.com/denali-webcam
Shenandoah National Park Live Webcams,https://www.nationalparkcam.com/shenandoah-webcam,link,Everglades Webcam,https://www.nationalparkcam.com/everglades-webcam
Shenandoah National Park Live Webcams,https://www.nationalparkcam.com/shenandoah-webcam,link,Glacier Bay Webcam,https://www.nationalparkcam.com/glacier-bay-webcam
Shenandoah National Park Live Webcams,https://www.nationalparkcam.com/shenandoah-webcam,link,Glacier Webcam,https://www.nationalparkcam.com/glacier-webcam
Shenandoah National Park Live Webcams,https://www.nationalparkcam.com/shenandoah-webcam,link,Grand Canyon Webcam,https://www.nationalparkcam.com/grand-canyon-webcam
Shenandoah National Park Live Webcams,https://www.nationalparkcam.com/shenandoah-webcam,link,Grand Tetons Webcam,https://www.nationalparkcam.com/grand-tetons-webcam
Shenandoah National Park Live Webcams,https://www.nationalparkcam.com/shenandoah-webcam,link,Great Smoky Mountains Webcam,https://www.nationalparkcam.com/great-smoky-mountains-webcam
Shenandoah National Park Live Webcams,https://www.nationalparkcam.com/shenandoah-webcam,link,Guadalupe Mountains Webcam,https://www.nationalparkcam.com/guadalupe-mountains-webcam
Shenandoah National Park Live Webcams,https://www.nationalparkcam.com/shenandoah-webcam,link,Haleakala Webcam,https://www.nationalparkcam.com/haleakala-webcam
Shenandoah National Park Live Webcams,https://www.nationalparkcam.com/shenandoah-webcam,link,Hawaii Volcanoes Webcam,https://www.nationalparkcam.com/hawaii-volcanoes-webcam
Shenandoah National Park Live Webcams,https://www.nationalparkcam.com/shenandoah-webcam,link,Isle Royale National Park Webcam,https://www.nationalparkcam.com/isle-royale-national-park-webcam
Shenandoah National Park Live Webcams,https://www.nationalparkcam.com/shenandoah-webcam,link,Joshua Tree Webcam,https://www.nationalparkcam.com/joshua-tree-webcam
Shenandoah National Park Live Webcams,https://www.nationalparkcam.com/shenandoah-webcam,link,Katmai Webcam,https://www.nationalparkcam.com/katmai-webcam
Shenandoah National Park Live Webcams,https://www.nationalparkcam.com/shenandoah-webcam,link,Kings Canyon Webcam,https://www.nationalparkcam.com/kings-canyon-webcam
Shenandoah National Park Live Webcams,https://www.nationalparkcam.com/shenandoah-webcam,link,Lassen Volcano Webcam,https://www.nationalparkcam.com/lassen-volcano-webcam
Shenandoah National Park Live Webcams,https://www.nationalparkcam.com/shenandoah-webcam,link,Mammoth Cave Webcam,https://www.nationalparkcam.com/mammoth-cave-webcam
Shenandoah National Park Live Webcams,https://www.nationalparkcam.com/shenandoah-webcam,link,Mount Rainier Webcam,https://www.nationalparkcam.com/mount-rainier-webcam
Shenandoah National Park Live Webcams,https://www.nationalparkcam.com/shenandoah-webcam,link,New River Gorge Webcam,https://www.nationalparkcam.com/new-river-gorge-webcam
Shenandoah National Park Live Webcams,https://www.nationalparkcam.com/shenandoah-webcam,link,North Cascades Webcam,https://www.nationalparkcam.com/north-cascades-webcam
Shenandoah National Park Live Webcams,https://www.nationalparkcam.com/shenandoah-webcam,link,Olympic Webcam,https://www.nationalparkcam.com/olympic-webcam
Shenandoah National Park Live Webcams,https://www.nationalparkcam.com/shenandoah-webcam,link,Petrified Forest Webcam,https://www.nationalparkcam.com/petrified-forest-webcam
Shenandoah National Park Live Webcams,https://www.nationalparkcam.com/shenandoah-webcam,link,Redwood National Park,https://www.nationalparkcam.com/redwood-national-park
Shenandoah National Park Live Webcams,https://www.nationalparkcam.com/shenandoah-webcam,link,Rocky Mountain Webcam,https://www.nationalparkcam.com/rocky-mountain-webcam
Shenandoah National Park Live Webcams,https://www.nationalparkcam.com/shenandoah-webcam,link,Shenandoah Webcam,https://www.nationalparkcam.com/shenandoah-webcam
Shenandoah National Park Live Webcams,https://www.nationalparkcam.com/shenandoah-webcam,link,Theodore Roosevelt Webcam,https://www.nationalparkcam.com/theodore-roosevelt-webcam
Shenandoah National Park Live Webcams,https://www.nationalparkcam.com/shenandoah-webcam,link,Virgin Islands Webcam,https://www.nationalparkcam.com/virgin-islands-webcam
Shenandoah National Park Live Webcams,https://www.nationalparkcam.com/shenandoah-webcam,link,Wrangell-St. Elias Webcam,https://www.nationalparkcam.com/wrangell-st-elias-webcam
Shenandoah National Park Live Webcams,https://www.nationalparkcam.com/shenandoah-webcam,link,Yellowstone Webcam,https://www.nationalparkcam.com/yellowstone-webcam
Shenandoah National Park Live Webcams,https://www.nationalparkcam.com/shenandoah-webcam,link,Yosemite Webcam,https://www.nationalparkcam.com/yosemite-webcam
Shenandoah National Park Live Webcams,https://www.nationalparkcam.com/shenandoah-webcam,link,Zion Webcam,https://www.nationalparkcam.com/zion-webcam
Shenandoah National Park Live Webcams,https://www.nationalparkcam.com/shenandoah-webcam,link,"Shenandoah National Park Just 75 miles from the bustle of Washington, D.C., Shenandoah National Park is a land bursting with cascading waterfalls, spectacular vistas, fields of wildflowers, and quiet wooded hollows. With over 200,000 acres of protected lands that are haven to deer, songbirds, and black bear, there ' s so much to explore...and your journey begins right here!",https://www.google.com/url?q=https%3A%2F%2Fwww.nps.gov%2Fshen%2Findex.htm&sa=D&sntz=1&usg=AOvVaw3WT1hr8LbxxY5us_4bcXRa
Shenandoah National Park Live Webcams,https://www.nationalparkcam.com/shenandoah-webcam,link,Wikipedia,https://en.wikipedia.org/wiki/Shenandoah_National_Park
Shenandoah National Park Live Webcams,https://www.nationalparkcam.com/shenandoah-webcam,link,NPS site,https://www.nps.gov/shen/planyourvisit/hikes-long.htm
Shenandoah National Park Live Webcams,https://www.nationalparkcam.com/shenandoah-webcam,link,Old Rag Loop Trail,https://www.nps.gov/thingstodo/old-rag-circuit.htm
Shenandoah National Park Live Webcams,https://www.nationalparkcam.com/shenandoah-webcam,link,Permits,https://www.nps.gov/shen/planyourvisit/faqs-oldrag.htm
Shenandoah National Park Live Webcams,https://www.nationalparkcam.com/shenandoah-webcam,link,details here,https://www.nps.gov/shen/planyourvisit/upload/SHEN_BCTrip-Whiteoak_Canyon_and_Cedar_Run_short_option_S029-508.pdf
Shenandoah National Park Live Webcams,https://www.nationalparkcam.com/shenandoah-webcam,link,Hawksbill Summit Trail i,https://www.nps.gov/thingstodo/hawksbill-loop.htm
Shenandoah National Park Live Webcams,https://www.nationalparkcam.com/shenandoah-webcam,link,Rose River Loop Trail,https://www.nps.gov/thingstodo/rose-river-falls.htm
Shenandoah National Park Live Webcams,https://www.nationalparkcam.com/shenandoah-webcam,link,recreation.gov,https://www.recreation.gov/permits/4675336
Shenandoah National Park Live Webcams,https://www.nationalparkcam.com/shenandoah-webcam,link,NPS backpacking site,https://www.nps.gov/shen/planyourvisit/backcountry-regulations.htm
Shenandoah National Park Live Webcams,https://www.nationalparkcam.com/shenandoah-webcam,link,The Riprap - Wildcat Ridge,https://www.nps.gov/shen/planyourvisit/upload/SHEN_BCTrip-Riprap_and_Wildcat_E033-508.pdf
Shenandoah National Park Live Webcams,https://www.nationalparkcam.com/shenandoah-webcam,link,"The Hannah, Hot-Short, and Catlett trail",https://www.nps.gov/shen/planyourvisit/upload/SHEN_BCTrip-Hannah_Hot-Short_and_Catlett_S028-508.pdf
Shenandoah National Park Live Webcams,https://www.nationalparkcam.com/shenandoah-webcam,link,The Hawksbill to Swift Run via Laurel Prong,https://www.nps.gov/shen/planyourvisit/upload/SHEN_BCTrip-Hawksbill_to_Swift_Run_via_Laurel_Prong_B022-508.pdf
Shenandoah National Park Live Webcams,https://www.nationalparkcam.com/shenandoah-webcam,link,The Loft Mountain and Jones Run,https://www.nps.gov/shen/planyourvisit/upload/SHEN_BCTrip-Loft_Mountain_and_Jones_Run_9_miles_B018-508.pdf
Shenandoah National Park Live Webcams,https://www.nationalparkcam.com/shenandoah-webcam,link,Fishing,https://www.nps.gov/shen/planyourvisit/fishing.htm
Shenandoah National Park Live Webcams,https://www.nationalparkcam.com/shenandoah-webcam,link,NPS brochure,https://www.nps.gov/shen/planyourvisit/upload/FishingRegulations.pdf
Shenandoah National Park Live Webcams,https://www.nationalparkcam.com/shenandoah-webcam,link,Skyline Drive,https://www.nps.gov/shen/planyourvisit/driving-skyline-drive.htm
Shenandoah National Park Live Webcams,https://www.nationalparkcam.com/shenandoah-webcam,link,NPS site,https://www.nps.gov/shen/planyourvisit/campgrounds.htm
Shenandoah National Park Live Webcams,https://www.nationalparkcam.com/shenandoah-webcam,link,recreation.gov,https://www.recreation.gov/camping/gateways/2933
Shenandoah National Park Live Webcams,https://www.nationalparkcam.com/shenandoah-webcam,link,Mathews Arm Campground,https://www.nps.gov/shen/planyourvisit/mathews-arm-campground.htm
Shenandoah National Park Live Webcams,https://www.nationalparkcam.com/shenandoah-webcam,link,Big Meadows Campground,https://www.nps.gov/shen/planyourvisit/big-meadows-campground.htm
Shenandoah National Park Live Webcams,https://www.nationalparkcam.com/shenandoah-webcam,link,Lewis Mountain Campground,https://www.nps.gov/shen/planyourvisit/lewis-mountain-campground.htm
Shenandoah National Park Live Webcams,https://www.nationalparkcam.com/shenandoah-webcam,link,Loft Mountain Campground,https://www.nps.gov/shen/planyourvisit/loft-mountain-campground.htm
Shenandoah National Park Live Webcams,https://www.nationalparkcam.com/shenandoah-webcam,link,Skyland Lodge,https://www.goshenandoah.com/lodging/skyland?utm_source=nps.gov&utm_campaign=nps&utm_medium=referral
Shenandoah National Park Live Webcams,https://www.nationalparkcam.com/shenandoah-webcam,link,Big Meadows Lodge,https://www.goshenandoah.com/lodging/big-meadows-lodge?utm_source=nps.gov&utm_campaign=nps&utm_medium=referral
Shenandoah National Park Live Webcams,https://www.nationalparkcam.com/shenandoah-webcam,link,Lewis Mountain Cabins,https://www.goshenandoah.com/lodging/lewis-mountain-cabins?utm_source=nps.gov&utm_campaign=nps&utm_medium=referralhttp://
Shenandoah National Park Live Webcams,https://www.nationalparkcam.com/shenandoah-webcam,link,The Potomac Appalachian Trail Club,https://www.patc.net/
Shenandoah National Park Live Webcams,https://www.nationalparkcam.com/shenandoah-webcam,link,online reservations,https://www.patc.net/PATC/Cabins/PATC/Cabins/Cabins.aspx?hkey=104614a0-709d-4073-958f-9f7006c0730d
Shenandoah National Park Live Webcams,https://www.nationalparkcam.com/shenandoah-webcam,link,Elkwallow Wayside,https://www.goshenandoah.com/dining/food-groceries
Shenandoah National Park Live Webcams,https://www.nationalparkcam.com/shenandoah-webcam,link,Skyland,https://www.goshenandoah.com/dining/skyland
Shenandoah National Park Live Webcams,https://www.nationalparkcam.com/shenandoah-webcam,link,Big Meadows Lodge,https://www.goshenandoah.com/dining/big-meadows-lodge
Shenandoah National Park Live Webcams,https://www.nationalparkcam.com/shenandoah-webcam,link,mailto:npcam012@gmail.com,mailto:npcam012@gmail.com
Shenandoah National Park Live Webcams,https://www.nationalparkcam.com/shenandoah-webcam,image,Image,https://lh3.googleusercontent.com/docsubipk/AP9E6xV5KRTHGVmPz6lEpYZVHHNGKpHDD0K6wMpgZOi7pTzaNXxm66VUqpiHMJNkx5Qwa5-Yy97hTrGDC2xTzvSjBHAJXZcYlMMlPaLHZHmJIAVzPDd4azJmSA8uiFFa-0_HyAvtXqKcyfFC48Zi6s2Q2isk_ipLtjCozFlLbmPjVRmyKhNe-YjftHg
Shenandoah National Park Live Webcams,https://www.nationalparkcam.com/shenandoah-webcam,image,Email,https://ssl.gstatic.com/atari/images/sociallinks/email_white_28dp.png
Shenandoah National Park Live Webcams,https://www.nationalparkcam.com/shenandoah-webcam,embed,Custom embed,google-sites-frame:23f550e30acca468_57
Shenandoah National Park Live Webcams,https://www.nationalparkcam.com/shenandoah-webcam,embed,Custom embed,google-sites-frame:6ef804000c870f2a_64
Shenandoah National Park Live Webcams,https://www.nationalparkcam.com/shenandoah-webcam,embed,"Map, Untitled Location","https://maps-api-ssl.google.com/maps?hl=en-US&ll=38.539969,-78.104065&output=embed&q=38.521706,-78.36499+(Untitled+Location)&z=9"
Shenandoah National Park Live Webcams,https://www.nationalparkcam.com/shenandoah-webcam,embed,Custom embed,google-sites-frame:6ef804000c870f2a_23
Shenandoah National Park Live Webcams,https://www.nationalparkcam.com/shenandoah-webcam,embed,Custom embed,google-sites-frame:6ef804000c870f2a_28
Theodore Roosevelt National Park Live Webcams,https://www.nationalparkcam.com/theodore-roosevelt-webcam,link,National Parks Webcams,https://www.nationalparkcam.com/national-park-webcam-home
Theodore Roosevelt National Park Live Webcams,https://www.nationalparkcam.com/theodore-roosevelt-webcam,link,Acadia Webcam,https://www.nationalparkcam.com/acadia-webcam
Theodore Roosevelt National Park Live Webcams,https://www.nationalparkcam.com/theodore-roosevelt-webcam,link,Arches Webcam,https://www.nationalparkcam.com/arches-webcam
Theodore Roosevelt National Park Live Webcams,https://www.nationalparkcam.com/theodore-roosevelt-webcam,link,Big Bend Webcam,https://www.nationalparkcam.com/big-bend-webcam
Theodore Roosevelt National Park Live Webcams,https://www.nationalparkcam.com/theodore-roosevelt-webcam,link,Black Canyon of the Gunnison Webcam,https://www.nationalparkcam.com/black-canyon-of-the-gunnison-webcam
Theodore Roosevelt National Park Live Webcams,https://www.nationalparkcam.com/theodore-roosevelt-webcam,link,Bryce Canyon Webcam,https://www.nationalparkcam.com/bryce-canyon-webcam
Theodore Roosevelt National Park Live Webcams,https://www.nationalparkcam.com/theodore-roosevelt-webcam,link,Channel Islands Webcam,https://www.nationalparkcam.com/channel-islands-webcam
Theodore Roosevelt National Park Live Webcams,https://www.nationalparkcam.com/theodore-roosevelt-webcam,link,Crater Lake Webcam,https://www.nationalparkcam.com/crater-lake-webcam
Theodore Roosevelt National Park Live Webcams,https://www.nationalparkcam.com/theodore-roosevelt-webcam,link,Denali Webcam,https://www.nationalparkcam.com/denali-webcam
Theodore Roosevelt National Park Live Webcams,https://www.nationalparkcam.com/theodore-roosevelt-webcam,link,Everglades Webcam,https://www.nationalparkcam.com/everglades-webcam
Theodore Roosevelt National Park Live Webcams,https://www.nationalparkcam.com/theodore-roosevelt-webcam,link,Glacier Bay Webcam,https://www.nationalparkcam.com/glacier-bay-webcam
Theodore Roosevelt National Park Live Webcams,https://www.nationalparkcam.com/theodore-roosevelt-webcam,link,Glacier Webcam,https://www.nationalparkcam.com/glacier-webcam
Theodore Roosevelt National Park Live Webcams,https://www.nationalparkcam.com/theodore-roosevelt-webcam,link,Grand Canyon Webcam,https://www.nationalparkcam.com/grand-canyon-webcam
Theodore Roosevelt National Park Live Webcams,https://www.nationalparkcam.com/theodore-roosevelt-webcam,link,Grand Tetons Webcam,https://www.nationalparkcam.com/grand-tetons-webcam
Theodore Roosevelt National Park Live Webcams,https://www.nationalparkcam.com/theodore-roosevelt-webcam,link,Great Smoky Mountains Webcam,https://www.nationalparkcam.com/great-smoky-mountains-webcam
Theodore Roosevelt National Park Live Webcams,https://www.nationalparkcam.com/theodore-roosevelt-webcam,link,Guadalupe Mountains Webcam,https://www.nationalparkcam.com/guadalupe-mountains-webcam
Theodore Roosevelt National Park Live Webcams,https://www.nationalparkcam.com/theodore-roosevelt-webcam,link,Haleakala Webcam,https://www.nationalparkcam.com/haleakala-webcam
Theodore Roosevelt National Park Live Webcams,https://www.nationalparkcam.com/theodore-roosevelt-webcam,link,Hawaii Volcanoes Webcam,https://www.nationalparkcam.com/hawaii-volcanoes-webcam
Theodore Roosevelt National Park Live Webcams,https://www.nationalparkcam.com/theodore-roosevelt-webcam,link,Isle Royale National Park Webcam,https://www.nationalparkcam.com/isle-royale-national-park-webcam
Theodore Roosevelt National Park Live Webcams,https://www.nationalparkcam.com/theodore-roosevelt-webcam,link,Joshua Tree Webcam,https://www.nationalparkcam.com/joshua-tree-webcam
Theodore Roosevelt National Park Live Webcams,https://www.nationalparkcam.com/theodore-roosevelt-webcam,link,Katmai Webcam,https://www.nationalparkcam.com/katmai-webcam
Theodore Roosevelt National Park Live Webcams,https://www.nationalparkcam.com/theodore-roosevelt-webcam,link,Kings Canyon Webcam,https://www.nationalparkcam.com/kings-canyon-webcam
Theodore Roosevelt National Park Live Webcams,https://www.nationalparkcam.com/theodore-roosevelt-webcam,link,Lassen Volcano Webcam,https://www.nationalparkcam.com/lassen-volcano-webcam
Theodore Roosevelt National Park Live Webcams,https://www.nationalparkcam.com/theodore-roosevelt-webcam,link,Mammoth Cave Webcam,https://www.nationalparkcam.com/mammoth-cave-webcam
Theodore Roosevelt National Park Live Webcams,https://www.nationalparkcam.com/theodore-roosevelt-webcam,link,Mount Rainier Webcam,https://www.nationalparkcam.com/mount-rainier-webcam
Theodore Roosevelt National Park Live Webcams,https://www.nationalparkcam.com/theodore-roosevelt-webcam,link,New River Gorge Webcam,https://www.nationalparkcam.com/new-river-gorge-webcam
Theodore Roosevelt National Park Live Webcams,https://www.nationalparkcam.com/theodore-roosevelt-webcam,link,North Cascades Webcam,https://www.nationalparkcam.com/north-cascades-webcam
Theodore Roosevelt National Park Live Webcams,https://www.nationalparkcam.com/theodore-roosevelt-webcam,link,Olympic Webcam,https://www.nationalparkcam.com/olympic-webcam
Theodore Roosevelt National Park Live Webcams,https://www.nationalparkcam.com/theodore-roosevelt-webcam,link,Petrified Forest Webcam,https://www.nationalparkcam.com/petrified-forest-webcam
Theodore Roosevelt National Park Live Webcams,https://www.nationalparkcam.com/theodore-roosevelt-webcam,link,Redwood National Park,https://www.nationalparkcam.com/redwood-national-park
Theodore Roosevelt National Park Live Webcams,https://www.nationalparkcam.com/theodore-roosevelt-webcam,link,Rocky Mountain Webcam,https://www.nationalparkcam.com/rocky-mountain-webcam
Theodore Roosevelt National Park Live Webcams,https://www.nationalparkcam.com/theodore-roosevelt-webcam,link,Shenandoah Webcam,https://www.nationalparkcam.com/shenandoah-webcam
Theodore Roosevelt National Park Live Webcams,https://www.nationalparkcam.com/theodore-roosevelt-webcam,link,Theodore Roosevelt Webcam,https://www.nationalparkcam.com/theodore-roosevelt-webcam
Theodore Roosevelt National Park Live Webcams,https://www.nationalparkcam.com/theodore-roosevelt-webcam,link,Virgin Islands Webcam,https://www.nationalparkcam.com/virgin-islands-webcam
Theodore Roosevelt National Park Live Webcams,https://www.nationalparkcam.com/theodore-roosevelt-webcam,link,Wrangell-St. Elias Webcam,https://www.nationalparkcam.com/wrangell-st-elias-webcam
Theodore Roosevelt National Park Live Webcams,https://www.nationalparkcam.com/theodore-roosevelt-webcam,link,Yellowstone Webcam,https://www.nationalparkcam.com/yellowstone-webcam
Theodore Roosevelt National Park Live Webcams,https://www.nationalparkcam.com/theodore-roosevelt-webcam,link,Yosemite Webcam,https://www.nationalparkcam.com/yosemite-webcam
Theodore Roosevelt National Park Live Webcams,https://www.nationalparkcam.com/theodore-roosevelt-webcam,link,Zion Webcam,https://www.nationalparkcam.com/zion-webcam
Theodore Roosevelt National Park Live Webcams,https://www.nationalparkcam.com/theodore-roosevelt-webcam,link,"Theodore Roosevelt National Park When Theodore Roosevelt came to Dakota Territory to hunt bison in 1883, he was a skinny, young, spectacled dude from New York. He could not have imagined how his adventure in this remote and unfamiliar place would forever alter the course of the nation. The rugged landscape and strenuous life that TR experienced here would help shape a conservation policy that we still benefit from today.",https://www.google.com/url?q=https%3A%2F%2Fwww.nps.gov%2Fthro%2Findex.htm&sa=D&sntz=1&usg=AOvVaw2DWhozfAyYM9aO_PuHE2nc
Theodore Roosevelt National Park Live Webcams,https://www.nationalparkcam.com/theodore-roosevelt-webcam,link,wikipedia site,https://en.wikipedia.org/wiki/Theodore_Roosevelt_National_Park
Theodore Roosevelt National Park Live Webcams,https://www.nationalparkcam.com/theodore-roosevelt-webcam,link,NPS website,https://www.nps.gov/thro/planyourvisit/maps.htm
Theodore Roosevelt National Park Live Webcams,https://www.nationalparkcam.com/theodore-roosevelt-webcam,link,NPS site,https://www.nps.gov/thro/planyourvisit/hiking-and-trail-information.htm
Theodore Roosevelt National Park Live Webcams,https://www.nationalparkcam.com/theodore-roosevelt-webcam,link,online,https://www.nps.gov/thro/planyourvisit/caprock-coulee-nature-trail.htm
Theodore Roosevelt National Park Live Webcams,https://www.nationalparkcam.com/theodore-roosevelt-webcam,link,online,https://www.nps.gov/thro/planyourvisit/upload/Ridgeline-508.pdf
Theodore Roosevelt National Park Live Webcams,https://www.nationalparkcam.com/theodore-roosevelt-webcam,link,permit,https://www.nps.gov/thro/planyourvisit/backcountry-camping.htm
Theodore Roosevelt National Park Live Webcams,https://www.nationalparkcam.com/theodore-roosevelt-webcam,link,Shoptrha.org,https://shoptrnha.org/
Theodore Roosevelt National Park Live Webcams,https://www.nationalparkcam.com/theodore-roosevelt-webcam,link,NPS site,https://www.nps.gov/thro/planyourvisit/canoeing-kayaking.htm
Theodore Roosevelt National Park Live Webcams,https://www.nationalparkcam.com/theodore-roosevelt-webcam,link,Cottonwood Campground,https://www.nps.gov/thro/planyourvisit/cottonwood-campground.htm
Theodore Roosevelt National Park Live Webcams,https://www.nationalparkcam.com/theodore-roosevelt-webcam,link,recreation.gov,https://www.recreation.gov/camping/gateways/2949
Theodore Roosevelt National Park Live Webcams,https://www.nationalparkcam.com/theodore-roosevelt-webcam,link,Juniper Campground,https://www.nps.gov/thro/planyourvisit/juniper-campground.htm
Theodore Roosevelt National Park Live Webcams,https://www.nationalparkcam.com/theodore-roosevelt-webcam,link,reserved,https://www.recreation.gov/camping/gateways/2949
Theodore Roosevelt National Park Live Webcams,https://www.nationalparkcam.com/theodore-roosevelt-webcam,link,Roundup Group Horse Camp,https://www.nps.gov/thro/planyourvisit/roundup-group-horse-campground.htm
Theodore Roosevelt National Park Live Webcams,https://www.nationalparkcam.com/theodore-roosevelt-webcam,link,mailto:npcam012@gmail.com,mailto:npcam012@gmail.com
Theodore Roosevelt National Park Live Webcams,https://www.nationalparkcam.com/theodore-roosevelt-webcam,image,Image,https://lh3.googleusercontent.com/docsubipk/AP9E6xXuFgnzqT8hMNjh7YLhkDpAR27tWnzN_aL5z5N0FcLm4DcdiKqDj18Yx3Bq7p8Hes66Y5x26nQKpr37Xw6d3Z41e38Fk58cj3--m3IpK1VJ67IVbAcUdOCytmkAdc-n9JGosVAukHENeP5z42rW59uDgjMtjd-RkOLQl9SgQi7GoO47G5anGjU
Theodore Roosevelt National Park Live Webcams,https://www.nationalparkcam.com/theodore-roosevelt-webcam,image,Email,https://ssl.gstatic.com/atari/images/sociallinks/email_white_28dp.png
Theodore Roosevelt National Park Live Webcams,https://www.nationalparkcam.com/theodore-roosevelt-webcam,embed,Custom embed,google-sites-frame:23f550e30acca468_61
Theodore Roosevelt National Park Live Webcams,https://www.nationalparkcam.com/theodore-roosevelt-webcam,embed,Custom embed,google-sites-frame:3c9993144d343fa9_8
Theodore Roosevelt National Park Live Webcams,https://www.nationalparkcam.com/theodore-roosevelt-webcam,embed,"Map, Untitled Location","https://maps-api-ssl.google.com/maps?hl=en-US&ll=46.938661,-103.430389&output=embed&q=46.980252,-103.540649+(Untitled+Location)&z=9"
Theodore Roosevelt National Park Live Webcams,https://www.nationalparkcam.com/theodore-roosevelt-webcam,embed,Custom embed,google-sites-frame:6ef804000c870f2a_99
Virgin Islands National Park Live Webcams,https://www.nationalparkcam.com/virgin-islands-webcam,link,National Parks Webcams,https://www.nationalparkcam.com/national-park-webcam-home
Virgin Islands National Park Live Webcams,https://www.nationalparkcam.com/virgin-islands-webcam,link,Acadia Webcam,https://www.nationalparkcam.com/acadia-webcam
Virgin Islands National Park Live Webcams,https://www.nationalparkcam.com/virgin-islands-webcam,link,Arches Webcam,https://www.nationalparkcam.com/arches-webcam
Virgin Islands National Park Live Webcams,https://www.nationalparkcam.com/virgin-islands-webcam,link,Big Bend Webcam,https://www.nationalparkcam.com/big-bend-webcam
Virgin Islands National Park Live Webcams,https://www.nationalparkcam.com/virgin-islands-webcam,link,Black Canyon of the Gunnison Webcam,https://www.nationalparkcam.com/black-canyon-of-the-gunnison-webcam
Virgin Islands National Park Live Webcams,https://www.nationalparkcam.com/virgin-islands-webcam,link,Bryce Canyon Webcam,https://www.nationalparkcam.com/bryce-canyon-webcam
Virgin Islands National Park Live Webcams,https://www.nationalparkcam.com/virgin-islands-webcam,link,Channel Islands Webcam,https://www.nationalparkcam.com/channel-islands-webcam
Virgin Islands National Park Live Webcams,https://www.nationalparkcam.com/virgin-islands-webcam,link,Crater Lake Webcam,https://www.nationalparkcam.com/crater-lake-webcam
Virgin Islands National Park Live Webcams,https://www.nationalparkcam.com/virgin-islands-webcam,link,Denali Webcam,https://www.nationalparkcam.com/denali-webcam
Virgin Islands National Park Live Webcams,https://www.nationalparkcam.com/virgin-islands-webcam,link,Everglades Webcam,https://www.nationalparkcam.com/everglades-webcam
Virgin Islands National Park Live Webcams,https://www.nationalparkcam.com/virgin-islands-webcam,link,Glacier Bay Webcam,https://www.nationalparkcam.com/glacier-bay-webcam
Virgin Islands National Park Live Webcams,https://www.nationalparkcam.com/virgin-islands-webcam,link,Glacier Webcam,https://www.nationalparkcam.com/glacier-webcam
Virgin Islands National Park Live Webcams,https://www.nationalparkcam.com/virgin-islands-webcam,link,Grand Canyon Webcam,https://www.nationalparkcam.com/grand-canyon-webcam
Virgin Islands National Park Live Webcams,https://www.nationalparkcam.com/virgin-islands-webcam,link,Grand Tetons Webcam,https://www.nationalparkcam.com/grand-tetons-webcam
Virgin Islands National Park Live Webcams,https://www.nationalparkcam.com/virgin-islands-webcam,link,Great Smoky Mountains Webcam,https://www.nationalparkcam.com/great-smoky-mountains-webcam
Virgin Islands National Park Live Webcams,https://www.nationalparkcam.com/virgin-islands-webcam,link,Guadalupe Mountains Webcam,https://www.nationalparkcam.com/guadalupe-mountains-webcam
Virgin Islands National Park Live Webcams,https://www.nationalparkcam.com/virgin-islands-webcam,link,Haleakala Webcam,https://www.nationalparkcam.com/haleakala-webcam
Virgin Islands National Park Live Webcams,https://www.nationalparkcam.com/virgin-islands-webcam,link,Hawaii Volcanoes Webcam,https://www.nationalparkcam.com/hawaii-volcanoes-webcam
Virgin Islands National Park Live Webcams,https://www.nationalparkcam.com/virgin-islands-webcam,link,Isle Royale National Park Webcam,https://www.nationalparkcam.com/isle-royale-national-park-webcam
Virgin Islands National Park Live Webcams,https://www.nationalparkcam.com/virgin-islands-webcam,link,Joshua Tree Webcam,https://www.nationalparkcam.com/joshua-tree-webcam
Virgin Islands National Park Live Webcams,https://www.nationalparkcam.com/virgin-islands-webcam,link,Katmai Webcam,https://www.nationalparkcam.com/katmai-webcam
Virgin Islands National Park Live Webcams,https://www.nationalparkcam.com/virgin-islands-webcam,link,Kings Canyon Webcam,https://www.nationalparkcam.com/kings-canyon-webcam
Virgin Islands National Park Live Webcams,https://www.nationalparkcam.com/virgin-islands-webcam,link,Lassen Volcano Webcam,https://www.nationalparkcam.com/lassen-volcano-webcam
Virgin Islands National Park Live Webcams,https://www.nationalparkcam.com/virgin-islands-webcam,link,Mammoth Cave Webcam,https://www.nationalparkcam.com/mammoth-cave-webcam
Virgin Islands National Park Live Webcams,https://www.nationalparkcam.com/virgin-islands-webcam,link,Mount Rainier Webcam,https://www.nationalparkcam.com/mount-rainier-webcam
Virgin Islands National Park Live Webcams,https://www.nationalparkcam.com/virgin-islands-webcam,link,New River Gorge Webcam,https://www.nationalparkcam.com/new-river-gorge-webcam
Virgin Islands National Park Live Webcams,https://www.nationalparkcam.com/virgin-islands-webcam,link,North Cascades Webcam,https://www.nationalparkcam.com/north-cascades-webcam
Virgin Islands National Park Live Webcams,https://www.nationalparkcam.com/virgin-islands-webcam,link,Olympic Webcam,https://www.nationalparkcam.com/olympic-webcam
Virgin Islands National Park Live Webcams,https://www.nationalparkcam.com/virgin-islands-webcam,link,Petrified Forest Webcam,https://www.nationalparkcam.com/petrified-forest-webcam
Virgin Islands National Park Live Webcams,https://www.nationalparkcam.com/virgin-islands-webcam,link,Redwood National Park,https://www.nationalparkcam.com/redwood-national-park
Virgin Islands National Park Live Webcams,https://www.nationalparkcam.com/virgin-islands-webcam,link,Rocky Mountain Webcam,https://www.nationalparkcam.com/rocky-mountain-webcam
Virgin Islands National Park Live Webcams,https://www.nationalparkcam.com/virgin-islands-webcam,link,Shenandoah Webcam,https://www.nationalparkcam.com/shenandoah-webcam
Virgin Islands National Park Live Webcams,https://www.nationalparkcam.com/virgin-islands-webcam,link,Theodore Roosevelt Webcam,https://www.nationalparkcam.com/theodore-roosevelt-webcam
Virgin Islands National Park Live Webcams,https://www.nationalparkcam.com/virgin-islands-webcam,link,Virgin Islands Webcam,https://www.nationalparkcam.com/virgin-islands-webcam
Virgin Islands National Park Live Webcams,https://www.nationalparkcam.com/virgin-islands-webcam,link,Wrangell-St. Elias Webcam,https://www.nationalparkcam.com/wrangell-st-elias-webcam
Virgin Islands National Park Live Webcams,https://www.nationalparkcam.com/virgin-islands-webcam,link,Yellowstone Webcam,https://www.nationalparkcam.com/yellowstone-webcam
Virgin Islands National Park Live Webcams,https://www.nationalparkcam.com/virgin-islands-webcam,link,Yosemite Webcam,https://www.nationalparkcam.com/yosemite-webcam
Virgin Islands National Park Live Webcams,https://www.nationalparkcam.com/virgin-islands-webcam,link,Zion Webcam,https://www.nationalparkcam.com/zion-webcam
Virgin Islands National Park Live Webcams,https://www.nationalparkcam.com/virgin-islands-webcam,link,Virgin Islands National Park,https://www.google.com/url?q=https%3A%2F%2Fwww.nps.gov%2Fviis%2Findex.htm&sa=D&sntz=1&usg=AOvVaw2cmuXmHtQsCEs1pk3YA-fi
Virgin Islands National Park Live Webcams,https://www.nationalparkcam.com/virgin-islands-webcam,link,wikipedia page,https://en.wikipedia.org/wiki/Virgin_Islands_National_Park
Virgin Islands National Park Live Webcams,https://www.nationalparkcam.com/virgin-islands-webcam,link,map,https://www.nps.gov/viis/planyourvisit/maps.htm
Virgin Islands National Park Live Webcams,https://www.nationalparkcam.com/virgin-islands-webcam,link,NPS site.,https://www.nps.gov/viis/planyourvisit/hiking-in-viis.htm
Virgin Islands National Park Live Webcams,https://www.nationalparkcam.com/virgin-islands-webcam,link,site,https://www.nps.gov/viis/planyourvisit/snorkeling.htm
Virgin Islands National Park Live Webcams,https://www.nationalparkcam.com/virgin-islands-webcam,link,website,https://www.cinnamonbayvi.com/
Virgin Islands National Park Live Webcams,https://www.nationalparkcam.com/virgin-islands-webcam,link,mailto:npcam012@gmail.com,mailto:npcam012@gmail.com
Virgin Islands National Park Live Webcams,https://www.nationalparkcam.com/virgin-islands-webcam,image,Image,https://lh3.googleusercontent.com/docsubipk/AP9E6xUa__B6lb1DGV0OhNLfZSKQejptW9g0-AWbKMcIw4k5dnT3tJmY_tNCdRr2EvOO0e9PAyf29exbxYr04uNYV4jpV1bThty_7-YXjt33LF5KZuGFkt0bSM02sceG-97C81-6g6MmLfR7ifiIxwIeB2xvVKKczTQiINqdwHjZ86payOWp-6UJlP8
Virgin Islands National Park Live Webcams,https://www.nationalparkcam.com/virgin-islands-webcam,image,Email,https://ssl.gstatic.com/atari/images/sociallinks/email_white_28dp.png
Virgin Islands National Park Live Webcams,https://www.nationalparkcam.com/virgin-islands-webcam,embed,Custom embed,google-sites-frame:3135f076b51b83e6_0
Virgin Islands National Park Live Webcams,https://www.nationalparkcam.com/virgin-islands-webcam,embed,Custom embed,google-sites-frame:3c9993144d343fa9_57
Virgin Islands National Park Live Webcams,https://www.nationalparkcam.com/virgin-islands-webcam,embed,"Map, Untitled Location","https://maps-api-ssl.google.com/maps?hl=en-US&ll=18.338547,-64.771223&output=embed&q=18.343609,-64.750156+(Untitled+Location)&z=13"
Virgin Islands National Park Live Webcams,https://www.nationalparkcam.com/virgin-islands-webcam,embed,"YouTube Video, Windswept Point live Webcam on Cinnamon, Maho, and Francis Bays USVI National Park",https://www.youtube.com/embed/C0e8bpZ-5WY?embed_config=%7B%22enc%22:%22AXH1ezkfMb9FqeL2eyACQgOSvTbVUvMubz6Kj3YagFXrNt9oUdZv6aAkuRZntOSwmACrihQSaqyhBAbcOrTukxJZp-MmZj28AUmjAdgR4kSlxyfGfBxBmPe3WUSYTf1dqXTVS3-vsPgRnBbQ3zwVwtHYN_U2ukOUe5zZAr0nGjQaN1y9%22%7D&errorlinks=1
Voyageurs National Park Guide,https://www.national-parks.us/voyageurs-national-park,link,National Parks Guide,https://www.national-parks.us/
Voyageurs National Park Guide,https://www.national-parks.us/voyageurs-national-park,link,View cameras from other national parks,https://www.nationalparkcam.com/national-park-webcam-home
Voyageurs National Park Guide,https://www.national-parks.us/voyageurs-national-park,link,official NPS page,https://www.nps.gov/voya/index.htm
Voyageurs National Park Guide,https://www.national-parks.us/voyageurs-national-park,link,park map,https://www.nps.gov/voya/planyourvisit/maps.htm
Voyageurs National Park Guide,https://www.national-parks.us/voyageurs-national-park,link,NPS Maps page,https://www.nps.gov/voya/planyourvisit/maps.htm
Voyageurs National Park Guide,https://www.national-parks.us/voyageurs-national-park,link,NPS Camping page,https://www.nps.gov/voya/planyourvisit/camping.htm
Voyageurs National Park Guide,https://www.national-parks.us/voyageurs-national-park,link,Permits and Reservations,https://www.nps.gov/voya/planyourvisit/permitsandreservations.htm
Voyageurs National Park Guide,https://www.national-parks.us/voyageurs-national-park,link,Things To Do,https://www.nps.gov/voya/planyourvisit/things2do.htm
Voyageurs National Park Guide,https://www.national-parks.us/voyageurs-national-park,link,Wikipedia,https://en.wikipedia.org/wiki/Voyageurs_National_Park
Voyageurs National Park Guide,https://www.national-parks.us/voyageurs-national-park,embed,"Map, Voyageurs National Park","https://maps-api-ssl.google.com/maps?hl=en-US&ll=48.5,-92.88&output=embed&q=48.5,-92.88+(Voyageurs+National+Park)&z=9"
White Sands National Park Guide,https://www.national-parks.us/white-sands-national-park,link,National Parks Guide,https://www.national-parks.us/
White Sands National Park Guide,https://www.national-parks.us/white-sands-national-park,link,View cameras from other national parks,https://www.nationalparkcam.com/national-park-webcam-home
White Sands National Park Guide,https://www.national-parks.us/white-sands-national-park,link,official NPS page,https://www.nps.gov/whsa/index.htm
White Sands National Park Guide,https://www.national-parks.us/white-sands-national-park,link,park map,https://www.nps.gov/whsa/planyourvisit/maps.htm
White Sands National Park Guide,https://www.national-parks.us/white-sands-national-park,link,NPS Hiking page,https://www.nps.gov/whsa/planyourvisit/trails.htm
White Sands National Park Guide,https://www.national-parks.us/white-sands-national-park,link,NPS Permits and Reservations page,https://www.nps.gov/whsa/planyourvisit/permitsandreservations.htm
White Sands National Park Guide,https://www.national-parks.us/white-sands-national-park,link,NPS Eating and Sleeping page,https://www.nps.gov/whsa/planyourvisit/eatingsleeping.htm
White Sands National Park Guide,https://www.national-parks.us/white-sands-national-park,link,current park conditions,https://www.nps.gov/whsa/planyourvisit/conditions.htm
White Sands National Park Guide,https://www.national-parks.us/white-sands-national-park,link,Wikipedia,https://en.wikipedia.org/wiki/White_Sands_National_Park
White Sands National Park Guide,https://www.national-parks.us/white-sands-national-park,embed,"Map, White Sands National Park","https://maps-api-ssl.google.com/maps?hl=en-US&ll=32.78,-106.17&output=embed&q=32.78,-106.17+(White+Sands+National+Park)&z=10"
Wind Cave National Park Guide,https://www.national-parks.us/wind-cave-national-park,link,National Parks Guide,https://www.national-parks.us/
Wind Cave National Park Guide,https://www.national-parks.us/wind-cave-national-park,link,View cameras from other national parks,https://www.nationalparkcam.com/national-park-webcam-home
Wind Cave National Park Guide,https://www.national-parks.us/wind-cave-national-park,link,official NPS page,https://www.nps.gov/wica/index.htm
Wind Cave National Park Guide,https://www.national-parks.us/wind-cave-national-park,link,park map,https://www.nps.gov/wica/planyourvisit/maps.htm
Wind Cave National Park Guide,https://www.national-parks.us/wind-cave-national-park,link,NPS Hiking page,https://www.nps.gov/wica/planyourvisit/hiking.htm
Wind Cave National Park Guide,https://www.national-parks.us/wind-cave-national-park,link,Elk Mountain Campground,https://www.nps.gov/wica/planyourvisit/campgrounds.htm
Wind Cave National Park Guide,https://www.national-parks.us/wind-cave-national-park,link,NPS Camping page,https://www.nps.gov/wica/planyourvisit/campgrounds.htm
Wind Cave National Park Guide,https://www.national-parks.us/wind-cave-national-park,link,Cave Tours,https://www.nps.gov/wica/planyourvisit/guidedtours.htm
Wind Cave National Park Guide,https://www.national-parks.us/wind-cave-national-park,link,Eating and Sleeping,https://www.nps.gov/wica/planyourvisit/eatingsleeping.htm
Wind Cave National Park Guide,https://www.national-parks.us/wind-cave-national-park,link,Wikipedia,https://en.wikipedia.org/wiki/Wind_Cave_National_Park
Wind Cave National Park Guide,https://www.national-parks.us/wind-cave-national-park,embed,"Map, Wind Cave National Park","https://maps-api-ssl.google.com/maps?hl=en-US&ll=43.57,-103.48&output=embed&q=43.57,-103.48+(Wind+Cave+National+Park)&z=10"
Wrangell-St. Elias National Park Live Webcams,https://www.nationalparkcam.com/wrangell-st-elias-webcam,link,National Parks Webcams,https://www.nationalparkcam.com/national-park-webcam-home
Wrangell-St. Elias National Park Live Webcams,https://www.nationalparkcam.com/wrangell-st-elias-webcam,link,Acadia Webcam,https://www.nationalparkcam.com/acadia-webcam
Wrangell-St. Elias National Park Live Webcams,https://www.nationalparkcam.com/wrangell-st-elias-webcam,link,Arches Webcam,https://www.nationalparkcam.com/arches-webcam
Wrangell-St. Elias National Park Live Webcams,https://www.nationalparkcam.com/wrangell-st-elias-webcam,link,Big Bend Webcam,https://www.nationalparkcam.com/big-bend-webcam
Wrangell-St. Elias National Park Live Webcams,https://www.nationalparkcam.com/wrangell-st-elias-webcam,link,Black Canyon of the Gunnison Webcam,https://www.nationalparkcam.com/black-canyon-of-the-gunnison-webcam
Wrangell-St. Elias National Park Live Webcams,https://www.nationalparkcam.com/wrangell-st-elias-webcam,link,Bryce Canyon Webcam,https://www.nationalparkcam.com/bryce-canyon-webcam
Wrangell-St. Elias National Park Live Webcams,https://www.nationalparkcam.com/wrangell-st-elias-webcam,link,Channel Islands Webcam,https://www.nationalparkcam.com/channel-islands-webcam
Wrangell-St. Elias National Park Live Webcams,https://www.nationalparkcam.com/wrangell-st-elias-webcam,link,Crater Lake Webcam,https://www.nationalparkcam.com/crater-lake-webcam
Wrangell-St. Elias National Park Live Webcams,https://www.nationalparkcam.com/wrangell-st-elias-webcam,link,Denali Webcam,https://www.nationalparkcam.com/denali-webcam
Wrangell-St. Elias National Park Live Webcams,https://www.nationalparkcam.com/wrangell-st-elias-webcam,link,Everglades Webcam,https://www.nationalparkcam.com/everglades-webcam
Wrangell-St. Elias National Park Live Webcams,https://www.nationalparkcam.com/wrangell-st-elias-webcam,link,Glacier Bay Webcam,https://www.nationalparkcam.com/glacier-bay-webcam
Wrangell-St. Elias National Park Live Webcams,https://www.nationalparkcam.com/wrangell-st-elias-webcam,link,Glacier Webcam,https://www.nationalparkcam.com/glacier-webcam
Wrangell-St. Elias National Park Live Webcams,https://www.nationalparkcam.com/wrangell-st-elias-webcam,link,Grand Canyon Webcam,https://www.nationalparkcam.com/grand-canyon-webcam
Wrangell-St. Elias National Park Live Webcams,https://www.nationalparkcam.com/wrangell-st-elias-webcam,link,Grand Tetons Webcam,https://www.nationalparkcam.com/grand-tetons-webcam
Wrangell-St. Elias National Park Live Webcams,https://www.nationalparkcam.com/wrangell-st-elias-webcam,link,Great Smoky Mountains Webcam,https://www.nationalparkcam.com/great-smoky-mountains-webcam
Wrangell-St. Elias National Park Live Webcams,https://www.nationalparkcam.com/wrangell-st-elias-webcam,link,Guadalupe Mountains Webcam,https://www.nationalparkcam.com/guadalupe-mountains-webcam
Wrangell-St. Elias National Park Live Webcams,https://www.nationalparkcam.com/wrangell-st-elias-webcam,link,Haleakala Webcam,https://www.nationalparkcam.com/haleakala-webcam
Wrangell-St. Elias National Park Live Webcams,https://www.nationalparkcam.com/wrangell-st-elias-webcam,link,Hawaii Volcanoes Webcam,https://www.nationalparkcam.com/hawaii-volcanoes-webcam
Wrangell-St. Elias National Park Live Webcams,https://www.nationalparkcam.com/wrangell-st-elias-webcam,link,Isle Royale National Park Webcam,https://www.nationalparkcam.com/isle-royale-national-park-webcam
Wrangell-St. Elias National Park Live Webcams,https://www.nationalparkcam.com/wrangell-st-elias-webcam,link,Joshua Tree Webcam,https://www.nationalparkcam.com/joshua-tree-webcam
Wrangell-St. Elias National Park Live Webcams,https://www.nationalparkcam.com/wrangell-st-elias-webcam,link,Katmai Webcam,https://www.nationalparkcam.com/katmai-webcam
Wrangell-St. Elias National Park Live Webcams,https://www.nationalparkcam.com/wrangell-st-elias-webcam,link,Kings Canyon Webcam,https://www.nationalparkcam.com/kings-canyon-webcam
Wrangell-St. Elias National Park Live Webcams,https://www.nationalparkcam.com/wrangell-st-elias-webcam,link,Lassen Volcano Webcam,https://www.nationalparkcam.com/lassen-volcano-webcam
Wrangell-St. Elias National Park Live Webcams,https://www.nationalparkcam.com/wrangell-st-elias-webcam,link,Mammoth Cave Webcam,https://www.nationalparkcam.com/mammoth-cave-webcam
Wrangell-St. Elias National Park Live Webcams,https://www.nationalparkcam.com/wrangell-st-elias-webcam,link,Mount Rainier Webcam,https://www.nationalparkcam.com/mount-rainier-webcam
Wrangell-St. Elias National Park Live Webcams,https://www.nationalparkcam.com/wrangell-st-elias-webcam,link,New River Gorge Webcam,https://www.nationalparkcam.com/new-river-gorge-webcam
Wrangell-St. Elias National Park Live Webcams,https://www.nationalparkcam.com/wrangell-st-elias-webcam,link,North Cascades Webcam,https://www.nationalparkcam.com/north-cascades-webcam
Wrangell-St. Elias National Park Live Webcams,https://www.nationalparkcam.com/wrangell-st-elias-webcam,link,Olympic Webcam,https://www.nationalparkcam.com/olympic-webcam
Wrangell-St. Elias National Park Live Webcams,https://www.nationalparkcam.com/wrangell-st-elias-webcam,link,Petrified Forest Webcam,https://www.nationalparkcam.com/petrified-forest-webcam
Wrangell-St. Elias National Park Live Webcams,https://www.nationalparkcam.com/wrangell-st-elias-webcam,link,Redwood National Park,https://www.nationalparkcam.com/redwood-national-park
Wrangell-St. Elias National Park Live Webcams,https://www.nationalparkcam.com/wrangell-st-elias-webcam,link,Rocky Mountain Webcam,https://www.nationalparkcam.com/rocky-mountain-webcam
Wrangell-St. Elias National Park Live Webcams,https://www.nationalparkcam.com/wrangell-st-elias-webcam,link,Shenandoah Webcam,https://www.nationalparkcam.com/shenandoah-webcam
Wrangell-St. Elias National Park Live Webcams,https://www.nationalparkcam.com/wrangell-st-elias-webcam,link,Theodore Roosevelt Webcam,https://www.nationalparkcam.com/theodore-roosevelt-webcam
Wrangell-St. Elias National Park Live Webcams,https://www.nationalparkcam.com/wrangell-st-elias-webcam,link,Virgin Islands Webcam,https://www.nationalparkcam.com/virgin-islands-webcam
Wrangell-St. Elias National Park Live Webcams,https://www.nationalparkcam.com/wrangell-st-elias-webcam,link,Wrangell-St. Elias Webcam,https://www.nationalparkcam.com/wrangell-st-elias-webcam
Wrangell-St. Elias National Park Live Webcams,https://www.nationalparkcam.com/wrangell-st-elias-webcam,link,Yellowstone Webcam,https://www.nationalparkcam.com/yellowstone-webcam
Wrangell-St. Elias National Park Live Webcams,https://www.nationalparkcam.com/wrangell-st-elias-webcam,link,Yosemite Webcam,https://www.nationalparkcam.com/yosemite-webcam
Wrangell-St. Elias National Park Live Webcams,https://www.nationalparkcam.com/wrangell-st-elias-webcam,link,Zion Webcam,https://www.nationalparkcam.com/zion-webcam
Wrangell-St. Elias National Park Live Webcams,https://www.nationalparkcam.com/wrangell-st-elias-webcam,link,Wrangell - St Elias National Park & Preserve,https://www.google.com/url?q=https%3A%2F%2Fwww.nps.gov%2Fwrst%2Findex.htm&sa=D&sntz=1&usg=AOvVaw30pSKlz-EGEyZ2TzOdFK5d
Wrangell-St. Elias National Park Live Webcams,https://www.nationalparkcam.com/wrangell-st-elias-webcam,link,UNESCO World Heritage Site,https://whc.unesco.org/en/list/72/
Wrangell-St. Elias National Park Live Webcams,https://www.nationalparkcam.com/wrangell-st-elias-webcam,link,wikipedia,https://en.wikipedia.org/wiki/Wrangell%E2%80%93St._Elias_National_Park_and_Preserve
Wrangell-St. Elias National Park Live Webcams,https://www.nationalparkcam.com/wrangell-st-elias-webcam,link,REI site,https://www.rei.com/blog/hike/how-to-use-bear-spray
Wrangell-St. Elias National Park Live Webcams,https://www.nationalparkcam.com/wrangell-st-elias-webcam,link,maps,https://www.nps.gov/wrst/planyourvisit/copper-center-area-trails.htm
Wrangell-St. Elias National Park Live Webcams,https://www.nationalparkcam.com/wrangell-st-elias-webcam,link,here,https://www.nps.gov/wrst/planyourvisit/upload/Chitina-Area-Trails.pdf
Wrangell-St. Elias National Park Live Webcams,https://www.nationalparkcam.com/wrangell-st-elias-webcam,link,maps,https://www.nps.gov/wrst/planyourvisit/mccarthy-rd-kennecott-trails.htm
Wrangell-St. Elias National Park Live Webcams,https://www.nationalparkcam.com/wrangell-st-elias-webcam,link,map guide,https://www.nps.gov/wrst/planyourvisit/upload/The-Wagon-Road-Toe-of-Kennicott-Glacier-2018.pdf
Wrangell-St. Elias National Park Live Webcams,https://www.nationalparkcam.com/wrangell-st-elias-webcam,link,maps,https://www.nps.gov/wrst/planyourvisit/nabesna-road-trails.htm
Wrangell-St. Elias National Park Live Webcams,https://www.nationalparkcam.com/wrangell-st-elias-webcam,link,email,mailto:wrst_info@nps.gov
Wrangell-St. Elias National Park Live Webcams,https://www.nationalparkcam.com/wrangell-st-elias-webcam,link,map,https://www.nps.gov/wrst/planyourvisit/upload/Caribou-Creek-Trail-Cabin-508-compliant.pdf
Wrangell-St. Elias National Park Live Webcams,https://www.nationalparkcam.com/wrangell-st-elias-webcam,link,map,https://www.nps.gov/wrst/planyourvisit/upload/Rambler-Mine-Trail.pdf
Wrangell-St. Elias National Park Live Webcams,https://www.nationalparkcam.com/wrangell-st-elias-webcam,link,Yakutat and Coast,https://www.nps.gov/wrst/planyourvisit/yakutat-and-coast-trails.htm
Wrangell-St. Elias National Park Live Webcams,https://www.nationalparkcam.com/wrangell-st-elias-webcam,link,site,https://www.nps.gov/wrst/planyourvisit/backpacking.htm
Wrangell-St. Elias National Park Live Webcams,https://www.nationalparkcam.com/wrangell-st-elias-webcam,link,site,https://www.nps.gov/wrst/planyourvisit/backcountry-faqs.htm
Wrangell-St. Elias National Park Live Webcams,https://www.nationalparkcam.com/wrangell-st-elias-webcam,link,NPS website,https://www.nps.gov/wrst/learn/nature/fish.htm
Wrangell-St. Elias National Park Live Webcams,https://www.nationalparkcam.com/wrangell-st-elias-webcam,link,Alaska Department of Fish and Game,https://www.adfg.alaska.gov/index.cfm?adfg=license.main
Wrangell-St. Elias National Park Live Webcams,https://www.nationalparkcam.com/wrangell-st-elias-webcam,link,online,https://store.adfg.alaska.gov/Home/Guest
Wrangell-St. Elias National Park Live Webcams,https://www.nationalparkcam.com/wrangell-st-elias-webcam,link,regulations,https://www.adfg.alaska.gov/index.cfm?adfg=wildliferegulations.hunting
Wrangell-St. Elias National Park Live Webcams,https://www.nationalparkcam.com/wrangell-st-elias-webcam,link,NPS page,https://www.nps.gov/wrst/planyourvisit/hunting-and-fishing.htm
Wrangell-St. Elias National Park Live Webcams,https://www.nationalparkcam.com/wrangell-st-elias-webcam,link,map,https://www.nps.gov/wrst/planyourvisit/upload/Campgrounds-Southcentral-AK.pdf
Wrangell-St. Elias National Park Live Webcams,https://www.nationalparkcam.com/wrangell-st-elias-webcam,link,NPS site,https://www.nps.gov/wrst/planyourvisit/camping-near-copper-center.htm
Wrangell-St. Elias National Park Live Webcams,https://www.nationalparkcam.com/wrangell-st-elias-webcam,link,NPS page,https://www.nps.gov/wrst/planyourvisit/camping-along-the-mccarthy-road-and-kennecott-area.htm
Wrangell-St. Elias National Park Live Webcams,https://www.nationalparkcam.com/wrangell-st-elias-webcam,link,web site,https://www.nps.gov/wrst/planyourvisit/donho-basin-group-camping.htm
Wrangell-St. Elias National Park Live Webcams,https://www.nationalparkcam.com/wrangell-st-elias-webcam,link,website,https://www.nps.gov/wrst/planyourvisit/camping-along-the-nabesna-road.htm
Wrangell-St. Elias National Park Live Webcams,https://www.nationalparkcam.com/wrangell-st-elias-webcam,link,mailto:npcam012@gmail.com,mailto:npcam012@gmail.com
Wrangell-St. Elias National Park Live Webcams,https://www.nationalparkcam.com/wrangell-st-elias-webcam,image,Image,https://lh3.googleusercontent.com/docsubipk/AP9E6xVqp6_dPPsLaoLfjfJ9bruhjuR4IrIMMwysWaP1iwOb4gE7a9zNi-JjrpcppXmcBEGymZCcuVGHoGZxPZgPOtQHFQMNIDxVAz02yAGjfXRZBFAtJONiV_-wtumKe9hf4oNfLCtzqFiksD0WOUMR59mJpcowyWShjrZ3KpDQeYPCHxyG4YPw7Fw
Wrangell-St. Elias National Park Live Webcams,https://www.nationalparkcam.com/wrangell-st-elias-webcam,image,Email,https://ssl.gstatic.com/atari/images/sociallinks/email_white_28dp.png
Wrangell-St. Elias National Park Live Webcams,https://www.nationalparkcam.com/wrangell-st-elias-webcam,embed,Custom embed,google-sites-frame:3135f076b51b83e6_4
Wrangell-St. Elias National Park Live Webcams,https://www.nationalparkcam.com/wrangell-st-elias-webcam,embed,Custom embed,google-sites-frame:52b92037231669ca_68
Wrangell-St. Elias National Park Live Webcams,https://www.nationalparkcam.com/wrangell-st-elias-webcam,embed,"Map, Untitled Location","https://maps-api-ssl.google.com/maps?hl=en-US&ll=61.634855,-143.838894&output=embed&q=61.710706,-142.987061+(Untitled+Location)&z=7"
Wrangell-St. Elias National Park Live Webcams,https://www.nationalparkcam.com/wrangell-st-elias-webcam,embed,Custom embed,google-sites-frame:52b92037231669ca_23
Wrangell-St. Elias National Park Live Webcams,https://www.nationalparkcam.com/wrangell-st-elias-webcam,embed,Custom embed,google-sites-frame:52b92037231669ca_28
Wrangell-St. Elias National Park Live Webcams,https://www.nationalparkcam.com/wrangell-st-elias-webcam,embed,Custom embed,google-sites-frame:52b92037231669ca_34
Yellowstone National Park Live Webcams,https://www.nationalparkcam.com/yellowstone-webcam,link,National Parks Webcams,https://www.nationalparkcam.com/national-park-webcam-home
Yellowstone National Park Live Webcams,https://www.nationalparkcam.com/yellowstone-webcam,link,Acadia Webcam,https://www.nationalparkcam.com/acadia-webcam
Yellowstone National Park Live Webcams,https://www.nationalparkcam.com/yellowstone-webcam,link,Arches Webcam,https://www.nationalparkcam.com/arches-webcam
Yellowstone National Park Live Webcams,https://www.nationalparkcam.com/yellowstone-webcam,link,Big Bend Webcam,https://www.nationalparkcam.com/big-bend-webcam
Yellowstone National Park Live Webcams,https://www.nationalparkcam.com/yellowstone-webcam,link,Black Canyon of the Gunnison Webcam,https://www.nationalparkcam.com/black-canyon-of-the-gunnison-webcam
Yellowstone National Park Live Webcams,https://www.nationalparkcam.com/yellowstone-webcam,link,Bryce Canyon Webcam,https://www.nationalparkcam.com/bryce-canyon-webcam
Yellowstone National Park Live Webcams,https://www.nationalparkcam.com/yellowstone-webcam,link,Channel Islands Webcam,https://www.nationalparkcam.com/channel-islands-webcam
Yellowstone National Park Live Webcams,https://www.nationalparkcam.com/yellowstone-webcam,link,Crater Lake Webcam,https://www.nationalparkcam.com/crater-lake-webcam
Yellowstone National Park Live Webcams,https://www.nationalparkcam.com/yellowstone-webcam,link,Denali Webcam,https://www.nationalparkcam.com/denali-webcam
Yellowstone National Park Live Webcams,https://www.nationalparkcam.com/yellowstone-webcam,link,Everglades Webcam,https://www.nationalparkcam.com/everglades-webcam
Yellowstone National Park Live Webcams,https://www.nationalparkcam.com/yellowstone-webcam,link,Glacier Bay Webcam,https://www.nationalparkcam.com/glacier-bay-webcam
Yellowstone National Park Live Webcams,https://www.nationalparkcam.com/yellowstone-webcam,link,Glacier Webcam,https://www.nationalparkcam.com/glacier-webcam
Yellowstone National Park Live Webcams,https://www.nationalparkcam.com/yellowstone-webcam,link,Grand Canyon Webcam,https://www.nationalparkcam.com/grand-canyon-webcam
Yellowstone National Park Live Webcams,https://www.nationalparkcam.com/yellowstone-webcam,link,Grand Tetons Webcam,https://www.nationalparkcam.com/grand-tetons-webcam
Yellowstone National Park Live Webcams,https://www.nationalparkcam.com/yellowstone-webcam,link,Great Smoky Mountains Webcam,https://www.nationalparkcam.com/great-smoky-mountains-webcam
Yellowstone National Park Live Webcams,https://www.nationalparkcam.com/yellowstone-webcam,link,Guadalupe Mountains Webcam,https://www.nationalparkcam.com/guadalupe-mountains-webcam
Yellowstone National Park Live Webcams,https://www.nationalparkcam.com/yellowstone-webcam,link,Haleakala Webcam,https://www.nationalparkcam.com/haleakala-webcam
Yellowstone National Park Live Webcams,https://www.nationalparkcam.com/yellowstone-webcam,link,Hawaii Volcanoes Webcam,https://www.nationalparkcam.com/hawaii-volcanoes-webcam
Yellowstone National Park Live Webcams,https://www.nationalparkcam.com/yellowstone-webcam,link,Isle Royale National Park Webcam,https://www.nationalparkcam.com/isle-royale-national-park-webcam
Yellowstone National Park Live Webcams,https://www.nationalparkcam.com/yellowstone-webcam,link,Joshua Tree Webcam,https://www.nationalparkcam.com/joshua-tree-webcam
Yellowstone National Park Live Webcams,https://www.nationalparkcam.com/yellowstone-webcam,link,Katmai Webcam,https://www.nationalparkcam.com/katmai-webcam
Yellowstone National Park Live Webcams,https://www.nationalparkcam.com/yellowstone-webcam,link,Kings Canyon Webcam,https://www.nationalparkcam.com/kings-canyon-webcam
Yellowstone National Park Live Webcams,https://www.nationalparkcam.com/yellowstone-webcam,link,Lassen Volcano Webcam,https://www.nationalparkcam.com/lassen-volcano-webcam
Yellowstone National Park Live Webcams,https://www.nationalparkcam.com/yellowstone-webcam,link,Mammoth Cave Webcam,https://www.nationalparkcam.com/mammoth-cave-webcam
Yellowstone National Park Live Webcams,https://www.nationalparkcam.com/yellowstone-webcam,link,Mount Rainier Webcam,https://www.nationalparkcam.com/mount-rainier-webcam
Yellowstone National Park Live Webcams,https://www.nationalparkcam.com/yellowstone-webcam,link,New River Gorge Webcam,https://www.nationalparkcam.com/new-river-gorge-webcam
Yellowstone National Park Live Webcams,https://www.nationalparkcam.com/yellowstone-webcam,link,North Cascades Webcam,https://www.nationalparkcam.com/north-cascades-webcam
Yellowstone National Park Live Webcams,https://www.nationalparkcam.com/yellowstone-webcam,link,Olympic Webcam,https://www.nationalparkcam.com/olympic-webcam
Yellowstone National Park Live Webcams,https://www.nationalparkcam.com/yellowstone-webcam,link,Petrified Forest Webcam,https://www.nationalparkcam.com/petrified-forest-webcam
Yellowstone National Park Live Webcams,https://www.nationalparkcam.com/yellowstone-webcam,link,Redwood National Park,https://www.nationalparkcam.com/redwood-national-park
Yellowstone National Park Live Webcams,https://www.nationalparkcam.com/yellowstone-webcam,link,Rocky Mountain Webcam,https://www.nationalparkcam.com/rocky-mountain-webcam
Yellowstone National Park Live Webcams,https://www.nationalparkcam.com/yellowstone-webcam,link,Shenandoah Webcam,https://www.nationalparkcam.com/shenandoah-webcam
Yellowstone National Park Live Webcams,https://www.nationalparkcam.com/yellowstone-webcam,link,Theodore Roosevelt Webcam,https://www.nationalparkcam.com/theodore-roosevelt-webcam
Yellowstone National Park Live Webcams,https://www.nationalparkcam.com/yellowstone-webcam,link,Virgin Islands Webcam,https://www.nationalparkcam.com/virgin-islands-webcam
Yellowstone National Park Live Webcams,https://www.nationalparkcam.com/yellowstone-webcam,link,Wrangell-St. Elias Webcam,https://www.nationalparkcam.com/wrangell-st-elias-webcam
Yellowstone National Park Live Webcams,https://www.nationalparkcam.com/yellowstone-webcam,link,Yellowstone Webcam,https://www.nationalparkcam.com/yellowstone-webcam
Yellowstone National Park Live Webcams,https://www.nationalparkcam.com/yellowstone-webcam,link,Yosemite Webcam,https://www.nationalparkcam.com/yosemite-webcam
Yellowstone National Park Live Webcams,https://www.nationalparkcam.com/yellowstone-webcam,link,Zion Webcam,https://www.nationalparkcam.com/zion-webcam
Yellowstone National Park Live Webcams,https://www.nationalparkcam.com/yellowstone-webcam,link,"Yellowstone National Park On March 1, 1872, Yellowstone became the first national park for all to enjoy the unique hydrothermal and geologic features. Within Yellowstone ' s 2.2 million acres, visitors have unparalleled opportunities to observe wildlife in an intact ecosystem, explore geothermal areas that contain about half the world’s active geysers, and view geologic wonders like the Grand Canyon of the Yellowstone River.",https://www.google.com/url?q=https%3A%2F%2Fwww.nps.gov%2Fyell%2Findex.htm&sa=D&sntz=1&usg=AOvVaw04IwN01HlVd3TEIPXx0qN-
Yellowstone National Park Live Webcams,https://www.nationalparkcam.com/yellowstone-webcam,link,Webcams - Yellowstone National Park A variety of webcams provide live views throughout Yellowstone.,https://www.google.com/url?q=https%3A%2F%2Fwww.nps.gov%2Fyell%2Flearn%2Fphotosmultimedia%2Fwebcams.htm&sa=D&sntz=1&usg=AOvVaw0EyewtmmY7Oc2ZelxBWeVC
Yellowstone National Park Live Webcams,https://www.nationalparkcam.com/yellowstone-webcam,link,Wikipedia,https://en.wikipedia.org/wiki/Yellowstone_National_Park
Yellowstone National Park Live Webcams,https://www.nationalparkcam.com/yellowstone-webcam,link,NPS site,https://www.nps.gov/yell/planyourvisit/hiking.htm
Yellowstone National Park Live Webcams,https://www.nationalparkcam.com/yellowstone-webcam,link,how to use bear spray,https://www.rei.com/blog/hike/how-to-use-bear-spray
Yellowstone National Park Live Webcams,https://www.nationalparkcam.com/yellowstone-webcam,link,Fairy Falls,https://www.nps.gov/thingstodo/yell-trail-mystic-falls.htm
Yellowstone National Park Live Webcams,https://www.nationalparkcam.com/yellowstone-webcam,link,NPS site,https://www.nps.gov/thingstodo/yell-trail-dunraven-pass-mount-washburn.htm
Yellowstone National Park Live Webcams,https://www.nationalparkcam.com/yellowstone-webcam,link,NPS site,https://www.nps.gov/thingstodo/yell-trail-bunsen-peak.htm
Yellowstone National Park Live Webcams,https://www.nationalparkcam.com/yellowstone-webcam,link,recreation.gov,https://www.recreation.gov/permits/4675323
Yellowstone National Park Live Webcams,https://www.nationalparkcam.com/yellowstone-webcam,link,NPS Backpacking,https://www.nps.gov/yell/planyourvisit/backcountryhiking.htm
Yellowstone National Park Live Webcams,https://www.nationalparkcam.com/yellowstone-webcam,link,Regulations,https://www.nps.gov/yell/planyourvisit/backcountryhiking.htm
Yellowstone National Park Live Webcams,https://www.nationalparkcam.com/yellowstone-webcam,link,"recreation,gov",https://www.recreation.gov/activitypass/08486201-71ff-11eb-90d3-9eb840e09acc
Yellowstone National Park Live Webcams,https://www.nationalparkcam.com/yellowstone-webcam,link,NPS website,https://www.nps.gov/yell/planyourvisit/fishing.htm
Yellowstone National Park Live Webcams,https://www.nationalparkcam.com/yellowstone-webcam,link,section,https://www.nps.gov/yell/learn/nature/wildlife.htm
Yellowstone National Park Live Webcams,https://www.nationalparkcam.com/yellowstone-webcam,link,Yellowstone National Park Lodges,https://www.yellowstonenationalparklodges.com/stay/camping/
Yellowstone National Park Live Webcams,https://www.nationalparkcam.com/yellowstone-webcam,link,recreation.gov,https://www.recreation.gov/camping/gateways/2988
Yellowstone National Park Live Webcams,https://www.nationalparkcam.com/yellowstone-webcam,link,NPS site,https://www.nps.gov/yell/planyourvisit/campgrounds.htm
Yellowstone National Park Live Webcams,https://www.nationalparkcam.com/yellowstone-webcam,link,Bridge Bay,https://www.nps.gov/yell/planyourvisit/bridgebaycg.htm
Yellowstone National Park Live Webcams,https://www.nationalparkcam.com/yellowstone-webcam,link,Canyon,https://www.nps.gov/yell/planyourvisit/canyoncg.htm
Yellowstone National Park Live Webcams,https://www.nationalparkcam.com/yellowstone-webcam,link,Fishing Bridge RV Park,https://www.nps.gov/yell/planyourvisit/fishingbridgecg.htm
Yellowstone National Park Live Webcams,https://www.nationalparkcam.com/yellowstone-webcam,link,Grant Village,https://www.nps.gov/yell/planyourvisit/grantcg.htm
Yellowstone National Park Live Webcams,https://www.nationalparkcam.com/yellowstone-webcam,link,Madison,https://www.nps.gov/yell/planyourvisit/madisoncg.htm
Yellowstone National Park Live Webcams,https://www.nationalparkcam.com/yellowstone-webcam,link,Indian Creek,https://www.nps.gov/yell/planyourvisit/indiancreekcg.htm
Yellowstone National Park Live Webcams,https://www.nationalparkcam.com/yellowstone-webcam,link,Lewis Lake,https://www.nps.gov/yell/planyourvisit/lewislakecg.htm
Yellowstone National Park Live Webcams,https://www.nationalparkcam.com/yellowstone-webcam,link,Mammoth,https://www.nps.gov/yell/planyourvisit/mammothhscg.htm
Yellowstone National Park Live Webcams,https://www.nationalparkcam.com/yellowstone-webcam,link,Norris,https://www.nps.gov/yell/planyourvisit/norris-campground.htm
Yellowstone National Park Live Webcams,https://www.nationalparkcam.com/yellowstone-webcam,link,Pebble Creek,https://www.nps.gov/yell/planyourvisit/pebblecreekcg.htm
Yellowstone National Park Live Webcams,https://www.nationalparkcam.com/yellowstone-webcam,link,Slough Creek,https://www.nps.gov/yell/planyourvisit/sloughcreekcg.htm
Yellowstone National Park Live Webcams,https://www.nationalparkcam.com/yellowstone-webcam,link,Tower Fall,https://www.nps.gov/yell/planyourvisit/towerfallcg.htm
Yellowstone National Park Live Webcams,https://www.nationalparkcam.com/yellowstone-webcam,link,NPS site,https://www.nps.gov/yell/planyourvisit/lodging.htm
Yellowstone National Park Live Webcams,https://www.nationalparkcam.com/yellowstone-webcam,link,reservations,https://www.yellowstonenationalparklodges.com/
Yellowstone National Park Live Webcams,https://www.nationalparkcam.com/yellowstone-webcam,link,Lake Hotel,https://www.nps.gov/media/photo/gallery.htm?id=EDA2A60A-155D-451F-673DACDCA6ACDE33
Yellowstone National Park Live Webcams,https://www.nationalparkcam.com/yellowstone-webcam,link,Old Faithful Inn,https://www.nps.gov/media/photo/gallery.htm?id=571F5B60-155D-451F-676ABEE55F331416
Yellowstone National Park Live Webcams,https://www.nationalparkcam.com/yellowstone-webcam,link,mailto:npcam012@gmail.com,mailto:npcam012@gmail.com
Yellowstone National Park Live Webcams,https://www.nationalparkcam.com/yellowstone-webcam,image,Image,https://lh3.googleusercontent.com/docsubipk/AP9E6xWUZTBD2c4g0y_y2M-r77ZgRsnzzKVtYDE8k1ciiuvMmObKp9pNM4t_48m-AdFtflvGgK0VZMARdzoLAB6AQAF3BFozTy-oa7bWAgUkjj36-ap2R1_Umm_Kc4bNdH4
Yellowstone National Park Live Webcams,https://www.nationalparkcam.com/yellowstone-webcam,image,Image,https://lh3.googleusercontent.com/docsubipk/AP9E6xX_msDlaShpNVer0qctNymfSNSv3PVPf9qO07QcMABfBUk83GymXWZoFKSgqxFWeWkHAmG3GU5oIMVbTL1RiIb9X2yiuBRglBrjLfjt0bY20uT7rDUf_9q80QV2ztFqsFeTfvv22AYC
Yellowstone National Park Live Webcams,https://www.nationalparkcam.com/yellowstone-webcam,image,Email,https://ssl.gstatic.com/atari/images/sociallinks/email_white_28dp.png
Yellowstone National Park Live Webcams,https://www.nationalparkcam.com/yellowstone-webcam,embed,Custom embed,google-sites-frame:3135f076b51b83e6_8
Yellowstone National Park Live Webcams,https://www.nationalparkcam.com/yellowstone-webcam,embed,Custom embed,google-sites-frame:4f7b4f577ee75e56_48
Yellowstone National Park Live Webcams,https://www.nationalparkcam.com/yellowstone-webcam,embed,"Map, Untitled Location","https://maps-api-ssl.google.com/maps?hl=en-US&ll=44.587356,-110.5464&output=embed&q=44.5629,-110.538161+(Untitled+Location)&z=9"
Yellowstone National Park Live Webcams,https://www.nationalparkcam.com/yellowstone-webcam,embed,Custom embed,google-sites-frame:4f7b4f577ee75e56_23
Yellowstone National Park Live Webcams,https://www.nationalparkcam.com/yellowstone-webcam,embed,Custom embed,google-sites-frame:4f7b4f577ee75e56_28
Yellowstone National Park Live Webcams,https://www.nationalparkcam.com/yellowstone-webcam,embed,Custom embed,google-sites-frame:4f7b4f577ee75e56_96
Yellowstone National Park Live Webcams,https://www.nationalparkcam.com/yellowstone-webcam,embed,Custom embed,google-sites-frame:4f7b4f577ee75e56_101
Yellowstone National Park Live Webcams,https://www.nationalparkcam.com/yellowstone-webcam,embed,Custom embed,google-sites-frame:4f7b4f577ee75e56_63
Yellowstone National Park Live Webcams,https://www.nationalparkcam.com/yellowstone-webcam,embed,Custom embed,google-sites-frame:4f7b4f577ee75e56_68
Yellowstone National Park Live Webcams,https://www.nationalparkcam.com/yellowstone-webcam,embed,Custom embed,google-sites-frame:4f7b4f577ee75e56_74
Yellowstone National Park Live Webcams,https://www.nationalparkcam.com/yellowstone-webcam,embed,Custom embed,google-sites-frame:4f7b4f577ee75e56_79
Yellowstone National Park Live Webcams,https://www.nationalparkcam.com/yellowstone-webcam,embed,Custom embed,google-sites-frame:4f7b4f577ee75e56_85
Yellowstone National Park Live Webcams,https://www.nationalparkcam.com/yellowstone-webcam,embed,Custom embed,google-sites-frame:313c36268b19f1cf_3
Yellowstone National Park Live Webcams,https://www.nationalparkcam.com/yellowstone-webcam,embed,Custom embed,google-sites-frame:313c36268b19f1cf_10
Yellowstone National Park Live Webcams,https://www.nationalparkcam.com/yellowstone-webcam,embed,"YouTube Video, 🌎 LIVE Yellowstone National Park | Old Faithful | Relaxing Music",https://www.youtube.com/embed/BWnloy8r0qU?embed_config=%7B%22enc%22:%22AXH1eznQJK0pCUn9BTIxksCCHvLx5UL77b28HTEnrsq42mpLHdrWVth_Hq7dqo47chbV0GOkzNxsK41HJA4CCK-ehuKEtvMB2bdg_fq242g0KaH8dJU-ocC1-ZahyGPN-gHJJWobhe0cZD8Gq0v1Fyrb929oBO-IbYyPx4_4NDBfmaT4%22%7D&errorlinks=1
Y osemite National Park Live Webcams,https://www.nationalparkcam.com/yosemite-webcam,link,National Parks Webcams,https://www.nationalparkcam.com/national-park-webcam-home
Y osemite National Park Live Webcams,https://www.nationalparkcam.com/yosemite-webcam,link,Acadia Webcam,https://www.nationalparkcam.com/acadia-webcam
Y osemite National Park Live Webcams,https://www.nationalparkcam.com/yosemite-webcam,link,Arches Webcam,https://www.nationalparkcam.com/arches-webcam
Y osemite National Park Live Webcams,https://www.nationalparkcam.com/yosemite-webcam,link,Big Bend Webcam,https://www.nationalparkcam.com/big-bend-webcam
Y osemite National Park Live Webcams,https://www.nationalparkcam.com/yosemite-webcam,link,Black Canyon of the Gunnison Webcam,https://www.nationalparkcam.com/black-canyon-of-the-gunnison-webcam
Y osemite National Park Live Webcams,https://www.nationalparkcam.com/yosemite-webcam,link,Bryce Canyon Webcam,https://www.nationalparkcam.com/bryce-canyon-webcam
Y osemite National Park Live Webcams,https://www.nationalparkcam.com/yosemite-webcam,link,Channel Islands Webcam,https://www.nationalparkcam.com/channel-islands-webcam
Y osemite National Park Live Webcams,https://www.nationalparkcam.com/yosemite-webcam,link,Crater Lake Webcam,https://www.nationalparkcam.com/crater-lake-webcam
Y osemite National Park Live Webcams,https://www.nationalparkcam.com/yosemite-webcam,link,Denali Webcam,https://www.nationalparkcam.com/denali-webcam
Y osemite National Park Live Webcams,https://www.nationalparkcam.com/yosemite-webcam,link,Everglades Webcam,https://www.nationalparkcam.com/everglades-webcam
Y osemite National Park Live Webcams,https://www.nationalparkcam.com/yosemite-webcam,link,Glacier Bay Webcam,https://www.nationalparkcam.com/glacier-bay-webcam
Y osemite National Park Live Webcams,https://www.nationalparkcam.com/yosemite-webcam,link,Glacier Webcam,https://www.nationalparkcam.com/glacier-webcam
Y osemite National Park Live Webcams,https://www.nationalparkcam.com/yosemite-webcam,link,Grand Canyon Webcam,https://www.nationalparkcam.com/grand-canyon-webcam
Y osemite National Park Live Webcams,https://www.nationalparkcam.com/yosemite-webcam,link,Grand Tetons Webcam,https://www.nationalparkcam.com/grand-tetons-webcam
Y osemite National Park Live Webcams,https://www.nationalparkcam.com/yosemite-webcam,link,Great Smoky Mountains Webcam,https://www.nationalparkcam.com/great-smoky-mountains-webcam
Y osemite National Park Live Webcams,https://www.nationalparkcam.com/yosemite-webcam,link,Guadalupe Mountains Webcam,https://www.nationalparkcam.com/guadalupe-mountains-webcam
Y osemite National Park Live Webcams,https://www.nationalparkcam.com/yosemite-webcam,link,Haleakala Webcam,https://www.nationalparkcam.com/haleakala-webcam
Y osemite National Park Live Webcams,https://www.nationalparkcam.com/yosemite-webcam,link,Hawaii Volcanoes Webcam,https://www.nationalparkcam.com/hawaii-volcanoes-webcam
Y osemite National Park Live Webcams,https://www.nationalparkcam.com/yosemite-webcam,link,Isle Royale National Park Webcam,https://www.nationalparkcam.com/isle-royale-national-park-webcam
Y osemite National Park Live Webcams,https://www.nationalparkcam.com/yosemite-webcam,link,Joshua Tree Webcam,https://www.nationalparkcam.com/joshua-tree-webcam
Y osemite National Park Live Webcams,https://www.nationalparkcam.com/yosemite-webcam,link,Katmai Webcam,https://www.nationalparkcam.com/katmai-webcam
Y osemite National Park Live Webcams,https://www.nationalparkcam.com/yosemite-webcam,link,Kings Canyon Webcam,https://www.nationalparkcam.com/kings-canyon-webcam
Y osemite National Park Live Webcams,https://www.nationalparkcam.com/yosemite-webcam,link,Lassen Volcano Webcam,https://www.nationalparkcam.com/lassen-volcano-webcam
Y osemite National Park Live Webcams,https://www.nationalparkcam.com/yosemite-webcam,link,Mammoth Cave Webcam,https://www.nationalparkcam.com/mammoth-cave-webcam
Y osemite National Park Live Webcams,https://www.nationalparkcam.com/yosemite-webcam,link,Mount Rainier Webcam,https://www.nationalparkcam.com/mount-rainier-webcam
Y osemite National Park Live Webcams,https://www.nationalparkcam.com/yosemite-webcam,link,New River Gorge Webcam,https://www.nationalparkcam.com/new-river-gorge-webcam
Y osemite National Park Live Webcams,https://www.nationalparkcam.com/yosemite-webcam,link,North Cascades Webcam,https://www.nationalparkcam.com/north-cascades-webcam
Y osemite National Park Live Webcams,https://www.nationalparkcam.com/yosemite-webcam,link,Olympic Webcam,https://www.nationalparkcam.com/olympic-webcam
Y osemite National Park Live Webcams,https://www.nationalparkcam.com/yosemite-webcam,link,Petrified Forest Webcam,https://www.nationalparkcam.com/petrified-forest-webcam
Y osemite National Park Live Webcams,https://www.nationalparkcam.com/yosemite-webcam,link,Redwood National Park,https://www.nationalparkcam.com/redwood-national-park
Y osemite National Park Live Webcams,https://www.nationalparkcam.com/yosemite-webcam,link,Rocky Mountain Webcam,https://www.nationalparkcam.com/rocky-mountain-webcam
Y osemite National Park Live Webcams,https://www.nationalparkcam.com/yosemite-webcam,link,Shenandoah Webcam,https://www.nationalparkcam.com/shenandoah-webcam
Y osemite National Park Live Webcams,https://www.nationalparkcam.com/yosemite-webcam,link,Theodore Roosevelt Webcam,https://www.nationalparkcam.com/theodore-roosevelt-webcam
Y osemite National Park Live Webcams,https://www.nationalparkcam.com/yosemite-webcam,link,Virgin Islands Webcam,https://www.nationalparkcam.com/virgin-islands-webcam
Y osemite National Park Live Webcams,https://www.nationalparkcam.com/yosemite-webcam,link,Wrangell-St. Elias Webcam,https://www.nationalparkcam.com/wrangell-st-elias-webcam
Y osemite National Park Live Webcams,https://www.nationalparkcam.com/yosemite-webcam,link,Yellowstone Webcam,https://www.nationalparkcam.com/yellowstone-webcam
Y osemite National Park Live Webcams,https://www.nationalparkcam.com/yosemite-webcam,link,Yosemite Webcam,https://www.nationalparkcam.com/yosemite-webcam
Y osemite National Park Live Webcams,https://www.nationalparkcam.com/yosemite-webcam,link,Zion Webcam,https://www.nationalparkcam.com/zion-webcam
Y osemite National Park Live Webcams,https://www.nationalparkcam.com/yosemite-webcam,link,"Yosemite National Park Not just a great valley, but a shrine to human foresight, the strength of granite, the power of glaciers, the persistence of life, and the tranquility of the High Sierra. < br / > < br / > First protected in 1864, Yosemite National Park is best known for its waterfalls, but within its nearly 1,200 square miles, you can find deep valleys, grand meadows, ancient giant sequoias, a vast wilderness area, and much more.",https://www.google.com/url?q=https%3A%2F%2Fwww.nps.gov%2Fyose%2Findex.htm&sa=D&sntz=1&usg=AOvVaw0UEDjJzlkHUAFEo-XQEYlg
Y osemite National Park Live Webcams,https://www.nationalparkcam.com/yosemite-webcam,link,Webcams - Yosemite National Park,https://www.google.com/url?q=https%3A%2F%2Fwww.nps.gov%2Fyose%2Flearn%2Fphotosmultimedia%2Fwebcams.htm&sa=D&sntz=1&usg=AOvVaw267wR2tkmsDjfpu0um1nUs
Y osemite National Park Live Webcams,https://www.nationalparkcam.com/yosemite-webcam,link,UNESCO World Heritage Site,https://whc.unesco.org/en/list/308
Y osemite National Park Live Webcams,https://www.nationalparkcam.com/yosemite-webcam,link,Wikipedia site,https://en.wikipedia.org/wiki/Yosemite_National_Park
Y osemite National Park Live Webcams,https://www.nationalparkcam.com/yosemite-webcam,link,NPS website,https://www.nps.gov/yose/planyourvisit/trailheads.htm
Y osemite National Park Live Webcams,https://www.nationalparkcam.com/yosemite-webcam,link,Day Hikes,https://www.nps.gov/yose/planyourvisit/hiking.htm
Y osemite National Park Live Webcams,https://www.nationalparkcam.com/yosemite-webcam,link,Half Dome,https://www.nps.gov/yose/planyourvisit/halfdome.htm
Y osemite National Park Live Webcams,https://www.nationalparkcam.com/yosemite-webcam,link,permit,https://www.nps.gov/yose/planyourvisit/hdpermits.htm
Y osemite National Park Live Webcams,https://www.nationalparkcam.com/yosemite-webcam,link,Yosemite Valley Biking,https://www.travelyosemite.com/things-to-do/biking/
Y osemite National Park Live Webcams,https://www.nationalparkcam.com/yosemite-webcam,link,Glacier Point to Yosemite Valley Floor,https://www.nps.gov/yose/planyourvisit/glacierhikes.htm
Y osemite National Park Live Webcams,https://www.nationalparkcam.com/yosemite-webcam,link,Backpacking,https://www.nps.gov/yose/planyourvisit/backpacking.htm
Y osemite National Park Live Webcams,https://www.nationalparkcam.com/yosemite-webcam,link,permits,https://www.nps.gov/yose/planyourvisit/wildpermits.htm
Y osemite National Park Live Webcams,https://www.nationalparkcam.com/yosemite-webcam,link,Little Yosemite Valley and Campground,https://www.nps.gov/yose/planyourvisit/yosemite-valley-trails.htm
Y osemite National Park Live Webcams,https://www.nationalparkcam.com/yosemite-webcam,link,John Muir Trail (JMT),https://www.nps.gov/yose/planyourvisit/jmt.htm
Y osemite National Park Live Webcams,https://www.nationalparkcam.com/yosemite-webcam,link,High Sierra Camps,https://www.travelyosemite.com/lodging/high-sierra-camps/
Y osemite National Park Live Webcams,https://www.nationalparkcam.com/yosemite-webcam,link,bike or scooter,https://www.nps.gov/yose/planyourvisit/biking.htm
Y osemite National Park Live Webcams,https://www.nationalparkcam.com/yosemite-webcam,link,climbers,https://www.nps.gov/yose/planyourvisit/climbing.htm
Y osemite National Park Live Webcams,https://www.nationalparkcam.com/yosemite-webcam,link,Fishing,https://www.nps.gov/yose/planyourvisit/fishing.htm
Y osemite National Park Live Webcams,https://www.nationalparkcam.com/yosemite-webcam,link,California fishing license,https://www.ca.wildlifelicense.com/internetsales/
Y osemite National Park Live Webcams,https://www.nationalparkcam.com/yosemite-webcam,link,Camping,https://www.nps.gov/yose/planyourvisit/camping.htm
Y osemite National Park Live Webcams,https://www.nationalparkcam.com/yosemite-webcam,link,recreation.gov,https://www.recreation.gov/search?q=Yosemite%20National%20Park&entity_id=2991&entity_type=recarea&inventory_type=camping&parent_asset_id=2991
Y osemite National Park Live Webcams,https://www.nationalparkcam.com/yosemite-webcam,link,Upper Pines,https://www.nps.gov/yose/planyourvisit/pinescampgrounds.htm
Y osemite National Park Live Webcams,https://www.nationalparkcam.com/yosemite-webcam,link,Hotels,https://www.nps.gov/yose/planyourvisit/lodging.htm
Y osemite National Park Live Webcams,https://www.nationalparkcam.com/yosemite-webcam,link,The Ahwahnee Hotel,https://www.travelyosemite.com/lodging/the-ahwahnee/
Y osemite National Park Live Webcams,https://www.nationalparkcam.com/yosemite-webcam,link,Yosemite Valley Lodge,https://www.travelyosemite.com/lodging/yosemite-valley-lodge/
Y osemite National Park Live Webcams,https://www.nationalparkcam.com/yosemite-webcam,link,Curry Village,https://www.travelyosemite.com/lodging/curry-village/
Y osemite National Park Live Webcams,https://www.nationalparkcam.com/yosemite-webcam,link,House Keeping,https://www.travelyosemite.com/lodging/housekeeping-camp/
Y osemite National Park Live Webcams,https://www.nationalparkcam.com/yosemite-webcam,link,Curry Village Pizza Patio and Bar,https://www.travelyosemite.com/dining/curry-village-dining/
Y osemite National Park Live Webcams,https://www.nationalparkcam.com/yosemite-webcam,link,The Ahwahnee Dining Room,https://www.travelyosemite.com/dining/the-ahwahnee-dining-room/
Y osemite National Park Live Webcams,https://www.nationalparkcam.com/yosemite-webcam,link,Base Camp Eatery,https://www.travelyosemite.com/dining/yosemite-valley-lodge/
Y osemite National Park Live Webcams,https://www.nationalparkcam.com/yosemite-webcam,link,Mountain Room,https://www.nps.gov/places/000/mountain-room-restaurant.htm
Y osemite National Park Live Webcams,https://www.nationalparkcam.com/yosemite-webcam,link,The Loft at Degnan ' s,https://www.nps.gov/places/000/the-loft-at-degnan-s.htm
Y osemite National Park Live Webcams,https://www.nationalparkcam.com/yosemite-webcam,link,Village Grill,https://www.nps.gov/places/000/village-grill.htm
Y osemite National Park Live Webcams,https://www.nationalparkcam.com/yosemite-webcam,link,Meadow Grill,https://www.nps.gov/places/000/meadow-grill.htm
Y osemite National Park Live Webcams,https://www.nationalparkcam.com/yosemite-webcam,link,mailto:npcam012@gmail.com,mailto:npcam012@gmail.com
Y osemite National Park Live Webcams,https://www.nationalparkcam.com/yosemite-webcam,image,Image,https://lh3.googleusercontent.com/docsubipk/AP9E6xUBSOTQcJ2Eiu__fDXCviYtY4AQWD2uEzxKY-1sJ5QRGEVJ-yv6f6beomcT2cORVSVavbDUxFKUcn0pv7CVdRXyQlqNBFpG7Bzql1aAPGsNEx5NrdDnnMHIDZcQ-KBsSv2Suqje4je6NxegDAcPzp6Lz6y_wfTKG6jTQHFBxHG9IIs9RTiR4w
Y osemite National Park Live Webcams,https://www.nationalparkcam.com/yosemite-webcam,image,Email,https://ssl.gstatic.com/atari/images/sociallinks/email_white_28dp.png
Y osemite National Park Live Webcams,https://www.nationalparkcam.com/yosemite-webcam,embed,Custom embed,google-sites-frame:3135f076b51b83e6_12
Y osemite National Park Live Webcams,https://www.nationalparkcam.com/yosemite-webcam,embed,Custom embed,google-sites-frame:1cfef3504c6b0740_91
Y osemite National Park Live Webcams,https://www.nationalparkcam.com/yosemite-webcam,embed,"Map, Untitled Location","https://maps-api-ssl.google.com/maps?hl=en-US&ll=37.709807,-119.566228&output=embed&q=37.71198,-119.599187+(Untitled+Location)&z=10"
Y osemite National Park Live Webcams,https://www.nationalparkcam.com/yosemite-webcam,embed,Custom embed,google-sites-frame:1cfef3504c6b0740_23
Y osemite National Park Live Webcams,https://www.nationalparkcam.com/yosemite-webcam,embed,Custom embed,google-sites-frame:1cfef3504c6b0740_28
Y osemite National Park Live Webcams,https://www.nationalparkcam.com/yosemite-webcam,embed,Custom embed,google-sites-frame:1cfef3504c6b0740_34
Y osemite National Park Live Webcams,https://www.nationalparkcam.com/yosemite-webcam,embed,Custom embed,google-sites-frame:1cfef3504c6b0740_39
Y osemite National Park Live Webcams,https://www.nationalparkcam.com/yosemite-webcam,embed,Custom embed,google-sites-frame:47ce2c0f2ebc94ad_3
Y osemite National Park Live Webcams,https://www.nationalparkcam.com/yosemite-webcam,embed,Custom embed,google-sites-frame:47ce2c0f2ebc94ad_8
Y osemite National Park Live Webcams,https://www.nationalparkcam.com/yosemite-webcam,embed,Custom embed,google-sites-frame:7d3cca77079dfd25_63
Y osemite National Park Live Webcams,https://www.nationalparkcam.com/yosemite-webcam,embed,"YouTube Video, 🌲 Yosemite Live Webcams | Half Dome, El Capitan, Yosemite Falls, High Sierra. Relaxing Nature Escape",https://www.youtube.com/embed/5LFLhZ_h91A?embed_config=%7B%22enc%22:%22AXH1ezkO75DFd8jk3f9y96AnhVpu6lAet1UBU4_7UDrGjNEkYtv2AuWBnZOyyJxkDmRmnciTdpo3oO24Ad3k-HbabwZxUWgaNjdOAfJ8Vx07ovq8fvkdobMiocei8lPupQSin5xsO1_IZPumC5ZALf2PVb2b98qX_MjfsaJG-hxx_5by%22%7D&errorlinks=1
Zion National Park Live Webcams,https://www.nationalparkcam.com/zion-webcam,link,National Parks Webcams,https://www.nationalparkcam.com/national-park-webcam-home
Zion National Park Live Webcams,https://www.nationalparkcam.com/zion-webcam,link,Acadia Webcam,https://www.nationalparkcam.com/acadia-webcam
Zion National Park Live Webcams,https://www.nationalparkcam.com/zion-webcam,link,Arches Webcam,https://www.nationalparkcam.com/arches-webcam
Zion National Park Live Webcams,https://www.nationalparkcam.com/zion-webcam,link,Big Bend Webcam,https://www.nationalparkcam.com/big-bend-webcam
Zion National Park Live Webcams,https://www.nationalparkcam.com/zion-webcam,link,Black Canyon of the Gunnison Webcam,https://www.nationalparkcam.com/black-canyon-of-the-gunnison-webcam
Zion National Park Live Webcams,https://www.nationalparkcam.com/zion-webcam,link,Bryce Canyon Webcam,https://www.nationalparkcam.com/bryce-canyon-webcam
Zion National Park Live Webcams,https://www.nationalparkcam.com/zion-webcam,link,Channel Islands Webcam,https://www.nationalparkcam.com/channel-islands-webcam
Zion National Park Live Webcams,https://www.nationalparkcam.com/zion-webcam,link,Crater Lake Webcam,https://www.nationalparkcam.com/crater-lake-webcam
Zion National Park Live Webcams,https://www.nationalparkcam.com/zion-webcam,link,Denali Webcam,https://www.nationalparkcam.com/denali-webcam
Zion National Park Live Webcams,https://www.nationalparkcam.com/zion-webcam,link,Everglades Webcam,https://www.nationalparkcam.com/everglades-webcam
Zion National Park Live Webcams,https://www.nationalparkcam.com/zion-webcam,link,Glacier Bay Webcam,https://www.nationalparkcam.com/glacier-bay-webcam
Zion National Park Live Webcams,https://www.nationalparkcam.com/zion-webcam,link,Glacier Webcam,https://www.nationalparkcam.com/glacier-webcam
Zion National Park Live Webcams,https://www.nationalparkcam.com/zion-webcam,link,Grand Canyon Webcam,https://www.nationalparkcam.com/grand-canyon-webcam
Zion National Park Live Webcams,https://www.nationalparkcam.com/zion-webcam,link,Grand Tetons Webcam,https://www.nationalparkcam.com/grand-tetons-webcam
Zion National Park Live Webcams,https://www.nationalparkcam.com/zion-webcam,link,Great Smoky Mountains Webcam,https://www.nationalparkcam.com/great-smoky-mountains-webcam
Zion National Park Live Webcams,https://www.nationalparkcam.com/zion-webcam,link,Guadalupe Mountains Webcam,https://www.nationalparkcam.com/guadalupe-mountains-webcam
Zion National Park Live Webcams,https://www.nationalparkcam.com/zion-webcam,link,Haleakala Webcam,https://www.nationalparkcam.com/haleakala-webcam
Zion National Park Live Webcams,https://www.nationalparkcam.com/zion-webcam,link,Hawaii Volcanoes Webcam,https://www.nationalparkcam.com/hawaii-volcanoes-webcam
Zion National Park Live Webcams,https://www.nationalparkcam.com/zion-webcam,link,Isle Royale National Park Webcam,https://www.nationalparkcam.com/isle-royale-national-park-webcam
Zion National Park Live Webcams,https://www.nationalparkcam.com/zion-webcam,link,Joshua Tree Webcam,https://www.nationalparkcam.com/joshua-tree-webcam
Zion National Park Live Webcams,https://www.nationalparkcam.com/zion-webcam,link,Katmai Webcam,https://www.nationalparkcam.com/katmai-webcam
Zion National Park Live Webcams,https://www.nationalparkcam.com/zion-webcam,link,Kings Canyon Webcam,https://www.nationalparkcam.com/kings-canyon-webcam
Zion National Park Live Webcams,https://www.nationalparkcam.com/zion-webcam,link,Lassen Volcano Webcam,https://www.nationalparkcam.com/lassen-volcano-webcam
Zion National Park Live Webcams,https://www.nationalparkcam.com/zion-webcam,link,Mammoth Cave Webcam,https://www.nationalparkcam.com/mammoth-cave-webcam
Zion National Park Live Webcams,https://www.nationalparkcam.com/zion-webcam,link,Mount Rainier Webcam,https://www.nationalparkcam.com/mount-rainier-webcam
Zion National Park Live Webcams,https://www.nationalparkcam.com/zion-webcam,link,New River Gorge Webcam,https://www.nationalparkcam.com/new-river-gorge-webcam
Zion National Park Live Webcams,https://www.nationalparkcam.com/zion-webcam,link,North Cascades Webcam,https://www.nationalparkcam.com/north-cascades-webcam
Zion National Park Live Webcams,https://www.nationalparkcam.com/zion-webcam,link,Olympic Webcam,https://www.nationalparkcam.com/olympic-webcam
Zion National Park Live Webcams,https://www.nationalparkcam.com/zion-webcam,link,Petrified Forest Webcam,https://www.nationalparkcam.com/petrified-forest-webcam
Zion National Park Live Webcams,https://www.nationalparkcam.com/zion-webcam,link,Redwood National Park,https://www.nationalparkcam.com/redwood-national-park
Zion National Park Live Webcams,https://www.nationalparkcam.com/zion-webcam,link,Rocky Mountain Webcam,https://www.nationalparkcam.com/rocky-mountain-webcam
Zion National Park Live Webcams,https://www.nationalparkcam.com/zion-webcam,link,Shenandoah Webcam,https://www.nationalparkcam.com/shenandoah-webcam
Zion National Park Live Webcams,https://www.nationalparkcam.com/zion-webcam,link,Theodore Roosevelt Webcam,https://www.nationalparkcam.com/theodore-roosevelt-webcam
Zion National Park Live Webcams,https://www.nationalparkcam.com/zion-webcam,link,Virgin Islands Webcam,https://www.nationalparkcam.com/virgin-islands-webcam
Zion National Park Live Webcams,https://www.nationalparkcam.com/zion-webcam,link,Wrangell-St. Elias Webcam,https://www.nationalparkcam.com/wrangell-st-elias-webcam
Zion National Park Live Webcams,https://www.nationalparkcam.com/zion-webcam,link,Yellowstone Webcam,https://www.nationalparkcam.com/yellowstone-webcam
Zion National Park Live Webcams,https://www.nationalparkcam.com/zion-webcam,link,Yosemite Webcam,https://www.nationalparkcam.com/yosemite-webcam
Zion National Park Live Webcams,https://www.nationalparkcam.com/zion-webcam,link,Zion Webcam,https://www.nationalparkcam.com/zion-webcam
Zion National Park Live Webcams,https://www.nationalparkcam.com/zion-webcam,link,"Zion National Park Follow the paths where people have walked for thousands of years. Gaze up at massive sandstone cliffs of cream, pink, and red that soar into a brilliant blue sky. Experience wilderness in a narrow slot canyon. Zion’s unique array of plants and animals will enchant you as you absorb the rich history of the past and enjoy the excitement of present-day adventures.",https://www.google.com/url?q=https%3A%2F%2Fwww.nps.gov%2Fzion%2Findex.htm&sa=D&sntz=1&usg=AOvVaw0b2veiap0jUcsz60IvZHs2
Zion National Park Live Webcams,https://www.nationalparkcam.com/zion-webcam,link,Wikipedia site,https://en.wikipedia.org/wiki/Zion_National_Park
Zion National Park Live Webcams,https://www.nationalparkcam.com/zion-webcam,link,website,https://www.nps.gov/zion/planyourvisit/hiking-in-zion.htm
Zion National Park Live Webcams,https://www.nationalparkcam.com/zion-webcam,link,Angel ' s Landing,https://www.nps.gov/zion/planyourvisit/angels-landing-hiking-permits.htm
Zion National Park Live Webcams,https://www.nationalparkcam.com/zion-webcam,link,recreation.gov,https://www.recreation.gov/permits/4675338
Zion National Park Live Webcams,https://www.nationalparkcam.com/zion-webcam,link,Narrows,https://www.recreation.gov/permits/4675339
Zion National Park Live Webcams,https://www.nationalparkcam.com/zion-webcam,link,website,https://www.nps.gov/zion/planyourvisit/traildescriptions.htm
Zion National Park Live Webcams,https://www.nationalparkcam.com/zion-webcam,link,NPS Backpacking website,https://www.nps.gov/zion/planyourvisit/backpackinginfo.htm
Zion National Park Live Webcams,https://www.nationalparkcam.com/zion-webcam,link,NPS site,https://www.nps.gov/zion/planyourvisit/west-rim-trail.htm
Zion National Park Live Webcams,https://www.nationalparkcam.com/zion-webcam,link,map,https://www.nps.gov/zion/planyourvisit/upload/SW-desert-campsite-map.pdf
Zion National Park Live Webcams,https://www.nationalparkcam.com/zion-webcam,link,recreation.gov,https://www.recreation.gov/camping/gateways/2994
Zion National Park Live Webcams,https://www.nationalparkcam.com/zion-webcam,link,South Campground,https://www.nps.gov/zion/planyourvisit/south-campground.htm
Zion National Park Live Webcams,https://www.nationalparkcam.com/zion-webcam,link,Watchman Campground,https://www.nps.gov/zion/planyourvisit/watchman-campground.htm
Zion National Park Live Webcams,https://www.nationalparkcam.com/zion-webcam,link,Lava Point Campground,https://www.nps.gov/zion/planyourvisit/lava-point-campground.htm
Zion National Park Live Webcams,https://www.nationalparkcam.com/zion-webcam,link,mailto:npcam012@gmail.com,mailto:npcam012@gmail.com
Zion National Park Live Webcams,https://www.nationalparkcam.com/zion-webcam,image,Image,https://lh3.googleusercontent.com/docsubipk/AP9E6xXWhFsui53u3H6xejWifLUQBsUUQ53QmlwYIJHFubYojUxRJKRISH-oL3KzOxxH0DvR-6IytE7v02PCvRq39iB8JNtzMabzkYug7dS7pX_uVkxvw-wve__5L3ympFO2a_A2OYvJzy4ZvgME73DHIUdjjF9CpSKbrS6fqWvM_pejRtTr1xBPvg
Zion National Park Live Webcams,https://www.nationalparkcam.com/zion-webcam,image,Email,https://ssl.gstatic.com/atari/images/sociallinks/email_white_28dp.png
Zion National Park Live Webcams,https://www.nationalparkcam.com/zion-webcam,embed,Custom embed,google-sites-frame:774c554dd97bd87b_0
Zion National Park Live Webcams,https://www.nationalparkcam.com/zion-webcam,embed,Custom embed,google-sites-frame:47555415f54baa12_65
Zion National Park Live Webcams,https://www.nationalparkcam.com/zion-webcam,embed,"Map, Untitled Location","https://maps-api-ssl.google.com/maps?hl=en-US&ll=37.265658,-113.02174&output=embed&q=37.298637,-113.026657+(Untitled+Location)&z=11"
Zion National Park Live Webcams,https://www.nationalparkcam.com/zion-webcam,embed,Custom embed,google-sites-frame:47555415f54baa12_34
Colorado National Monument Live Webcam,https://www.nationalparkcam.com/colorado-national-monument-webcam,embed,"Map, Colorado National Monument","https://maps-api-ssl.google.com/maps?hl=en-US&ll=39.0538,-108.7147&output=embed&q=39.0538,-108.7147+(Colorado+National+Monument)&z=10"
Colorado National Monument Live Webcam,https://www.nationalparkcam.com/colorado-national-monument-webcam,link,Colorado National Monument (U.S. National Park Service) Colorado National Monument preserves one of the grand landscapes of the American West. Towering monoliths exist within a vast plateau and canyon panorama.,https://www.nps.gov/colm/index.htm
Colorado National Monument Live Webcam,https://www.nationalparkcam.com/colorado-national-monument-webcam,link,Webcams - Colorado National Monument,https://www.nps.gov/colm/learn/photosmultimedia/webcams.htm
Colorado National Monument Live Webcam,https://www.nationalparkcam.com/colorado-national-monument-webcam,link,Maps - Colorado National Monument,https://www.nps.gov/colm/planyourvisit/maps.htm
Colorado National Monument Live Webcam,https://www.nationalparkcam.com/colorado-national-monument-webcam,link,Weather - Colorado National Monument,https://www.nps.gov/colm/planyourvisit/weather.htm
Colorado National Monument Live Webcam,https://www.nationalparkcam.com/colorado-national-monument-webcam,link,Rim Rock Drive,https://www.nps.gov/colm/planyourvisit/scenic-rim-rock-drive.htm
Colorado National Monument Live Webcam,https://www.nationalparkcam.com/colorado-national-monument-webcam,link,Hiking,https://www.nps.gov/colm/planyourvisit/hiking.htm
Colorado National Monument Live Webcam,https://www.nationalparkcam.com/colorado-national-monument-webcam,link,Echo Canyon Trail,https://www.nps.gov/places/echo-canyon-trail-colorado-national-monument.htm
Colorado National Monument Live Webcam,https://www.nationalparkcam.com/colorado-national-monument-webcam,link,Camping,https://www.nps.gov/colm/planyourvisit/camping.htm
Colorado National Monument Live Webcam,https://www.nationalparkcam.com/colorado-national-monument-webcam,link,Saddlehorn Campground,https://www.nps.gov/colm/planyourvisit/saddlehorn-campground.htm
Colorado National Monument Live Webcam,https://www.nationalparkcam.com/colorado-national-monument-webcam,link,Backcountry Camping,https://www.nps.gov/colm/planyourvisit/backcountry.htm
Dinosaur National Monument Live Webcams,https://www.nationalparkcam.com/dinosaur-national-monument-webcam,embed,"Map, Dinosaur National Monument","https://maps-api-ssl.google.com/maps?hl=en-US&ll=40.4416,-109.3047&output=embed&q=40.4416,-109.3047+(Dinosaur+National+Monument)&z=9"
Dinosaur National Monument Live Webcams,https://www.nationalparkcam.com/dinosaur-national-monument-webcam,link,"Dinosaur National Monument (U.S. National Park Service) 150 million years ago, dinosaurs roamed here. Their fossils are still embedded in the rocks. Today, mountains, desert, and rivers flowing in canyons support a variety of life. Petroglyphs reveal the lives and connections of Indigenous people to this land. Homesteaders and outlaws found refuge here. Whether your passion is science, adventure, history, or scenery, Dinosaur offers much to explore.",https://www.nps.gov/dino/index.htm
Dinosaur National Monument Live Webcams,https://www.nationalparkcam.com/dinosaur-national-monument-webcam,link,Webcams - Dinosaur National Monument,https://www.nps.gov/dino/learn/photosmultimedia/webcams.htm
Dinosaur National Monument Live Webcams,https://www.nationalparkcam.com/dinosaur-national-monument-webcam,link,Maps - Dinosaur National Monument,https://www.nps.gov/dino/planyourvisit/maps.htm
Dinosaur National Monument Live Webcams,https://www.nationalparkcam.com/dinosaur-national-monument-webcam,link,Weather - Dinosaur National Monument,https://www.nps.gov/dino/planyourvisit/weather.htm
Dinosaur National Monument Live Webcams,https://www.nationalparkcam.com/dinosaur-national-monument-webcam,link,Quarry Exhibit Hall,https://www.nps.gov/dino/planyourvisit/quarry-exhibit-hall.htm
Dinosaur National Monument Live Webcams,https://www.nationalparkcam.com/dinosaur-national-monument-webcam,link,Fossil Discovery Trail,https://www.nps.gov/places/fossil-discovery-trail-visitor-center-trailhead.htm
Dinosaur National Monument Live Webcams,https://www.nationalparkcam.com/dinosaur-national-monument-webcam,link,Hiking,https://www.nps.gov/dino/planyourvisit/hikingtrails.htm
Dinosaur National Monument Live Webcams,https://www.nationalparkcam.com/dinosaur-national-monument-webcam,link,River Rafting,https://www.nps.gov/dino/planyourvisit/riverrafting.htm
Dinosaur National Monument Live Webcams,https://www.nationalparkcam.com/dinosaur-national-monument-webcam,link,Petroglyphs,https://www.nps.gov/dino/learn/historyculture/viewing-petroglyphs-and-pictographs.htm
Dinosaur National Monument Live Webcams,https://www.nationalparkcam.com/dinosaur-national-monument-webcam,link,Campgrounds,https://www.nps.gov/dino/planyourvisit/campgrounds.htm
Dinosaur National Monument Live Webcams,https://www.nationalparkcam.com/dinosaur-national-monument-webcam,link,Backcountry Camping,https://www.nps.gov/dino/planyourvisit/backcountrycamping.htm
Dinosaur National Monument Live Webcams,https://www.nationalparkcam.com/dinosaur-national-monument-webcam,link,Recreation.gov,https://www.recreation.gov/gateways/2664
Florissant Fossil Beds National Monument Live Webcam,https://www.nationalparkcam.com/florissant-fossil-beds-national-monument-webcam,embed,"Map, Florissant Fossil Beds National Monument","https://maps-api-ssl.google.com/maps?hl=en-US&ll=38.9126,-105.2803&output=embed&q=38.9126,-105.2803+(Florissant+Fossil+Beds+National+Monument)&z=11"
Florissant Fossil Beds National Monument Live Webcam,https://www.nationalparkcam.com/florissant-fossil-beds-national-monument-webcam,link,"Florissant Fossil Beds National Monument (U.S. National Park Service) Beneath a grassy mountain valley in central Colorado lies one of the richest and most diverse fossil deposits in the world. Petrified redwood stumps up to 14 feet wide and thousands of detailed fossils of insects and plants reveal the story of a very different, prehistoric Colorado.",https://www.nps.gov/flfo/index.htm
Florissant Fossil Beds National Monument Live Webcam,https://www.nationalparkcam.com/florissant-fossil-beds-national-monument-webcam,link,Webcams - Florissant Fossil Beds National Monument,https://www.nps.gov/flfo/learn/photosmultimedia/webcams.htm
Florissant Fossil Beds National Monument Live Webcam,https://www.nationalparkcam.com/florissant-fossil-beds-national-monument-webcam,link,Maps - Florissant Fossil Beds National Monument,https://www.nps.gov/flfo/planyourvisit/maps.htm
Florissant Fossil Beds National Monument Live Webcam,https://www.nationalparkcam.com/florissant-fossil-beds-national-monument-webcam,link,Basic Information - Florissant Fossil Beds National Monument,https://www.nps.gov/flfo/planyourvisit/basicinfo.htm
Florissant Fossil Beds National Monument Live Webcam,https://www.nationalparkcam.com/florissant-fossil-beds-national-monument-webcam,link,Hiking Trails,https://www.nps.gov/flfo/planyourvisit/hiking-trails.htm
Florissant Fossil Beds National Monument Live Webcam,https://www.nationalparkcam.com/florissant-fossil-beds-national-monument-webcam,link,Twin Rock Trail,https://www.nps.gov/flfo/planyourvisit/hiking-trails.htm
Florissant Fossil Beds National Monument Live Webcam,https://www.nationalparkcam.com/florissant-fossil-beds-national-monument-webcam,link,Things To Do,https://www.nps.gov/flfo/planyourvisit/things2do.htm
Florissant Fossil Beds National Monument Live Webcam,https://www.nationalparkcam.com/florissant-fossil-beds-national-monument-webcam,link,Hornbek Homestead,https://www.nps.gov/places/hornbek-homestead.htm
Florissant Fossil Beds National Monument Live Webcam,https://www.nationalparkcam.com/florissant-fossil-beds-national-monument-webcam,link,Pets,https://www.nps.gov/flfo/planyourvisit/pets.htm
Florissant Fossil Beds National Monument Live Webcam,https://www.nationalparkcam.com/florissant-fossil-beds-national-monument-webcam,link,Recreation.gov,https://www.recreation.gov/camping/gateways/2683
Grand Canyon-Parashant National Monument Live Webcams,https://www.nationalparkcam.com/grand-canyon-parashant-national-monument-webcam,embed,"Map, Grand Canyon-Parashant National Monument","https://maps-api-ssl.google.com/maps?hl=en-US&ll=36.3911,-113.6877&output=embed&q=36.3911,-113.6877+(Grand+Canyon-Parashant+National+Monument)&z=9"
Grand Canyon-Parashant National Monument Live Webcams,https://www.nationalparkcam.com/grand-canyon-parashant-national-monument-webcam,link,"Grand Canyon-Parashant National Monument (U.S. National Park Service) Despite the hardships created by rugged isolation and the lack of natural waters, Parashant has a long human history spanning more than 11,000 years, and an equally rich geologic history spanning almost two billion years.",https://www.nps.gov/para/index.htm
Grand Canyon-Parashant National Monument Live Webcams,https://www.nationalparkcam.com/grand-canyon-parashant-national-monument-webcam,link,Webcams - Grand Canyon-Parashant National Monument,https://www.nps.gov/para/webcams-para.htm
Grand Canyon-Parashant National Monument Live Webcams,https://www.nationalparkcam.com/grand-canyon-parashant-national-monument-webcam,link,Maps - Grand Canyon-Parashant National Monument,https://www.nps.gov/para/planyourvisit/maps.htm
Grand Canyon-Parashant National Monument Live Webcams,https://www.nationalparkcam.com/grand-canyon-parashant-national-monument-webcam,link,Plan Your Visit,https://www.nps.gov/para/planyourvisit/index.htm
Grand Canyon-Parashant National Monument Live Webcams,https://www.nationalparkcam.com/grand-canyon-parashant-national-monument-webcam,link,Things To Do,https://www.nps.gov/para/planyourvisit/things2do.htm
Grand Canyon-Parashant National Monument Live Webcams,https://www.nationalparkcam.com/grand-canyon-parashant-national-monument-webcam,link,Scenic Drives and Viewpoints,https://www.nps.gov/para/planyourvisit/scenic-drives-and-viewpoints-by-motorized-vehicle.htm
Grand Canyon-Parashant National Monument Live Webcams,https://www.nationalparkcam.com/grand-canyon-parashant-national-monument-webcam,link,Safety,https://www.nps.gov/para/planyourvisit/safety.htm
Grand Canyon-Parashant National Monument Live Webcams,https://www.nationalparkcam.com/grand-canyon-parashant-national-monument-webcam,link,4x4 Vehicles and Off-Pavement Travel Safety,https://www.nps.gov/para/planyourvisit/4x4-vehicles-and-off-pavement-travel-safety.htm
Grand Canyon-Parashant National Monument Live Webcams,https://www.nationalparkcam.com/grand-canyon-parashant-national-monument-webcam,link,Road Descriptions and Difficulty Ratings,https://www.nps.gov/para/planyourvisit/road-descriptions-and-difficulty-ratings.htm
Grand Canyon-Parashant National Monument Live Webcams,https://www.nationalparkcam.com/grand-canyon-parashant-national-monument-webcam,link,Backcountry Camping,https://www.nps.gov/para/planyourvisit/camping.htm
Grand Canyon-Parashant National Monument Live Webcams,https://www.nationalparkcam.com/grand-canyon-parashant-national-monument-webcam,link,Recreation.gov,https://www.recreation.gov/gateways/2854
Grand Canyon-Parashant National Monument Live Webcams,https://www.nationalparkcam.com/grand-canyon-parashant-national-monument-webcam,link,Bureau of Land Management,https://www.blm.gov/visit/grand-canyon-parashant-national-monument
John Day Fossil Beds National Monument Live Webcams,https://www.nationalparkcam.com/john-day-fossil-beds-national-monument-webcam,embed,"Map, John Day Fossil Beds National Monument","https://maps-api-ssl.google.com/maps?hl=en-US&ll=44.6257,-119.8811&output=embed&q=44.6257,-119.8811+(John+Day+Fossil+Beds+National+Monument)&z=9"
John Day Fossil Beds National Monument Live Webcams,https://www.nationalparkcam.com/john-day-fossil-beds-national-monument-webcam,link,"John Day Fossil Beds National Monument (U.S. National Park Service) Colorful rock formations at John Day Fossil Beds preserve a world class record of plant and animal evolution, changing climate, and past ecosystems that span over 40 million years.",https://www.nps.gov/joda/index.htm
John Day Fossil Beds National Monument Live Webcams,https://www.nationalparkcam.com/john-day-fossil-beds-national-monument-webcam,link,Webcams - John Day Fossil Beds National Monument,https://www.nps.gov/joda/learn/photosmultimedia/webcams.htm
John Day Fossil Beds National Monument Live Webcams,https://www.nationalparkcam.com/john-day-fossil-beds-national-monument-webcam,link,Maps - John Day Fossil Beds National Monument,https://www.nps.gov/joda/planyourvisit/maps.htm
John Day Fossil Beds National Monument Live Webcams,https://www.nationalparkcam.com/john-day-fossil-beds-national-monument-webcam,link,Basic Information - John Day Fossil Beds National Monument,https://www.nps.gov/joda/planyourvisit/basicinfo.htm
John Day Fossil Beds National Monument Live Webcams,https://www.nationalparkcam.com/john-day-fossil-beds-national-monument-webcam,link,Directions and Transportation,https://www.nps.gov/joda/planyourvisit/directions.htm
John Day Fossil Beds National Monument Live Webcams,https://www.nationalparkcam.com/john-day-fossil-beds-national-monument-webcam,link,hiking trails,https://www.nps.gov/joda/planyourvisit/joda-hiking.htm
John Day Fossil Beds National Monument Live Webcams,https://www.nationalparkcam.com/john-day-fossil-beds-national-monument-webcam,link,Sheep Rock Unit Trails,https://www.nps.gov/joda/planyourvisit/sheep-rock-unit-trails.htm
John Day Fossil Beds National Monument Live Webcams,https://www.nationalparkcam.com/john-day-fossil-beds-national-monument-webcam,link,Painted Hills Unit Trails,https://www.nps.gov/joda/planyourvisit/painted-hills-unit-trails.htm
John Day Fossil Beds National Monument Live Webcams,https://www.nationalparkcam.com/john-day-fossil-beds-national-monument-webcam,link,Sheep Rock Unit,https://www.nps.gov/joda/planyourvisit/sr-unit.htm
John Day Fossil Beds National Monument Live Webcams,https://www.nationalparkcam.com/john-day-fossil-beds-national-monument-webcam,link,Painted Hills Unit,https://www.nps.gov/joda/planyourvisit/ptd-hills-unit.htm
John Day Fossil Beds National Monument Live Webcams,https://www.nationalparkcam.com/john-day-fossil-beds-national-monument-webcam,link,Clarno Unit,https://www.nps.gov/joda/planyourvisit/clarno.htm
John Day Fossil Beds National Monument Live Webcams,https://www.nationalparkcam.com/john-day-fossil-beds-national-monument-webcam,link,Clarno Unit Trails,https://www.nps.gov/joda/planyourvisit/clarno-unit-trails.htm
John Day Fossil Beds National Monument Live Webcams,https://www.nationalparkcam.com/john-day-fossil-beds-national-monument-webcam,link,Nearby Campgrounds,https://www.nps.gov/joda/planyourvisit/campgrounds.htm
John Day Fossil Beds National Monument Live Webcams,https://www.nationalparkcam.com/john-day-fossil-beds-national-monument-webcam,link,Campgrounds,https://www.nps.gov/joda/planyourvisit/campgrounds.htm
John Day Fossil Beds National Monument Live Webcams,https://www.nationalparkcam.com/john-day-fossil-beds-national-monument-webcam,link,Recreation.gov,https://www.recreation.gov/camping/gateways/2777
Badlands National Park Guide,https://www.national-parks.us/badlands-national-park,embed,"Map, Badlands National Park","https://maps-api-ssl.google.com/maps?hl=en-US&ll=43.8554,-102.3397&output=embed&q=43.8554,-102.3397+(Badlands+National+Park)&z=9"
Badlands National Park Guide,https://www.national-parks.us/badlands-national-park,link,"Badlands National Park (U.S. National Park Service) The rugged badlands, mixed-grass prairie, and fossil beds of South Dakota protect one of the richest Oligocene fossil deposits in North America.",https://www.nps.gov/badl/index.htm
Badlands National Park Guide,https://www.national-parks.us/badlands-national-park,link,Maps,https://www.nps.gov/badl/planyourvisit/maps.htm
Badlands National Park Guide,https://www.national-parks.us/badlands-national-park,link,Things To Do,https://www.nps.gov/badl/planyourvisit/things2do.htm
Badlands National Park Guide,https://www.national-parks.us/badlands-national-park,link,Camping,https://www.nps.gov/badl/planyourvisit/eatingsleeping.htm
Badlands National Park Guide,https://www.national-parks.us/badlands-national-park,link,Recreation.gov,https://www.recreation.gov/search?q=Badlands%20National%20Park&entity_type=recarea&inventory_type=camping
Badlands National Park Guide,https://www.national-parks.us/badlands-national-park,link,Wikipedia,https://en.wikipedia.org/wiki/Badlands_National_Park
Biscayne National Park Guide,https://www.national-parks.us/biscayne-national-park,embed,"Map, Biscayne National Park","https://maps-api-ssl.google.com/maps?hl=en-US&ll=25.4824,-80.2083&output=embed&q=25.4824,-80.2083+(Biscayne+National+Park)&z=9"
Biscayne National Park Guide,https://www.national-parks.us/biscayne-national-park,link,"Biscayne National Park (U.S. National Park Service) Biscayne protects a rare mix of turquoise water, mangrove shoreline, coral reefs, and islands at the northern end of the Florida Keys.",https://www.nps.gov/bisc/index.htm
Biscayne National Park Guide,https://www.national-parks.us/biscayne-national-park,link,Maps,https://www.nps.gov/bisc/planyourvisit/maps.htm
Biscayne National Park Guide,https://www.national-parks.us/biscayne-national-park,link,Things To Do,https://www.nps.gov/bisc/planyourvisit/things2do.htm
Biscayne National Park Guide,https://www.national-parks.us/biscayne-national-park,link,Boat Tours,https://www.nps.gov/bisc/planyourvisit/guidedtours.htm
Biscayne National Park Guide,https://www.national-parks.us/biscayne-national-park,link,Camping,https://www.nps.gov/bisc/planyourvisit/camping.htm
Biscayne National Park Guide,https://www.national-parks.us/biscayne-national-park,link,Wikipedia,https://en.wikipedia.org/wiki/Biscayne_National_Park
Canyonlands National Park Guide,https://www.national-parks.us/canyonlands-national-park,embed,"Map, Canyonlands National Park","https://maps-api-ssl.google.com/maps?hl=en-US&ll=38.3269,-109.8783&output=embed&q=38.3269,-109.8783+(Canyonlands+National+Park)&z=9"
Canyonlands National Park Guide,https://www.national-parks.us/canyonlands-national-park,link,"Canyonlands National Park (U.S. National Park Service) Canyonlands preserves a maze of canyons, mesas, buttes, arches, and river corridors carved by the Colorado River and Green River.",https://www.nps.gov/cany/index.htm
Canyonlands National Park Guide,https://www.national-parks.us/canyonlands-national-park,link,Maps,https://www.nps.gov/cany/planyourvisit/maps.htm
Canyonlands National Park Guide,https://www.national-parks.us/canyonlands-national-park,link,Things To Do,https://www.nps.gov/cany/planyourvisit/things2do.htm
Canyonlands National Park Guide,https://www.national-parks.us/canyonlands-national-park,link,Hiking,https://www.nps.gov/cany/planyourvisit/hiking.htm
Canyonlands National Park Guide,https://www.national-parks.us/canyonlands-national-park,link,Backpacking,https://www.nps.gov/cany/planyourvisit/backpacking.htm
Canyonlands National Park Guide,https://www.national-parks.us/canyonlands-national-park,link,Island in the Sky Campground,https://www.nps.gov/cany/planyourvisit/camp-isky.htm
Canyonlands National Park Guide,https://www.national-parks.us/canyonlands-national-park,link,The Needles Campground,https://www.nps.gov/cany/planyourvisit/camp-need.htm
Canyonlands National Park Guide,https://www.national-parks.us/canyonlands-national-park,link,Camping,https://www.nps.gov/cany/planyourvisit/camping.htm
Canyonlands National Park Guide,https://www.national-parks.us/canyonlands-national-park,link,Backcountry Camping,https://www.nps.gov/cany/planyourvisit/backcountry-camping.htm
Canyonlands National Park Guide,https://www.national-parks.us/canyonlands-national-park,link,Eating and Sleeping,https://www.nps.gov/cany/planyourvisit/eatingsleeping.htm
Canyonlands National Park Guide,https://www.national-parks.us/canyonlands-national-park,link,Goods and Services,https://www.nps.gov/cany/planyourvisit/goodsandservices.htm
Canyonlands National Park Guide,https://www.national-parks.us/canyonlands-national-park,link,Permits,https://www.nps.gov/cany/planyourvisit/permitsandreservations.htm
Canyonlands National Park Guide,https://www.national-parks.us/canyonlands-national-park,link,Recreation.gov,https://www.recreation.gov/search?q=Canyonlands%20National%20Park&entity_type=recarea&inventory_type=camping
Canyonlands National Park Guide,https://www.national-parks.us/canyonlands-national-park,link,Wikipedia,https://en.wikipedia.org/wiki/Canyonlands_National_Park
Capitol Reef National Park Guide,https://www.national-parks.us/capitol-reef-national-park,embed,"Map, Capitol Reef National Park","https://maps-api-ssl.google.com/maps?hl=en-US&ll=38.0877,-111.1355&output=embed&q=38.0877,-111.1355+(Capitol+Reef+National+Park)&z=9"
Capitol Reef National Park Guide,https://www.national-parks.us/capitol-reef-national-park,link,"Capitol Reef National Park (U.S. National Park Service) Capitol Reef protects the Waterpocket Fold, a long wrinkle in the earth, along with cliffs, domes, canyons, orchards, and historic Fruita landscapes.",https://www.nps.gov/care/index.htm
Capitol Reef National Park Guide,https://www.national-parks.us/capitol-reef-national-park,link,Maps,https://www.nps.gov/care/planyourvisit/maps.htm
Capitol Reef National Park Guide,https://www.national-parks.us/capitol-reef-national-park,link,Things To Do,https://www.nps.gov/care/planyourvisit/things2do.htm
Capitol Reef National Park Guide,https://www.national-parks.us/capitol-reef-national-park,link,Hiking,https://www.nps.gov/care/planyourvisit/hiking.htm
Capitol Reef National Park Guide,https://www.national-parks.us/capitol-reef-national-park,link,Camping,https://www.nps.gov/care/planyourvisit/campinga.htm
Capitol Reef National Park Guide,https://www.national-parks.us/capitol-reef-national-park,link,Recreation.gov,https://www.recreation.gov/search?q=Capitol%20Reef%20National%20Park&entity_type=recarea&inventory_type=camping
Capitol Reef National Park Guide,https://www.national-parks.us/capitol-reef-national-park,link,Wikipedia,https://en.wikipedia.org/wiki/Capitol_Reef_National_Park
Carlsbad Caverns National Park Guide,https://www.national-parks.us/carlsbad-caverns-national-park,embed,"Map, Carlsbad Caverns National Park","https://maps-api-ssl.google.com/maps?hl=en-US&ll=32.1479,-104.5567&output=embed&q=32.1479,-104.5567+(Carlsbad+Caverns+National+Park)&z=9"
Carlsbad Caverns National Park Guide,https://www.national-parks.us/carlsbad-caverns-national-park,link,"Carlsbad Caverns National Park (U.S. National Park Service) Carlsbad Caverns protects more than 100 caves beneath the Chihuahuan Desert, including the immense rooms and formations of Carlsbad Cavern.",https://www.nps.gov/cave/index.htm
Carlsbad Caverns National Park Guide,https://www.national-parks.us/carlsbad-caverns-national-park,link,Maps,https://www.nps.gov/cave/planyourvisit/maps.htm
Carlsbad Caverns National Park Guide,https://www.national-parks.us/carlsbad-caverns-national-park,link,Cave Tours,https://www.nps.gov/cave/planyourvisit/tour_schedule.htm
Carlsbad Caverns National Park Guide,https://www.national-parks.us/carlsbad-caverns-national-park,link,Reservations,https://www.recreation.gov/ticket/facility/234637
Carlsbad Caverns National Park Guide,https://www.national-parks.us/carlsbad-caverns-national-park,link,Things To Do,https://www.nps.gov/cave/planyourvisit/things2do.htm
Carlsbad Caverns National Park Guide,https://www.national-parks.us/carlsbad-caverns-national-park,link,Wikipedia,https://en.wikipedia.org/wiki/Carlsbad_Caverns_National_Park
Congaree National Park Guide,https://www.national-parks.us/congaree-national-park,embed,"Map, Congaree National Park","https://maps-api-ssl.google.com/maps?hl=en-US&ll=33.7919,-80.7487&output=embed&q=33.7919,-80.7487+(Congaree+National+Park)&z=9"
Congaree National Park Guide,https://www.national-parks.us/congaree-national-park,link,Congaree National Park (U.S. National Park Service) Congaree protects the largest intact expanse of old-growth bottomland hardwood forest remaining in the southeastern United States.,https://www.nps.gov/cong/index.htm
Congaree National Park Guide,https://www.national-parks.us/congaree-national-park,link,Maps,https://www.nps.gov/cong/planyourvisit/maps.htm
Congaree National Park Guide,https://www.national-parks.us/congaree-national-park,link,Things To Do,https://www.nps.gov/cong/planyourvisit/things2do.htm
Congaree National Park Guide,https://www.national-parks.us/congaree-national-park,link,Hiking,https://www.nps.gov/cong/planyourvisit/hiking.htm
Congaree National Park Guide,https://www.national-parks.us/congaree-national-park,link,Canoe Trail,https://www.nps.gov/cong/planyourvisit/canoeing.htm
Congaree National Park Guide,https://www.national-parks.us/congaree-national-park,link,Camping,https://www.nps.gov/cong/planyourvisit/camping.htm
Congaree National Park Guide,https://www.national-parks.us/congaree-national-park,link,Recreation.gov,https://www.recreation.gov/search?q=Congaree%20National%20Park&entity_type=recarea&inventory_type=camping
Congaree National Park Guide,https://www.national-parks.us/congaree-national-park,link,Wikipedia,https://en.wikipedia.org/wiki/Congaree_National_Park
Cuyahoga Valley National Park Guide,https://www.national-parks.us/cuyahoga-valley-national-park,embed,"Map, Cuyahoga Valley National Park","https://maps-api-ssl.google.com/maps?hl=en-US&ll=41.2808,-81.5678&output=embed&q=41.2808,-81.5678+(Cuyahoga+Valley+National+Park)&z=9"
Cuyahoga Valley National Park Guide,https://www.national-parks.us/cuyahoga-valley-national-park,link,"Cuyahoga Valley National Park (U.S. National Park Service) Cuyahoga Valley follows the Cuyahoga River between Cleveland and Akron, protecting forests, farms, waterfalls, wetlands, and canal history.",https://www.nps.gov/cuva/index.htm
Cuyahoga Valley National Park Guide,https://www.national-parks.us/cuyahoga-valley-national-park,link,Maps,https://www.nps.gov/cuva/planyourvisit/maps.htm
Cuyahoga Valley National Park Guide,https://www.national-parks.us/cuyahoga-valley-national-park,link,Things To Do,https://www.nps.gov/cuva/planyourvisit/things2do.htm
Cuyahoga Valley National Park Guide,https://www.national-parks.us/cuyahoga-valley-national-park,link,Hiking,https://www.nps.gov/cuva/planyourvisit/hiking.htm
Cuyahoga Valley National Park Guide,https://www.national-parks.us/cuyahoga-valley-national-park,link,Scenic Railroad,https://www.nps.gov/cuva/planyourvisit/train.htm
Cuyahoga Valley National Park Guide,https://www.national-parks.us/cuyahoga-valley-national-park,link,Wikipedia,https://en.wikipedia.org/wiki/Cuyahoga_Valley_National_Park
Death Valley National Park Guide,https://www.national-parks.us/death-valley-national-park,embed,"Map, Death Valley National Park","https://maps-api-ssl.google.com/maps?hl=en-US&ll=36.5323,-116.9325&output=embed&q=36.5323,-116.9325+(Death+Valley+National+Park)&z=9"
Death Valley National Park Guide,https://www.national-parks.us/death-valley-national-park,link,"Death Valley National Park (U.S. National Park Service) Death Valley is the hottest, driest, and lowest national park, with salt flats, dunes, badlands, mountains, canyons, and spring wildflower displays.",https://www.nps.gov/deva/index.htm
Death Valley National Park Guide,https://www.national-parks.us/death-valley-national-park,link,Maps,https://www.nps.gov/deva/planyourvisit/maps.htm
Death Valley National Park Guide,https://www.national-parks.us/death-valley-national-park,link,Things To Do,https://www.nps.gov/deva/planyourvisit/things2do.htm
Death Valley National Park Guide,https://www.national-parks.us/death-valley-national-park,link,Hiking,https://www.nps.gov/deva/planyourvisit/hiking.htm
Death Valley National Park Guide,https://www.national-parks.us/death-valley-national-park,link,Backpacking,https://www.nps.gov/deva/planyourvisit/backpacking.htm
Death Valley National Park Guide,https://www.national-parks.us/death-valley-national-park,link,Safety,https://www.nps.gov/deva/planyourvisit/safety.htm
Death Valley National Park Guide,https://www.national-parks.us/death-valley-national-park,link,Camping,https://www.nps.gov/deva/planyourvisit/camping-in-death-valley.htm
Death Valley National Park Guide,https://www.national-parks.us/death-valley-national-park,link,Recreation.gov,https://www.recreation.gov/search?q=Death%20Valley%20National%20Park&entity_type=recarea&inventory_type=camping
Death Valley National Park Guide,https://www.national-parks.us/death-valley-national-park,link,Wikipedia,https://en.wikipedia.org/wiki/Death_Valley_National_Park
Dry Tortugas National Park Guide,https://www.national-parks.us/dry-tortugas-national-park,embed,"Map, Dry Tortugas National Park","https://maps-api-ssl.google.com/maps?hl=en-US&ll=24.6285,-82.8732&output=embed&q=24.6285,-82.8732+(Dry+Tortugas+National+Park)&z=9"
Dry Tortugas National Park Guide,https://www.national-parks.us/dry-tortugas-national-park,link,"Dry Tortugas National Park (U.S. National Park Service) Dry Tortugas protects Fort Jefferson, coral reefs, blue water, bird habitat, and remote islands about 70 miles west of Key West.",https://www.nps.gov/drto/index.htm
Dry Tortugas National Park Guide,https://www.national-parks.us/dry-tortugas-national-park,link,Maps,https://www.nps.gov/drto/planyourvisit/maps.htm
Dry Tortugas National Park Guide,https://www.national-parks.us/dry-tortugas-national-park,link,Things To Do,https://www.nps.gov/drto/planyourvisit/things2do.htm
Dry Tortugas National Park Guide,https://www.national-parks.us/dry-tortugas-national-park,link,Ferry,https://www.nps.gov/drto/planyourvisit/index.htm
Dry Tortugas National Park Guide,https://www.national-parks.us/dry-tortugas-national-park,link,Camping,https://www.nps.gov/drto/planyourvisit/camping.htm
Dry Tortugas National Park Guide,https://www.national-parks.us/dry-tortugas-national-park,link,Wikipedia,https://en.wikipedia.org/wiki/Dry_Tortugas_National_Park
Gates of the Arctic National Park and Preserve Guide,https://www.national-parks.us/gates-of-the-arctic-national-park,embed,"Map, Gates of the Arctic National Park and Preserve","https://maps-api-ssl.google.com/maps?hl=en-US&ll=67.78,-153.3&output=embed&q=67.78,-153.3+(Gates+of+the+Arctic+National+Park+and+Preserve)&z=9"
Gates of the Arctic National Park and Preserve Guide,https://www.national-parks.us/gates-of-the-arctic-national-park,link,"Gates of the Arctic National Park and Preserve (U.S. National Park Service) Gates of the Arctic protects a roadless Brooks Range wilderness of wild rivers, mountains, tundra, and intact Arctic ecosystems.",https://www.nps.gov/gaar/index.htm
Gates of the Arctic National Park and Preserve Guide,https://www.national-parks.us/gates-of-the-arctic-national-park,link,Maps,https://www.nps.gov/gaar/planyourvisit/maps.htm
Gates of the Arctic National Park and Preserve Guide,https://www.national-parks.us/gates-of-the-arctic-national-park,link,Things To Do,https://www.nps.gov/gaar/planyourvisit/things2do.htm
Gates of the Arctic National Park and Preserve Guide,https://www.national-parks.us/gates-of-the-arctic-national-park,link,Backcountry,https://www.nps.gov/gaar/planyourvisit/bcorientation.htm
Gates of the Arctic National Park and Preserve Guide,https://www.national-parks.us/gates-of-the-arctic-national-park,link,Safety,https://www.nps.gov/gaar/planyourvisit/safety.htm
Gates of the Arctic National Park and Preserve Guide,https://www.national-parks.us/gates-of-the-arctic-national-park,link,Wikipedia,https://en.wikipedia.org/wiki/Gates_of_the_Arctic_National_Park
Gateway Arch National Park Guide,https://www.national-parks.us/gateway-arch-national-park,embed,"Map, Gateway Arch National Park","https://maps-api-ssl.google.com/maps?hl=en-US&ll=38.6247,-90.1848&output=embed&q=38.6247,-90.1848+(Gateway+Arch+National+Park)&z=9"
Gateway Arch National Park Guide,https://www.national-parks.us/gateway-arch-national-park,link,"Gateway Arch National Park (U.S. National Park Service) Gateway Arch National Park preserves the St. Louis riverfront, the Gateway Arch, and the Old Courthouse as places tied to westward expansion and civil rights history.",https://www.nps.gov/jeff/index.htm
Gateway Arch National Park Guide,https://www.national-parks.us/gateway-arch-national-park,link,Maps,https://www.nps.gov/jeff/planyourvisit/maps.htm
Gateway Arch National Park Guide,https://www.national-parks.us/gateway-arch-national-park,link,Things To Do,https://www.nps.gov/jeff/planyourvisit/things2do.htm
Gateway Arch National Park Guide,https://www.national-parks.us/gateway-arch-national-park,link,Fees and Passes,https://www.nps.gov/jeff/planyourvisit/fees.htm
Gateway Arch National Park Guide,https://www.national-parks.us/gateway-arch-national-park,link,Tram Tickets,https://www.gatewayarch.com/buy-tickets/
Gateway Arch National Park Guide,https://www.national-parks.us/gateway-arch-national-park,link,Wikipedia,https://en.wikipedia.org/wiki/Gateway_Arch_National_Park
Great Basin National Park Guide,https://www.national-parks.us/great-basin-national-park,embed,"Map, Great Basin National Park","https://maps-api-ssl.google.com/maps?hl=en-US&ll=38.9833,-114.3&output=embed&q=38.9833,-114.3+(Great+Basin+National+Park)&z=9"
Great Basin National Park Guide,https://www.national-parks.us/great-basin-national-park,link,"Great Basin National Park (U.S. National Park Service) Great Basin protects ancient bristlecone pines, Lehman Caves, dark night skies, alpine lakes, sagebrush basins, and Wheeler Peak.",https://www.nps.gov/grba/index.htm
Great Basin National Park Guide,https://www.national-parks.us/great-basin-national-park,link,Maps,https://www.nps.gov/grba/planyourvisit/maps.htm
Great Basin National Park Guide,https://www.national-parks.us/great-basin-national-park,link,Things To Do,https://www.nps.gov/grba/planyourvisit/things2do.htm
Great Basin National Park Guide,https://www.national-parks.us/great-basin-national-park,link,Lehman Caves,https://www.nps.gov/grba/planyourvisit/lehman-caves-tours.htm
Great Basin National Park Guide,https://www.national-parks.us/great-basin-national-park,link,Camping,https://www.nps.gov/grba/planyourvisit/camping.htm
Great Basin National Park Guide,https://www.national-parks.us/great-basin-national-park,link,Recreation.gov,https://www.recreation.gov/search?q=Great%20Basin%20National%20Park&entity_type=recarea&inventory_type=camping
Great Basin National Park Guide,https://www.national-parks.us/great-basin-national-park,link,Wikipedia,https://en.wikipedia.org/wiki/Great_Basin_National_Park
Great Sand Dunes National Park and Preserve Guide,https://www.national-parks.us/great-sand-dunes-national-park,embed,"Map, Great Sand Dunes National Park and Preserve","https://maps-api-ssl.google.com/maps?hl=en-US&ll=37.7916,-105.5943&output=embed&q=37.7916,-105.5943+(Great+Sand+Dunes+National+Park+and+Preserve)&z=9"
Great Sand Dunes National Park and Preserve Guide,https://www.national-parks.us/great-sand-dunes-national-park,link,"Great Sand Dunes National Park and Preserve (U.S. National Park Service) Great Sand Dunes protects the tallest dunes in North America, backed by wetlands, grasslands, alpine lakes, forests, and the Sangre de Cristo Mountains.",https://www.nps.gov/grsa/index.htm
Great Sand Dunes National Park and Preserve Guide,https://www.national-parks.us/great-sand-dunes-national-park,link,Maps,https://www.nps.gov/grsa/planyourvisit/maps.htm
Great Sand Dunes National Park and Preserve Guide,https://www.national-parks.us/great-sand-dunes-national-park,link,Things To Do,https://www.nps.gov/grsa/planyourvisit/things2do.htm
Great Sand Dunes National Park and Preserve Guide,https://www.national-parks.us/great-sand-dunes-national-park,link,Hiking,https://www.nps.gov/grsa/planyourvisit/hiking.htm
Great Sand Dunes National Park and Preserve Guide,https://www.national-parks.us/great-sand-dunes-national-park,link,Backpacking,https://www.nps.gov/grsa/planyourvisit/backpacking.htm
Great Sand Dunes National Park and Preserve Guide,https://www.national-parks.us/great-sand-dunes-national-park,link,Sandboarding and Sledding,https://www.nps.gov/grsa/planyourvisit/sandboardingsandsledding.htm
Great Sand Dunes National Park and Preserve Guide,https://www.national-parks.us/great-sand-dunes-national-park,link,Camping,https://www.nps.gov/grsa/planyourvisit/camping.htm
Great Sand Dunes National Park and Preserve Guide,https://www.national-parks.us/great-sand-dunes-national-park,link,Recreation.gov,https://www.recreation.gov/search?q=Great%20Sand%20Dunes%20National%20Park%20and%20Preserve&entity_type=recarea&inventory_type=camping
Great Sand Dunes National Park and Preserve Guide,https://www.national-parks.us/great-sand-dunes-national-park,link,Wikipedia,https://en.wikipedia.org/wiki/Great_Sand_Dunes_National_Park
Hot Springs National Park Guide,https://www.national-parks.us/hot-springs-national-park,embed,"Map, Hot Springs National Park","https://maps-api-ssl.google.com/maps?hl=en-US&ll=34.5215,-93.0422&output=embed&q=34.5215,-93.0422+(Hot+Springs+National+Park)&z=9"
Hot Springs National Park Guide,https://www.national-parks.us/hot-springs-national-park,link,"Hot Springs National Park (U.S. National Park Service) Hot Springs protects thermal springs, Bathhouse Row, forested Ouachita Mountain trails, and a long history of public bathing and wellness tourism.",https://www.nps.gov/hosp/index.htm
Hot Springs National Park Guide,https://www.national-parks.us/hot-springs-national-park,link,Maps,https://www.nps.gov/hosp/planyourvisit/maps.htm
Hot Springs National Park Guide,https://www.national-parks.us/hot-springs-national-park,link,Things To Do,https://www.nps.gov/hosp/planyourvisit/things2do.htm
Hot Springs National Park Guide,https://www.national-parks.us/hot-springs-national-park,link,Bathhouse Row,https://www.nps.gov/hosp/learn/historyculture/bathhouse-row-today.htm
Hot Springs National Park Guide,https://www.national-parks.us/hot-springs-national-park,link,Camping,https://www.nps.gov/hosp/planyourvisit/camping.htm
Hot Springs National Park Guide,https://www.national-parks.us/hot-springs-national-park,link,Recreation.gov,https://www.recreation.gov/search?q=Hot%20Springs%20National%20Park&entity_type=recarea&inventory_type=camping
Hot Springs National Park Guide,https://www.national-parks.us/hot-springs-national-park,link,Wikipedia,https://en.wikipedia.org/wiki/Hot_Springs_National_Park
Indiana Dunes National Park Guide,https://www.national-parks.us/indiana-dunes-national-park,embed,"Map, Indiana Dunes National Park","https://maps-api-ssl.google.com/maps?hl=en-US&ll=41.6533,-87.0524&output=embed&q=41.6533,-87.0524+(Indiana+Dunes+National+Park)&z=9"
Indiana Dunes National Park Guide,https://www.national-parks.us/indiana-dunes-national-park,link,"Indiana Dunes National Park (U.S. National Park Service) Indiana Dunes protects Lake Michigan beaches, dunes, wetlands, oak savannas, prairies, and historic sites along the southern shore of the lake.",https://www.nps.gov/indu/index.htm
Indiana Dunes National Park Guide,https://www.national-parks.us/indiana-dunes-national-park,link,Maps,https://www.nps.gov/indu/planyourvisit/maps.htm
Indiana Dunes National Park Guide,https://www.national-parks.us/indiana-dunes-national-park,link,Things To Do,https://www.nps.gov/indu/planyourvisit/things2do.htm
Indiana Dunes National Park Guide,https://www.national-parks.us/indiana-dunes-national-park,link,Hiking,https://www.nps.gov/indu/planyourvisit/hiking.htm
Indiana Dunes National Park Guide,https://www.national-parks.us/indiana-dunes-national-park,link,Beaches,https://www.nps.gov/indu/planyourvisit/index.htm
Indiana Dunes National Park Guide,https://www.national-parks.us/indiana-dunes-national-park,link,Camping,https://www.nps.gov/indu/planyourvisit/campgrounds.htm
Indiana Dunes National Park Guide,https://www.national-parks.us/indiana-dunes-national-park,link,Recreation.gov,https://www.recreation.gov/search?q=Indiana%20Dunes%20National%20Park&entity_type=recarea&inventory_type=camping
Indiana Dunes National Park Guide,https://www.national-parks.us/indiana-dunes-national-park,link,Wikipedia,https://en.wikipedia.org/wiki/Indiana_Dunes_National_Park
Kenai Fjords National Park Guide,https://www.national-parks.us/kenai-fjords-national-park,embed,"Map, Kenai Fjords National Park","https://maps-api-ssl.google.com/maps?hl=en-US&ll=59.818,-150.1066&output=embed&q=59.818,-150.1066+(Kenai+Fjords+National+Park)&z=9"
Kenai Fjords National Park Guide,https://www.national-parks.us/kenai-fjords-national-park,link,"Kenai Fjords National Park (U.S. National Park Service) Kenai Fjords protects the Harding Icefield, tidewater glaciers, coastal fjords, marine wildlife, and rugged mountains near Seward, Alaska.",https://www.nps.gov/kefj/index.htm
Kenai Fjords National Park Guide,https://www.national-parks.us/kenai-fjords-national-park,link,Maps,https://www.nps.gov/kefj/planyourvisit/maps.htm
Kenai Fjords National Park Guide,https://www.national-parks.us/kenai-fjords-national-park,link,Things To Do,https://www.nps.gov/kefj/planyourvisit/things2do.htm
Kenai Fjords National Park Guide,https://www.national-parks.us/kenai-fjords-national-park,link,Exit Glacier,https://www.nps.gov/kefj/planyourvisit/exit-glacier-area.htm
Kenai Fjords National Park Guide,https://www.national-parks.us/kenai-fjords-national-park,link,Hiking,https://www.nps.gov/kefj/planyourvisit/hiking.htm
Kenai Fjords National Park Guide,https://www.national-parks.us/kenai-fjords-national-park,link,Camping,https://www.nps.gov/kefj/planyourvisit/camping.htm
Kenai Fjords National Park Guide,https://www.national-parks.us/kenai-fjords-national-park,link,Wikipedia,https://en.wikipedia.org/wiki/Kenai_Fjords_National_Park
Kobuk Valley National Park Guide,https://www.national-parks.us/kobuk-valley-national-park,embed,"Map, Kobuk Valley National Park","https://maps-api-ssl.google.com/maps?hl=en-US&ll=67.3356,-159.1281&output=embed&q=67.3356,-159.1281+(Kobuk+Valley+National+Park)&z=9"
Kobuk Valley National Park Guide,https://www.national-parks.us/kobuk-valley-national-park,link,"Kobuk Valley National Park (U.S. National Park Service) Kobuk Valley protects Arctic wilderness, the Great Kobuk Sand Dunes, the Kobuk River, and caribou migration routes in northwest Alaska.",https://www.nps.gov/kova/index.htm
Kobuk Valley National Park Guide,https://www.national-parks.us/kobuk-valley-national-park,link,Maps,https://www.nps.gov/kova/planyourvisit/maps.htm
Kobuk Valley National Park Guide,https://www.national-parks.us/kobuk-valley-national-park,link,Things To Do,https://www.nps.gov/kova/planyourvisit/things2do.htm
Kobuk Valley National Park Guide,https://www.national-parks.us/kobuk-valley-national-park,link,Directions,https://www.nps.gov/kova/planyourvisit/directions.htm
Kobuk Valley National Park Guide,https://www.national-parks.us/kobuk-valley-national-park,link,Safety,https://www.nps.gov/kova/planyourvisit/safety.htm
Kobuk Valley National Park Guide,https://www.national-parks.us/kobuk-valley-national-park,link,Wikipedia,https://en.wikipedia.org/wiki/Kobuk_Valley_National_Park
Lake Clark National Park Guide,https://www.national-parks.us/lake-clark-national-park,embed,"Map, Lake Clark National Park","https://maps-api-ssl.google.com/maps?hl=en-US&ll=60.4127,-154.3235&output=embed&q=60.4127,-154.3235+(Lake+Clark+National+Park)&z=8"
Lake Clark National Park Guide,https://www.national-parks.us/lake-clark-national-park,link,"Lake Clark National Park and Preserve (U.S. National Park Service) Lake Clark protects volcanoes, turquoise lakes, salmon streams, glaciers, coast, tundra, and wilderness in southwest Alaska.",https://www.nps.gov/lacl/index.htm
Lake Clark National Park Guide,https://www.national-parks.us/lake-clark-national-park,link,Maps,https://www.nps.gov/lacl/planyourvisit/maps.htm
Lake Clark National Park Guide,https://www.national-parks.us/lake-clark-national-park,link,Things To Do,https://www.nps.gov/lacl/planyourvisit/things2do.htm
Lake Clark National Park Guide,https://www.national-parks.us/lake-clark-national-park,link,Camping and Backpacking,https://www.nps.gov/lacl/planyourvisit/camping-and-backpacking.htm
Lake Clark National Park Guide,https://www.national-parks.us/lake-clark-national-park,link,Bear Safety,https://www.nps.gov/lacl/planyourvisit/bear-safety.htm
Lake Clark National Park Guide,https://www.national-parks.us/lake-clark-national-park,link,Wikipedia,https://en.wikipedia.org/wiki/Lake_Clark_National_Park_and_Preserve
Badlands National Park Guide,https://www.national-parks.us/badlands-national-park,link,Castle Trail,https://www.nps.gov/badl/planyourvisit/hiking-trails.htm
Badlands National Park Guide,https://www.national-parks.us/badlands-national-park,link,Door Trail,https://www.nps.gov/places/door-trail.htm
Badlands National Park Guide,https://www.national-parks.us/badlands-national-park,link,NPS Hiking Trail Recommendations page,https://www.nps.gov/badl/planyourvisit/hiking-trails.htm
Badlands National Park Guide,https://www.national-parks.us/badlands-national-park,link,NPS Hiking Trails page,https://www.nps.gov/badl/planyourvisit/hiking-trails.htm
Badlands National Park Guide,https://www.national-parks.us/badlands-national-park,link,NPS Hiking page,https://www.nps.gov/badl/planyourvisit/hiking-trails.htm
Badlands National Park Guide,https://www.national-parks.us/badlands-national-park,link,NPS Trails page,https://www.nps.gov/badl/planyourvisit/hiking-trails.htm
Badlands National Park Guide,https://www.national-parks.us/badlands-national-park,link,Notch Trail,https://www.nps.gov/places/notch-trail.htm
Badlands National Park Guide,https://www.national-parks.us/badlands-national-park,link,Saddle Pass Trail,https://www.nps.gov/badl/planyourvisit/hiking-trails.htm
Badlands National Park Guide,https://www.national-parks.us/badlands-national-park,link,Window Trail,https://www.nps.gov/places/window-trail.htm
Canyonlands National Park Guide,https://www.national-parks.us/canyonlands-national-park,link,Druid Arch,https://www.nps.gov/places/druid-arch-trail.htm
Canyonlands National Park Guide,https://www.national-parks.us/canyonlands-national-park,link,Gooseberry Canyon,https://www.nps.gov/places/gooseberry-trail.htm
Canyonlands National Park Guide,https://www.national-parks.us/canyonlands-national-park,link,Horseshoe Canyon,https://www.nps.gov/cany/planyourvisit/horseshoecanyon.htm
Canyonlands National Park Guide,https://www.national-parks.us/canyonlands-national-park,link,Mesa Arch,https://www.nps.gov/places/mesa-arch.htm
Canyonlands National Park Guide,https://www.national-parks.us/canyonlands-national-park,link,NPS Hiking Trail Recommendations page,https://www.nps.gov/cany/planyourvisit/hiking.htm
Canyonlands National Park Guide,https://www.national-parks.us/canyonlands-national-park,link,NPS Hiking Trails page,https://www.nps.gov/cany/planyourvisit/hiking.htm
Canyonlands National Park Guide,https://www.national-parks.us/canyonlands-national-park,link,NPS Hiking page,https://www.nps.gov/cany/planyourvisit/hiking.htm
Canyonlands National Park Guide,https://www.national-parks.us/canyonlands-national-park,link,NPS Trails page,https://www.nps.gov/cany/planyourvisit/hiking.htm
Canyonlands National Park Guide,https://www.national-parks.us/canyonlands-national-park,link,Upheaval Dome,https://www.nps.gov/articles/cany-upheaval-dome.htm
Capitol Reef National Park Guide,https://www.national-parks.us/capitol-reef-national-park,link,Cassidy Arch Trail,https://www.nps.gov/thingstodo/hike-a-strenuous-trail.htm
Capitol Reef National Park Guide,https://www.national-parks.us/capitol-reef-national-park,link,Grand Wash Trail,https://www.nps.gov/thingstodo/hike-an-easy-or-moderate-trail.htm
Capitol Reef National Park Guide,https://www.national-parks.us/capitol-reef-national-park,link,Hickman Bridge Trail,https://www.nps.gov/thingstodo/hike-an-easy-or-moderate-trail.htm
Capitol Reef National Park Guide,https://www.national-parks.us/capitol-reef-national-park,link,NPS Hiking Trail Recommendations page,https://www.nps.gov/care/planyourvisit/hiking.htm
Capitol Reef National Park Guide,https://www.national-parks.us/capitol-reef-national-park,link,NPS Hiking Trails page,https://www.nps.gov/care/planyourvisit/hiking.htm
Capitol Reef National Park Guide,https://www.national-parks.us/capitol-reef-national-park,link,NPS Hiking page,https://www.nps.gov/care/planyourvisit/hiking.htm
Capitol Reef National Park Guide,https://www.national-parks.us/capitol-reef-national-park,link,NPS Trails page,https://www.nps.gov/care/planyourvisit/hiking.htm
Capitol Reef National Park Guide,https://www.national-parks.us/capitol-reef-national-park,link,Navajo Knobs,https://www.nps.gov/care/planyourvisit/trailguide.htm
Capitol Reef National Park Guide,https://www.national-parks.us/capitol-reef-national-park,link,Rim Overlook Trail,https://www.nps.gov/care/planyourvisit/trailguide.htm
Congaree National Park Guide,https://www.national-parks.us/congaree-national-park,link,Boardwalk Loop Trail,https://www.nps.gov/cong/planyourvisit/trail-information.htm
Congaree National Park Guide,https://www.national-parks.us/congaree-national-park,link,Kingsnake Trail,https://www.nps.gov/cong/planyourvisit/trail-information.htm
Congaree National Park Guide,https://www.national-parks.us/congaree-national-park,link,NPS Hiking Trail Recommendations page,https://www.nps.gov/cong/planyourvisit/trail-information.htm
Congaree National Park Guide,https://www.national-parks.us/congaree-national-park,link,NPS Hiking Trails page,https://www.nps.gov/cong/planyourvisit/trail-information.htm
Congaree National Park Guide,https://www.national-parks.us/congaree-national-park,link,NPS Hiking page,https://www.nps.gov/cong/planyourvisit/trail-information.htm
Congaree National Park Guide,https://www.national-parks.us/congaree-national-park,link,NPS Trails page,https://www.nps.gov/cong/planyourvisit/trail-information.htm
Congaree National Park Guide,https://www.national-parks.us/congaree-national-park,link,Oakridge Trail,https://www.nps.gov/cong/planyourvisit/trail-information.htm
Congaree National Park Guide,https://www.national-parks.us/congaree-national-park,link,River Trail,https://www.nps.gov/cong/planyourvisit/trail-information.htm
Congaree National Park Guide,https://www.national-parks.us/congaree-national-park,link,Weston Lake Loop Trail,https://www.nps.gov/cong/planyourvisit/trail-information.htm
Cuyahoga Valley National Park Guide,https://www.national-parks.us/cuyahoga-valley-national-park,link,Blue Hen Falls,https://www.nps.gov/cuva/planyourvisit/hiking.htm
Cuyahoga Valley National Park Guide,https://www.national-parks.us/cuyahoga-valley-national-park,link,Brandywine Gorge Trail,https://www.nps.gov/cuva/planyourvisit/hiking.htm
Cuyahoga Valley National Park Guide,https://www.national-parks.us/cuyahoga-valley-national-park,link,Ledges Trail,https://www.nps.gov/places/000/ledges-trailhead.htm
Cuyahoga Valley National Park Guide,https://www.national-parks.us/cuyahoga-valley-national-park,link,NPS Hiking Trail Recommendations page,https://www.nps.gov/cuva/planyourvisit/hiking.htm
Cuyahoga Valley National Park Guide,https://www.national-parks.us/cuyahoga-valley-national-park,link,NPS Hiking Trails page,https://www.nps.gov/cuva/planyourvisit/hiking.htm
Cuyahoga Valley National Park Guide,https://www.national-parks.us/cuyahoga-valley-national-park,link,NPS Hiking page,https://www.nps.gov/cuva/planyourvisit/hiking.htm
Cuyahoga Valley National Park Guide,https://www.national-parks.us/cuyahoga-valley-national-park,link,NPS Trails page,https://www.nps.gov/cuva/planyourvisit/hiking.htm
Cuyahoga Valley National Park Guide,https://www.national-parks.us/cuyahoga-valley-national-park,link,Oak Hill and Plateau Trail,https://www.nps.gov/cuva/planyourvisit/hiking.htm
Cuyahoga Valley National Park Guide,https://www.national-parks.us/cuyahoga-valley-national-park,link,Ohio and Erie Canal Towpath Trail,https://www.nps.gov/cuva/planyourvisit/ohio-and-erie-canal-towpath-trail.htm
Death Valley National Park Guide,https://www.national-parks.us/death-valley-national-park,link,Badwater Salt Flat,https://www.nps.gov/deva/planyourvisit/hiking.htm#Badwater
Death Valley National Park Guide,https://www.national-parks.us/death-valley-national-park,link,Golden Canyon and Gower Gulch Loop,https://www.nps.gov/deva/planyourvisit/hiking.htm#Golden
Death Valley National Park Guide,https://www.national-parks.us/death-valley-national-park,link,Mesquite Flat Sand Dunes,https://www.nps.gov/deva/planyourvisit/hiking.htm#Mesquite
Death Valley National Park Guide,https://www.national-parks.us/death-valley-national-park,link,Mosaic Canyon,https://www.nps.gov/deva/planyourvisit/mosaic-canyon.htm
Death Valley National Park Guide,https://www.national-parks.us/death-valley-national-park,link,NPS Hiking Trail Recommendations page,https://www.nps.gov/deva/planyourvisit/hiking.htm
Death Valley National Park Guide,https://www.national-parks.us/death-valley-national-park,link,NPS Hiking Trails page,https://www.nps.gov/deva/planyourvisit/hiking.htm
Death Valley National Park Guide,https://www.national-parks.us/death-valley-national-park,link,NPS Hiking page,https://www.nps.gov/deva/planyourvisit/hiking.htm
Death Valley National Park Guide,https://www.national-parks.us/death-valley-national-park,link,NPS Trails page,https://www.nps.gov/deva/planyourvisit/hiking.htm
Death Valley National Park Guide,https://www.national-parks.us/death-valley-national-park,link,Telescope Peak,https://www.nps.gov/deva/planyourvisit/telescope-peak.htm
Dry Tortugas National Park Guide,https://www.national-parks.us/dry-tortugas-national-park,link,Bush Key Walk,https://www.nps.gov/drto/planyourvisit/hiking.htm
Dry Tortugas National Park Guide,https://www.national-parks.us/dry-tortugas-national-park,link,"Dry Tortugas has very limited land area, so its",https://www.nps.gov/drto/planyourvisit/hiking.htm
Dry Tortugas National Park Guide,https://www.national-parks.us/dry-tortugas-national-park,link,Fort Jefferson Loop,https://www.nps.gov/drto/planyourvisit/hiking.htm
Dry Tortugas National Park Guide,https://www.national-parks.us/dry-tortugas-national-park,link,Garden Key Beach Walk,https://www.nps.gov/drto/planyourvisit/hiking.htm
Dry Tortugas National Park Guide,https://www.national-parks.us/dry-tortugas-national-park,link,Loggerhead Key,https://www.nps.gov/drto/planyourvisit/hiking.htm
Dry Tortugas National Park Guide,https://www.national-parks.us/dry-tortugas-national-park,link,Moat Wall Walk,https://www.nps.gov/drto/planyourvisit/hiking.htm
Dry Tortugas National Park Guide,https://www.national-parks.us/dry-tortugas-national-park,link,NPS Hiking Trail Recommendations page,https://www.nps.gov/drto/planyourvisit/hiking.htm
Dry Tortugas National Park Guide,https://www.national-parks.us/dry-tortugas-national-park,link,NPS Hiking Trails page,https://www.nps.gov/drto/planyourvisit/hiking.htm
Dry Tortugas National Park Guide,https://www.national-parks.us/dry-tortugas-national-park,link,NPS Hiking page,https://www.nps.gov/drto/planyourvisit/hiking.htm
Dry Tortugas National Park Guide,https://www.national-parks.us/dry-tortugas-national-park,link,NPS Trails page,https://www.nps.gov/drto/planyourvisit/hiking.htm
Great Sand Dunes National Park and Preserve Guide,https://www.national-parks.us/great-sand-dunes-national-park,link,Hidden Dune,https://www.nps.gov/grsa/planyourvisit/hiking.htm
Great Sand Dunes National Park and Preserve Guide,https://www.national-parks.us/great-sand-dunes-national-park,link,High Dune on First Ridge,https://www.nps.gov/grsa/planyourvisit/hiking.htm
Great Sand Dunes National Park and Preserve Guide,https://www.national-parks.us/great-sand-dunes-national-park,link,Medano Lake Trail,https://www.nps.gov/grsa/planyourvisit/hiking.htm
Great Sand Dunes National Park and Preserve Guide,https://www.national-parks.us/great-sand-dunes-national-park,link,Mosca Pass Trail,https://www.nps.gov/grsa/planyourvisit/hiking.htm
Great Sand Dunes National Park and Preserve Guide,https://www.national-parks.us/great-sand-dunes-national-park,link,NPS Hiking Trail Recommendations page,https://www.nps.gov/grsa/planyourvisit/hiking.htm
Great Sand Dunes National Park and Preserve Guide,https://www.national-parks.us/great-sand-dunes-national-park,link,NPS Hiking Trails page,https://www.nps.gov/grsa/planyourvisit/hiking.htm
Great Sand Dunes National Park and Preserve Guide,https://www.national-parks.us/great-sand-dunes-national-park,link,NPS Hiking page,https://www.nps.gov/grsa/planyourvisit/hiking.htm
Great Sand Dunes National Park and Preserve Guide,https://www.national-parks.us/great-sand-dunes-national-park,link,NPS Trails page,https://www.nps.gov/grsa/planyourvisit/hiking.htm
Great Sand Dunes National Park and Preserve Guide,https://www.national-parks.us/great-sand-dunes-national-park,link,Star Dune,https://www.nps.gov/grsa/planyourvisit/hiking.htm
Hot Springs National Park Guide,https://www.national-parks.us/hot-springs-national-park,link,Goat Rock Trail,https://www.nps.gov/hosp/planyourvisit/trails.htm
Hot Springs National Park Guide,https://www.national-parks.us/hot-springs-national-park,link,Gulpha Gorge Trail,https://www.nps.gov/hosp/planyourvisit/trails.htm
Hot Springs National Park Guide,https://www.national-parks.us/hot-springs-national-park,link,Hot Springs Mountain Trail,https://www.nps.gov/hosp/planyourvisit/trails.htm
Hot Springs National Park Guide,https://www.national-parks.us/hot-springs-national-park,link,NPS Hiking Trail Recommendations page,https://www.nps.gov/hosp/planyourvisit/trails.htm
Hot Springs National Park Guide,https://www.national-parks.us/hot-springs-national-park,link,NPS Hiking Trails page,https://www.nps.gov/hosp/planyourvisit/trails.htm
Hot Springs National Park Guide,https://www.national-parks.us/hot-springs-national-park,link,NPS Hiking page,https://www.nps.gov/hosp/planyourvisit/trails.htm
Hot Springs National Park Guide,https://www.national-parks.us/hot-springs-national-park,link,NPS Trails page,https://www.nps.gov/hosp/planyourvisit/trails.htm
Hot Springs National Park Guide,https://www.national-parks.us/hot-springs-national-park,link,Sunset Trail,https://www.nps.gov/hosp/planyourvisit/sunset-trail.htm
Hot Springs National Park Guide,https://www.national-parks.us/hot-springs-national-park,link,West Mountain Trail,https://www.nps.gov/hosp/planyourvisit/trails.htm
Indiana Dunes National Park Guide,https://www.national-parks.us/indiana-dunes-national-park,link,Cowles Bog Trail,https://www.nps.gov/indu/planyourvisit/cb16.htm
Indiana Dunes National Park Guide,https://www.national-parks.us/indiana-dunes-national-park,link,Dune Succession Trail,https://www.nps.gov/indu/planyourvisit/hiking.htm
Indiana Dunes National Park Guide,https://www.national-parks.us/indiana-dunes-national-park,link,Glenwood Dunes Trail,https://www.nps.gov/indu/planyourvisit/gd16.htm
Indiana Dunes National Park Guide,https://www.national-parks.us/indiana-dunes-national-park,link,NPS Hiking Trail Recommendations page,https://www.nps.gov/indu/planyourvisit/hiking.htm
Indiana Dunes National Park Guide,https://www.national-parks.us/indiana-dunes-national-park,link,NPS Hiking Trails page,https://www.nps.gov/indu/planyourvisit/hiking.htm
Indiana Dunes National Park Guide,https://www.national-parks.us/indiana-dunes-national-park,link,NPS Hiking page,https://www.nps.gov/indu/planyourvisit/hiking.htm
Indiana Dunes National Park Guide,https://www.national-parks.us/indiana-dunes-national-park,link,NPS Trails page,https://www.nps.gov/indu/planyourvisit/hiking.htm
Indiana Dunes National Park Guide,https://www.national-parks.us/indiana-dunes-national-park,link,West Beach Loop,https://www.nps.gov/indu/planyourvisit/wb16.htm
Kenai Fjords National Park Guide,https://www.national-parks.us/kenai-fjords-national-park,link,Exit Glacier Nature Trail,https://www.nps.gov/kefj/planyourvisit/hiking.htm
Kenai Fjords National Park Guide,https://www.national-parks.us/kenai-fjords-national-park,link,Exit Glacier Overlook Trail,https://www.nps.gov/kefj/planyourvisit/hiking.htm
Kenai Fjords National Park Guide,https://www.national-parks.us/kenai-fjords-national-park,link,Glacier View Loop,https://www.nps.gov/kefj/planyourvisit/hiking.htm
Kenai Fjords National Park Guide,https://www.national-parks.us/kenai-fjords-national-park,link,Harding Icefield Trail,https://www.nps.gov/kefj/planyourvisit/harding_icefield_trail.htm
Kenai Fjords National Park Guide,https://www.national-parks.us/kenai-fjords-national-park,link,NPS Hiking Trail Recommendations page,https://www.nps.gov/kefj/planyourvisit/hiking.htm
Kenai Fjords National Park Guide,https://www.national-parks.us/kenai-fjords-national-park,link,NPS Hiking Trails page,https://www.nps.gov/kefj/planyourvisit/hiking.htm
Kenai Fjords National Park Guide,https://www.national-parks.us/kenai-fjords-national-park,link,NPS Hiking page,https://www.nps.gov/kefj/planyourvisit/hiking.htm
Kenai Fjords National Park Guide,https://www.national-parks.us/kenai-fjords-national-park,link,NPS Trails page,https://www.nps.gov/kefj/planyourvisit/hiking.htm
Mesa Verde National Park Guide,https://www.national-parks.us/mesa-verde-national-park,link,NPS Hiking Trail Recommendations page,https://www.nps.gov/meve/planyourvisit/hiking.htm
Mesa Verde National Park Guide,https://www.national-parks.us/mesa-verde-national-park,link,NPS Hiking Trails page,https://www.nps.gov/meve/planyourvisit/hiking.htm
Mesa Verde National Park Guide,https://www.national-parks.us/mesa-verde-national-park,link,NPS Hiking page,https://www.nps.gov/meve/planyourvisit/hiking.htm
Mesa Verde National Park Guide,https://www.national-parks.us/mesa-verde-national-park,link,NPS Trails page,https://www.nps.gov/meve/planyourvisit/hiking.htm
Mesa Verde National Park Guide,https://www.national-parks.us/mesa-verde-national-park,link,Petroglyph Point Trail,https://www.nps.gov/places/place-ppt-trail.htm
Mesa Verde National Park Guide,https://www.national-parks.us/mesa-verde-national-park,link,Point Lookout Trail,https://www.nps.gov/meve/planyourvisit/hiking.htm
Mesa Verde National Park Guide,https://www.national-parks.us/mesa-verde-national-park,link,Prater Ridge Trail,https://www.nps.gov/meve/planyourvisit/hiking.htm
Mesa Verde National Park Guide,https://www.national-parks.us/mesa-verde-national-park,link,Soda Canyon Overlook Trail,https://www.nps.gov/meve/planyourvisit/hiking.htm
Mesa Verde National Park Guide,https://www.national-parks.us/mesa-verde-national-park,link,Spruce Canyon Trail,https://www.nps.gov/meve/planyourvisit/hiking.htm
National Park of American Samoa Guide,https://www.national-parks.us/national-park-of-american-samoa,link,Blunts Point Trail,https://www.nps.gov/npsa/planyourvisit/hiking.htm
National Park of American Samoa Guide,https://www.national-parks.us/national-park-of-american-samoa,link,Lower Sauma Ridge Trail,https://www.nps.gov/npsa/planyourvisit/hiking.htm
National Park of American Samoa Guide,https://www.national-parks.us/national-park-of-american-samoa,link,Mount Alava Trail,https://www.nps.gov/npsa/planyourvisit/hiking.htm
National Park of American Samoa Guide,https://www.national-parks.us/national-park-of-american-samoa,link,NPS Hiking Trail Recommendations page,https://www.nps.gov/npsa/planyourvisit/hiking.htm
National Park of American Samoa Guide,https://www.national-parks.us/national-park-of-american-samoa,link,NPS Hiking Trails page,https://www.nps.gov/npsa/planyourvisit/hiking.htm
National Park of American Samoa Guide,https://www.national-parks.us/national-park-of-american-samoa,link,NPS Hiking page,https://www.nps.gov/npsa/planyourvisit/hiking.htm
National Park of American Samoa Guide,https://www.national-parks.us/national-park-of-american-samoa,link,NPS Trails page,https://www.nps.gov/npsa/planyourvisit/hiking.htm
National Park of American Samoa Guide,https://www.national-parks.us/national-park-of-american-samoa,link,Pola Island Trail,https://www.nps.gov/npsa/planyourvisit/hiking.htm
National Park of American Samoa Guide,https://www.national-parks.us/national-park-of-american-samoa,link,Tuafanua Trail,https://www.nps.gov/npsa/planyourvisit/hiking.htm
Pinnacles National Park Guide,https://www.national-parks.us/pinnacles-national-park,link,Chalone Peak Trail,https://www.nps.gov/pinn/planyourvisit/trails.htm
Pinnacles National Park Guide,https://www.national-parks.us/pinnacles-national-park,link,Condor Gulch,https://www.nps.gov/pinn/planyourvisit/trails.htm
Pinnacles National Park Guide,https://www.national-parks.us/pinnacles-national-park,link,High Peaks,https://www.nps.gov/pinn/planyourvisit/trails.htm
Pinnacles National Park Guide,https://www.national-parks.us/pinnacles-national-park,link,Moses Spring,https://www.nps.gov/pinn/planyourvisit/trails.htm
Pinnacles National Park Guide,https://www.national-parks.us/pinnacles-national-park,link,NPS Hiking Trail Recommendations page,https://www.nps.gov/pinn/planyourvisit/trails.htm
Pinnacles National Park Guide,https://www.national-parks.us/pinnacles-national-park,link,NPS Hiking Trails page,https://www.nps.gov/pinn/planyourvisit/trails.htm
Pinnacles National Park Guide,https://www.national-parks.us/pinnacles-national-park,link,NPS Hiking page,https://www.nps.gov/pinn/planyourvisit/trails.htm
Pinnacles National Park Guide,https://www.national-parks.us/pinnacles-national-park,link,NPS Trails page,https://www.nps.gov/pinn/planyourvisit/trails.htm
Pinnacles National Park Guide,https://www.national-parks.us/pinnacles-national-park,link,Old Pinnacles Trail,https://www.nps.gov/pinn/planyourvisit/trails.htm
Saguaro National Park Guide,https://www.national-parks.us/saguaro-national-park,link,Freeman Homestead Trail,https://www.nps.gov/sagu/planyourvisit/saguaro_hiking.htm
Saguaro National Park Guide,https://www.national-parks.us/saguaro-national-park,link,Hope Camp and Ridgeview Trail,https://www.nps.gov/sagu/planyourvisit/saguaro_hiking.htm
Saguaro National Park Guide,https://www.national-parks.us/saguaro-national-park,link,King Canyon and Gould Mine Loop,https://www.nps.gov/sagu/planyourvisit/saguaro_hiking.htm
Saguaro National Park Guide,https://www.national-parks.us/saguaro-national-park,link,Loma Verde Loop,https://www.nps.gov/sagu/planyourvisit/saguaro_hiking.htm
Saguaro National Park Guide,https://www.national-parks.us/saguaro-national-park,link,NPS Hiking Trail Recommendations page,https://www.nps.gov/sagu/planyourvisit/saguaro_hiking.htm
Saguaro National Park Guide,https://www.national-parks.us/saguaro-national-park,link,NPS Hiking Trails page,https://www.nps.gov/sagu/planyourvisit/saguaro_hiking.htm
Saguaro National Park Guide,https://www.national-parks.us/saguaro-national-park,link,NPS Trails page,https://www.nps.gov/sagu/planyourvisit/saguaro_hiking.htm
Saguaro National Park Guide,https://www.national-parks.us/saguaro-national-park,link,Sendero Esperanza,https://www.nps.gov/sagu/planyourvisit/saguaro_hiking.htm
Voyageurs National Park Guide,https://www.national-parks.us/voyageurs-national-park,link,Anderson Bay Trail,https://www.nps.gov/voya/planyourvisit/hiking-trails.htm
Voyageurs National Park Guide,https://www.national-parks.us/voyageurs-national-park,link,Blind Ash Bay Trail,https://www.nps.gov/voya/planyourvisit/hiking-trails.htm
Voyageurs National Park Guide,https://www.national-parks.us/voyageurs-national-park,link,Echo Bay Trail,https://www.nps.gov/voya/planyourvisit/hiking-trails.htm
Voyageurs National Park Guide,https://www.national-parks.us/voyageurs-national-park,link,Kab-Ash Trail,https://www.nps.gov/voya/planyourvisit/hiking-trails.htm
Voyageurs National Park Guide,https://www.national-parks.us/voyageurs-national-park,link,NPS Hiking Trail Recommendations page,https://www.nps.gov/voya/planyourvisit/hiking-trails.htm
Voyageurs National Park Guide,https://www.national-parks.us/voyageurs-national-park,link,NPS Hiking Trails page,https://www.nps.gov/voya/planyourvisit/hiking-trails.htm
Voyageurs National Park Guide,https://www.national-parks.us/voyageurs-national-park,link,NPS Hiking page,https://www.nps.gov/voya/planyourvisit/hiking-trails.htm
Voyageurs National Park Guide,https://www.national-parks.us/voyageurs-national-park,link,NPS Trails page,https://www.nps.gov/voya/planyourvisit/hiking-trails.htm
Voyageurs National Park Guide,https://www.national-parks.us/voyageurs-national-park,link,Oberholtzer Trail,https://www.nps.gov/voya/planyourvisit/hiking-trails.htm
White Sands National Park Guide,https://www.national-parks.us/white-sands-national-park,link,Alkali Flat Trail,https://www.nps.gov/thingstodo/hiking-alkali-flat-trail.htm
White Sands National Park Guide,https://www.national-parks.us/white-sands-national-park,link,Backcountry Camping Trail,https://www.nps.gov/whsa/planyourvisit/backpackingpr.htm
White Sands National Park Guide,https://www.national-parks.us/white-sands-national-park,link,Dune Life Nature Trail,https://www.nps.gov/thingstodo/hiking-dune-life-nature-trail.htm
White Sands National Park Guide,https://www.national-parks.us/white-sands-national-park,link,Interdune Boardwalk,https://www.nps.gov/thingstodo/hiking-interdune-boardwalk.htm
White Sands National Park Guide,https://www.national-parks.us/white-sands-national-park,link,NPS Hiking Trail Recommendations page,https://www.nps.gov/whsa/planyourvisit/trails.htm
White Sands National Park Guide,https://www.national-parks.us/white-sands-national-park,link,NPS Hiking Trails page,https://www.nps.gov/whsa/planyourvisit/trails.htm
White Sands National Park Guide,https://www.national-parks.us/white-sands-national-park,link,NPS Trails page,https://www.nps.gov/whsa/planyourvisit/trails.htm
White Sands National Park Guide,https://www.national-parks.us/white-sands-national-park,link,Playa Trail,https://www.nps.gov/thingstodo/hiking-the-playa-trail.htm
Wind Cave National Park Guide,https://www.national-parks.us/wind-cave-national-park,link,Cold Brook Canyon Trail,https://www.nps.gov/places/cold-brook-canyon-trail.htm
Wind Cave National Park Guide,https://www.national-parks.us/wind-cave-national-park,link,Highland Creek Trail,https://www.nps.gov/places/highland-creek-trail.htm
Wind Cave National Park Guide,https://www.national-parks.us/wind-cave-national-park,link,Lookout Point Trail,https://www.nps.gov/places/lookout-point-trail.htm
Wind Cave National Park Guide,https://www.national-parks.us/wind-cave-national-park,link,NPS Hiking Trail Recommendations page,https://www.nps.gov/wica/planyourvisit/hiking.htm
Wind Cave National Park Guide,https://www.national-parks.us/wind-cave-national-park,link,NPS Hiking Trails page,https://www.nps.gov/wica/planyourvisit/hiking.htm
Wind Cave National Park Guide,https://www.national-parks.us/wind-cave-national-park,link,NPS Trails page,https://www.nps.gov/wica/planyourvisit/hiking.htm
Wind Cave National Park Guide,https://www.national-parks.us/wind-cave-national-park,link,Prairie Vista Trail,https://www.nps.gov/wica/planyourvisit/hiking.htm
Wind Cave National Park Guide,https://www.national-parks.us/wind-cave-national-park,link,Rankin Ridge Nature Trail,https://www.nps.gov/places/rankin-ridge-nature-trail.htm
Badlands National Park Guide,https://www.national-parks.us/badlands-national-park,link,NPS Things To Do page,https://www.nps.gov/badl/planyourvisit/things2do.htm
Biscayne National Park Guide,https://www.national-parks.us/biscayne-national-park,link,NPS Things To Do page,https://www.nps.gov/bisc/planyourvisit/things2do.htm
Canyonlands National Park Guide,https://www.national-parks.us/canyonlands-national-park,link,NPS Things To Do page,https://www.nps.gov/cany/planyourvisit/things2do.htm
Capitol Reef National Park Guide,https://www.national-parks.us/capitol-reef-national-park,link,NPS Things To Do page,https://www.nps.gov/care/planyourvisit/things2do.htm
Carlsbad Caverns National Park Guide,https://www.national-parks.us/carlsbad-caverns-national-park,link,NPS Things To Do page,https://www.nps.gov/cave/planyourvisit/things2do.htm
Congaree National Park Guide,https://www.national-parks.us/congaree-national-park,link,NPS Things To Do page,https://www.nps.gov/cong/planyourvisit/things2do.htm
Cuyahoga Valley National Park Guide,https://www.national-parks.us/cuyahoga-valley-national-park,link,NPS Things To Do page,https://www.nps.gov/cuva/planyourvisit/things2do.htm
Death Valley National Park Guide,https://www.national-parks.us/death-valley-national-park,link,NPS Things To Do page,https://www.nps.gov/deva/planyourvisit/things2do.htm
Dry Tortugas National Park Guide,https://www.national-parks.us/dry-tortugas-national-park,link,NPS Things To Do page,https://www.nps.gov/drto/planyourvisit/things2do.htm
Gates of the Arctic National Park and Preserve Guide,https://www.national-parks.us/gates-of-the-arctic-national-park,link,NPS Things To Do page,https://www.nps.gov/gaar/planyourvisit/things2do.htm
Gateway Arch National Park Guide,https://www.national-parks.us/gateway-arch-national-park,link,NPS Things To Do page,https://www.nps.gov/jeff/planyourvisit/things2do.htm
Great Basin National Park Guide,https://www.national-parks.us/great-basin-national-park,link,NPS Things To Do page,https://www.nps.gov/grba/planyourvisit/things2do.htm
Great Sand Dunes National Park and Preserve Guide,https://www.national-parks.us/great-sand-dunes-national-park,link,NPS Things To Do page,https://www.nps.gov/grsa/planyourvisit/things2do.htm
Hot Springs National Park Guide,https://www.national-parks.us/hot-springs-national-park,link,NPS Things To Do page,https://www.nps.gov/hosp/planyourvisit/things2do.htm
Indiana Dunes National Park Guide,https://www.national-parks.us/indiana-dunes-national-park,link,NPS Things To Do page,https://www.nps.gov/indu/planyourvisit/things2do.htm
Kenai Fjords National Park Guide,https://www.national-parks.us/kenai-fjords-national-park,link,NPS Things To Do page,https://www.nps.gov/kefj/planyourvisit/things2do.htm
Kobuk Valley National Park Guide,https://www.national-parks.us/kobuk-valley-national-park,link,NPS Things To Do page,https://www.nps.gov/kova/planyourvisit/things2do.htm
Lake Clark National Park Guide,https://www.national-parks.us/lake-clark-national-park,link,NPS Things To Do page,https://www.nps.gov/lacl/planyourvisit/things2do.htm
Mesa Verde National Park Guide,https://www.national-parks.us/mesa-verde-national-park,link,Things To Do,https://www.nps.gov/meve/planyourvisit/things2do.htm
Mesa Verde National Park Guide,https://www.national-parks.us/mesa-verde-national-park,link,NPS Things To Do page,https://www.nps.gov/meve/planyourvisit/things2do.htm
National Park of American Samoa Guide,https://www.national-parks.us/national-park-of-american-samoa,link,Things To Do,https://www.nps.gov/npsa/planyourvisit/things2do.htm
National Park of American Samoa Guide,https://www.national-parks.us/national-park-of-american-samoa,link,NPS Things To Do page,https://www.nps.gov/npsa/planyourvisit/things2do.htm
Pinnacles National Park Guide,https://www.national-parks.us/pinnacles-national-park,link,Things To Do,https://www.nps.gov/pinn/planyourvisit/things2do.htm
Pinnacles National Park Guide,https://www.national-parks.us/pinnacles-national-park,link,NPS Things To Do page,https://www.nps.gov/pinn/planyourvisit/things2do.htm
Saguaro National Park Guide,https://www.national-parks.us/saguaro-national-park,link,Things To Do,https://www.nps.gov/sagu/planyourvisit/things2do.htm
Saguaro National Park Guide,https://www.national-parks.us/saguaro-national-park,link,NPS Things To Do page,https://www.nps.gov/sagu/planyourvisit/things2do.htm
Voyageurs National Park Guide,https://www.national-parks.us/voyageurs-national-park,link,NPS Things To Do page,https://www.nps.gov/voya/planyourvisit/things2do.htm
White Sands National Park Guide,https://www.national-parks.us/white-sands-national-park,link,Things To Do,https://www.nps.gov/whsa/planyourvisit/things2do.htm
White Sands National Park Guide,https://www.national-parks.us/white-sands-national-park,link,NPS Things To Do page,https://www.nps.gov/whsa/planyourvisit/things2do.htm
Wind Cave National Park Guide,https://www.national-parks.us/wind-cave-national-park,link,Things To Do,https://www.nps.gov/wica/planyourvisit/things2do.htm
Wind Cave National Park Guide,https://www.national-parks.us/wind-cave-national-park,link,NPS Things To Do page,https://www.nps.gov/wica/planyourvisit/things2do.htm
Indiana Dunes National Park Guide,https://www.national-parks.us/indiana-dunes-national-park,link,"Bailly Homestead, Chellberg Farm, and Little Calumet River Trail",https://www.nps.gov/indu/planyourvisit/bc16.htm
Congaree National Park Guide,https://www.national-parks.us/congaree-national-park,link,Trail Information,https://www.nps.gov/cong/planyourvisit/trail-information.htm
Congaree National Park Guide,https://www.national-parks.us/congaree-national-park,link,Park Trail Guide,https://www.nps.gov/cong/planyourvisit/upload/CONG-Trails-2025.pdf
